$date
	Tue Oct  6 12:16:54 2026
$end
$version
	Icarus Verilog
$end
$timescale
	1ps
$end
$scope module tb_aux_rx_adc $end
$var wire 18 ! vout [17:0] $end
$var wire 1 " overflow $end
$var wire 11 # code [10:0] $end
$var reg 1 $ clk $end
$var reg 1 % data $end
$var reg 1 & rst_n $end
$var integer 32 ' errors [31:0] $end
$var integer 32 ( exp_code [31:0] $end
$var real 1 ) fixed_mv $end
$var real 1 * lsb $end
$var integer 32 + n [31:0] $end
$var real 1 , prev_mv $end
$var real 1 - vout_mv $end
$scope module dut $end
$var wire 1 $ clk $end
$var wire 1 % data $end
$var wire 1 & rst_n $end
$var parameter 7 . FIXED $end
$var reg 11 / code [10:0] $end
$var reg 1 " overflow $end
$var reg 18 0 vout [17:0] $end
$upscope $end
$upscope $end
$enddefinitions $end
$comment Show the parameter values. $end
$dumpall
b1001011 .
$end
#0
$dumpvars
bx 0
bx /
r0 -
r0 ,
bx +
r1.171875 *
r0 )
bx (
b0 '
0&
0%
0$
bx #
x"
bx !
$end
#500000
0"
b0 #
b0 /
b0 !
b0 0
1$
#1000000
0$
#1500000
1$
#2000000
1&
0$
#2500000
1$
#3000000
1%
b0 (
b0 +
0$
#3500000
b1 #
b1 /
b1001011 !
b1001011 0
1$
#4000000
b1 (
r1.171875 )
r1.171875 -
b1 +
1%
0$
#4500000
b10 #
b10 /
b10010110 !
b10010110 0
1$
#5000000
b10 (
r1.171875 ,
r2.34375 -
b10 +
1%
0$
#5500000
b11 #
b11 /
b11100001 !
b11100001 0
1$
#6000000
b11 (
r2.34375 ,
r3.515625 -
b11 +
1%
0$
#6500000
b100 #
b100 /
b100101100 !
b100101100 0
1$
#7000000
b100 (
r3.515625 ,
r4.6875 -
b100 +
1%
0$
#7500000
b101 #
b101 /
b101110111 !
b101110111 0
1$
#8000000
b101 (
r4.6875 ,
r5.859375 -
b101 +
1%
0$
#8500000
b110 #
b110 /
b111000010 !
b111000010 0
1$
#9000000
b110 (
r5.859375 ,
r7.03125 -
b110 +
1%
0$
#9500000
b111 #
b111 /
b1000001101 !
b1000001101 0
1$
#10000000
b111 (
r7.03125 ,
r8.203125 -
b111 +
1%
0$
#10500000
b1000 #
b1000 /
b1001011000 !
b1001011000 0
1$
#11000000
b1000 (
r8.203125 ,
r9.375 -
b1000 +
1%
0$
#11500000
b1001 #
b1001 /
b1010100011 !
b1010100011 0
1$
#12000000
b1001 (
r9.375 ,
r10.546875 -
b1001 +
1%
0$
#12500000
b1010 #
b1010 /
b1011101110 !
b1011101110 0
1$
#13000000
b1010 (
r10.546875 ,
r11.71875 -
b1010 +
1%
0$
#13500000
b1011 #
b1011 /
b1100111001 !
b1100111001 0
1$
#14000000
b1011 (
r11.71875 ,
r12.890625 -
b1011 +
1%
0$
#14500000
b1100 #
b1100 /
b1110000100 !
b1110000100 0
1$
#15000000
b1100 (
r12.890625 ,
r14.0625 -
b1100 +
1%
0$
#15500000
b1101 #
b1101 /
b1111001111 !
b1111001111 0
1$
#16000000
b1101 (
r14.0625 ,
r15.234375 -
b1101 +
1%
0$
#16500000
b1110 #
b1110 /
b10000011010 !
b10000011010 0
1$
#17000000
b1110 (
r15.234375 ,
r16.40625 -
b1110 +
1%
0$
#17500000
b1111 #
b1111 /
b10001100101 !
b10001100101 0
1$
#18000000
b1111 (
r16.40625 ,
r17.578125 -
b1111 +
1%
0$
#18500000
b10000 #
b10000 /
b10010110000 !
b10010110000 0
1$
#19000000
b10000 (
r17.578125 ,
r18.75 -
b10000 +
1%
0$
#19500000
b10001 #
b10001 /
b10011111011 !
b10011111011 0
1$
#20000000
b10001 (
r18.75 ,
r19.921875 -
b10001 +
1%
0$
#20500000
b10010 #
b10010 /
b10101000110 !
b10101000110 0
1$
#21000000
b10010 (
r19.921875 ,
r21.09375 -
b10010 +
1%
0$
#21500000
b10011 #
b10011 /
b10110010001 !
b10110010001 0
1$
#22000000
b10011 (
r21.09375 ,
r22.265625 -
b10011 +
1%
0$
#22500000
b10100 #
b10100 /
b10111011100 !
b10111011100 0
1$
#23000000
b10100 (
r22.265625 ,
r23.4375 -
b10100 +
1%
0$
#23500000
b10101 #
b10101 /
b11000100111 !
b11000100111 0
1$
#24000000
b10101 (
r23.4375 ,
r24.609375 -
b10101 +
1%
0$
#24500000
b10110 #
b10110 /
b11001110010 !
b11001110010 0
1$
#25000000
b10110 (
r24.609375 ,
r25.78125 -
b10110 +
1%
0$
#25500000
b10111 #
b10111 /
b11010111101 !
b11010111101 0
1$
#26000000
b10111 (
r25.78125 ,
r26.953125 -
b10111 +
1%
0$
#26500000
b11000 #
b11000 /
b11100001000 !
b11100001000 0
1$
#27000000
b11000 (
r26.953125 ,
r28.125 -
b11000 +
1%
0$
#27500000
b11001 #
b11001 /
b11101010011 !
b11101010011 0
1$
#28000000
b11001 (
r28.125 ,
r29.296875 -
b11001 +
1%
0$
#28500000
b11010 #
b11010 /
b11110011110 !
b11110011110 0
1$
#29000000
b11010 (
r29.296875 ,
r30.46875 -
b11010 +
1%
0$
#29500000
b11011 #
b11011 /
b11111101001 !
b11111101001 0
1$
#30000000
b11011 (
r30.46875 ,
r31.640625 -
b11011 +
1%
0$
#30500000
b11100 #
b11100 /
b100000110100 !
b100000110100 0
1$
#31000000
b11100 (
r31.640625 ,
r32.8125 -
b11100 +
1%
0$
#31500000
b11101 #
b11101 /
b100001111111 !
b100001111111 0
1$
#32000000
b11101 (
r32.8125 ,
r33.984375 -
b11101 +
1%
0$
#32500000
b11110 #
b11110 /
b100011001010 !
b100011001010 0
1$
#33000000
b11110 (
r33.984375 ,
r35.15625 -
b11110 +
1%
0$
#33500000
b11111 #
b11111 /
b100100010101 !
b100100010101 0
1$
#34000000
b11111 (
r35.15625 ,
r36.328125 -
b11111 +
1%
0$
#34500000
b100000 #
b100000 /
b100101100000 !
b100101100000 0
1$
#35000000
b100000 (
r36.328125 ,
r37.5 -
b100000 +
1%
0$
#35500000
b100001 #
b100001 /
b100110101011 !
b100110101011 0
1$
#36000000
b100001 (
r37.5 ,
r38.671875 -
b100001 +
1%
0$
#36500000
b100010 #
b100010 /
b100111110110 !
b100111110110 0
1$
#37000000
b100010 (
r38.671875 ,
r39.84375 -
b100010 +
1%
0$
#37500000
b100011 #
b100011 /
b101001000001 !
b101001000001 0
1$
#38000000
b100011 (
r39.84375 ,
r41.015625 -
b100011 +
1%
0$
#38500000
b100100 #
b100100 /
b101010001100 !
b101010001100 0
1$
#39000000
b100100 (
r41.015625 ,
r42.1875 -
b100100 +
1%
0$
#39500000
b100101 #
b100101 /
b101011010111 !
b101011010111 0
1$
#40000000
b100101 (
r42.1875 ,
r43.359375 -
b100101 +
1%
0$
#40500000
b100110 #
b100110 /
b101100100010 !
b101100100010 0
1$
#41000000
b100110 (
r43.359375 ,
r44.53125 -
b100110 +
1%
0$
#41500000
b100111 #
b100111 /
b101101101101 !
b101101101101 0
1$
#42000000
b100111 (
r44.53125 ,
r45.703125 -
b100111 +
1%
0$
#42500000
b101000 #
b101000 /
b101110111000 !
b101110111000 0
1$
#43000000
b101000 (
r45.703125 ,
r46.875 -
b101000 +
1%
0$
#43500000
b101001 #
b101001 /
b110000000011 !
b110000000011 0
1$
#44000000
b101001 (
r46.875 ,
r48.046875 -
b101001 +
1%
0$
#44500000
b101010 #
b101010 /
b110001001110 !
b110001001110 0
1$
#45000000
b101010 (
r48.046875 ,
r49.21875 -
b101010 +
1%
0$
#45500000
b101011 #
b101011 /
b110010011001 !
b110010011001 0
1$
#46000000
b101011 (
r49.21875 ,
r50.390625 -
b101011 +
1%
0$
#46500000
b101100 #
b101100 /
b110011100100 !
b110011100100 0
1$
#47000000
b101100 (
r50.390625 ,
r51.5625 -
b101100 +
1%
0$
#47500000
b101101 #
b101101 /
b110100101111 !
b110100101111 0
1$
#48000000
b101101 (
r51.5625 ,
r52.734375 -
b101101 +
1%
0$
#48500000
b101110 #
b101110 /
b110101111010 !
b110101111010 0
1$
#49000000
b101110 (
r52.734375 ,
r53.90625 -
b101110 +
1%
0$
#49500000
b101111 #
b101111 /
b110111000101 !
b110111000101 0
1$
#50000000
b101111 (
r53.90625 ,
r55.078125 -
b101111 +
1%
0$
#50500000
b110000 #
b110000 /
b111000010000 !
b111000010000 0
1$
#51000000
b110000 (
r55.078125 ,
r56.25 -
b110000 +
1%
0$
#51500000
b110001 #
b110001 /
b111001011011 !
b111001011011 0
1$
#52000000
b110001 (
r56.25 ,
r57.421875 -
b110001 +
1%
0$
#52500000
b110010 #
b110010 /
b111010100110 !
b111010100110 0
1$
#53000000
b110010 (
r57.421875 ,
r58.59375 -
b110010 +
1%
0$
#53500000
b110011 #
b110011 /
b111011110001 !
b111011110001 0
1$
#54000000
b110011 (
r58.59375 ,
r59.765625 -
b110011 +
1%
0$
#54500000
b110100 #
b110100 /
b111100111100 !
b111100111100 0
1$
#55000000
b110100 (
r59.765625 ,
r60.9375 -
b110100 +
1%
0$
#55500000
b110101 #
b110101 /
b111110000111 !
b111110000111 0
1$
#56000000
b110101 (
r60.9375 ,
r62.109375 -
b110101 +
1%
0$
#56500000
b110110 #
b110110 /
b111111010010 !
b111111010010 0
1$
#57000000
b110110 (
r62.109375 ,
r63.28125 -
b110110 +
1%
0$
#57500000
b110111 #
b110111 /
b1000000011101 !
b1000000011101 0
1$
#58000000
b110111 (
r63.28125 ,
r64.453125 -
b110111 +
1%
0$
#58500000
b111000 #
b111000 /
b1000001101000 !
b1000001101000 0
1$
#59000000
b111000 (
r64.453125 ,
r65.625 -
b111000 +
1%
0$
#59500000
b111001 #
b111001 /
b1000010110011 !
b1000010110011 0
1$
#60000000
b111001 (
r65.625 ,
r66.796875 -
b111001 +
1%
0$
#60500000
b111010 #
b111010 /
b1000011111110 !
b1000011111110 0
1$
#61000000
b111010 (
r66.796875 ,
r67.96875 -
b111010 +
1%
0$
#61500000
b111011 #
b111011 /
b1000101001001 !
b1000101001001 0
1$
#62000000
b111011 (
r67.96875 ,
r69.140625 -
b111011 +
1%
0$
#62500000
b111100 #
b111100 /
b1000110010100 !
b1000110010100 0
1$
#63000000
b111100 (
r69.140625 ,
r70.3125 -
b111100 +
1%
0$
#63500000
b111101 #
b111101 /
b1000111011111 !
b1000111011111 0
1$
#64000000
b111101 (
r70.3125 ,
r71.484375 -
b111101 +
1%
0$
#64500000
b111110 #
b111110 /
b1001000101010 !
b1001000101010 0
1$
#65000000
b111110 (
r71.484375 ,
r72.65625 -
b111110 +
1%
0$
#65500000
b111111 #
b111111 /
b1001001110101 !
b1001001110101 0
1$
#66000000
b111111 (
r72.65625 ,
r73.828125 -
b111111 +
1%
0$
#66500000
b1000000 #
b1000000 /
b1001011000000 !
b1001011000000 0
1$
#67000000
b1000000 (
r73.828125 ,
r75 -
b1000000 +
1%
0$
#67500000
b1000001 #
b1000001 /
b1001100001011 !
b1001100001011 0
1$
#68000000
b1000001 (
r75 ,
r76.171875 -
b1000001 +
1%
0$
#68500000
b1000010 #
b1000010 /
b1001101010110 !
b1001101010110 0
1$
#69000000
b1000010 (
r76.171875 ,
r77.34375 -
b1000010 +
1%
0$
#69500000
b1000011 #
b1000011 /
b1001110100001 !
b1001110100001 0
1$
#70000000
b1000011 (
r77.34375 ,
r78.515625 -
b1000011 +
1%
0$
#70500000
b1000100 #
b1000100 /
b1001111101100 !
b1001111101100 0
1$
#71000000
b1000100 (
r78.515625 ,
r79.6875 -
b1000100 +
1%
0$
#71500000
b1000101 #
b1000101 /
b1010000110111 !
b1010000110111 0
1$
#72000000
b1000101 (
r79.6875 ,
r80.859375 -
b1000101 +
1%
0$
#72500000
b1000110 #
b1000110 /
b1010010000010 !
b1010010000010 0
1$
#73000000
b1000110 (
r80.859375 ,
r82.03125 -
b1000110 +
1%
0$
#73500000
b1000111 #
b1000111 /
b1010011001101 !
b1010011001101 0
1$
#74000000
b1000111 (
r82.03125 ,
r83.203125 -
b1000111 +
1%
0$
#74500000
b1001000 #
b1001000 /
b1010100011000 !
b1010100011000 0
1$
#75000000
b1001000 (
r83.203125 ,
r84.375 -
b1001000 +
1%
0$
#75500000
b1001001 #
b1001001 /
b1010101100011 !
b1010101100011 0
1$
#76000000
b1001001 (
r84.375 ,
r85.546875 -
b1001001 +
1%
0$
#76500000
b1001010 #
b1001010 /
b1010110101110 !
b1010110101110 0
1$
#77000000
b1001010 (
r85.546875 ,
r86.71875 -
b1001010 +
1%
0$
#77500000
b1001011 #
b1001011 /
b1010111111001 !
b1010111111001 0
1$
#78000000
b1001011 (
r86.71875 ,
r87.890625 -
b1001011 +
1%
0$
#78500000
b1001100 #
b1001100 /
b1011001000100 !
b1011001000100 0
1$
#79000000
b1001100 (
r87.890625 ,
r89.0625 -
b1001100 +
1%
0$
#79500000
b1001101 #
b1001101 /
b1011010001111 !
b1011010001111 0
1$
#80000000
b1001101 (
r89.0625 ,
r90.234375 -
b1001101 +
1%
0$
#80500000
b1001110 #
b1001110 /
b1011011011010 !
b1011011011010 0
1$
#81000000
b1001110 (
r90.234375 ,
r91.40625 -
b1001110 +
1%
0$
#81500000
b1001111 #
b1001111 /
b1011100100101 !
b1011100100101 0
1$
#82000000
b1001111 (
r91.40625 ,
r92.578125 -
b1001111 +
1%
0$
#82500000
b1010000 #
b1010000 /
b1011101110000 !
b1011101110000 0
1$
#83000000
b1010000 (
r92.578125 ,
r93.75 -
b1010000 +
1%
0$
#83500000
b1010001 #
b1010001 /
b1011110111011 !
b1011110111011 0
1$
#84000000
b1010001 (
r93.75 ,
r94.921875 -
b1010001 +
1%
0$
#84500000
b1010010 #
b1010010 /
b1100000000110 !
b1100000000110 0
1$
#85000000
b1010010 (
r94.921875 ,
r96.09375 -
b1010010 +
1%
0$
#85500000
b1010011 #
b1010011 /
b1100001010001 !
b1100001010001 0
1$
#86000000
b1010011 (
r96.09375 ,
r97.265625 -
b1010011 +
1%
0$
#86500000
b1010100 #
b1010100 /
b1100010011100 !
b1100010011100 0
1$
#87000000
b1010100 (
r97.265625 ,
r98.4375 -
b1010100 +
1%
0$
#87500000
b1010101 #
b1010101 /
b1100011100111 !
b1100011100111 0
1$
#88000000
b1010101 (
r98.4375 ,
r99.609375 -
b1010101 +
1%
0$
#88500000
b1010110 #
b1010110 /
b1100100110010 !
b1100100110010 0
1$
#89000000
b1010110 (
r99.609375 ,
r100.78125 -
b1010110 +
1%
0$
#89500000
b1010111 #
b1010111 /
b1100101111101 !
b1100101111101 0
1$
#90000000
b1010111 (
r100.78125 ,
r101.953125 -
b1010111 +
1%
0$
#90500000
b1011000 #
b1011000 /
b1100111001000 !
b1100111001000 0
1$
#91000000
b1011000 (
r101.953125 ,
r103.125 -
b1011000 +
1%
0$
#91500000
b1011001 #
b1011001 /
b1101000010011 !
b1101000010011 0
1$
#92000000
b1011001 (
r103.125 ,
r104.296875 -
b1011001 +
1%
0$
#92500000
b1011010 #
b1011010 /
b1101001011110 !
b1101001011110 0
1$
#93000000
b1011010 (
r104.296875 ,
r105.46875 -
b1011010 +
1%
0$
#93500000
b1011011 #
b1011011 /
b1101010101001 !
b1101010101001 0
1$
#94000000
b1011011 (
r105.46875 ,
r106.640625 -
b1011011 +
1%
0$
#94500000
b1011100 #
b1011100 /
b1101011110100 !
b1101011110100 0
1$
#95000000
b1011100 (
r106.640625 ,
r107.8125 -
b1011100 +
1%
0$
#95500000
b1011101 #
b1011101 /
b1101100111111 !
b1101100111111 0
1$
#96000000
b1011101 (
r107.8125 ,
r108.984375 -
b1011101 +
1%
0$
#96500000
b1011110 #
b1011110 /
b1101110001010 !
b1101110001010 0
1$
#97000000
b1011110 (
r108.984375 ,
r110.15625 -
b1011110 +
1%
0$
#97500000
b1011111 #
b1011111 /
b1101111010101 !
b1101111010101 0
1$
#98000000
b1011111 (
r110.15625 ,
r111.328125 -
b1011111 +
1%
0$
#98500000
b1100000 #
b1100000 /
b1110000100000 !
b1110000100000 0
1$
#99000000
b1100000 (
r111.328125 ,
r112.5 -
b1100000 +
1%
0$
#99500000
b1100001 #
b1100001 /
b1110001101011 !
b1110001101011 0
1$
#100000000
b1100001 (
r112.5 ,
r113.671875 -
b1100001 +
1%
0$
#100500000
b1100010 #
b1100010 /
b1110010110110 !
b1110010110110 0
1$
#101000000
b1100010 (
r113.671875 ,
r114.84375 -
b1100010 +
1%
0$
#101500000
b1100011 #
b1100011 /
b1110100000001 !
b1110100000001 0
1$
#102000000
b1100011 (
r114.84375 ,
r116.015625 -
b1100011 +
1%
0$
#102500000
b1100100 #
b1100100 /
b1110101001100 !
b1110101001100 0
1$
#103000000
b1100100 (
r116.015625 ,
r117.1875 -
b1100100 +
1%
0$
#103500000
b1100101 #
b1100101 /
b1110110010111 !
b1110110010111 0
1$
#104000000
b1100101 (
r117.1875 ,
r118.359375 -
b1100101 +
1%
0$
#104500000
b1100110 #
b1100110 /
b1110111100010 !
b1110111100010 0
1$
#105000000
b1100110 (
r118.359375 ,
r119.53125 -
b1100110 +
1%
0$
#105500000
b1100111 #
b1100111 /
b1111000101101 !
b1111000101101 0
1$
#106000000
b1100111 (
r119.53125 ,
r120.703125 -
b1100111 +
1%
0$
#106500000
b1101000 #
b1101000 /
b1111001111000 !
b1111001111000 0
1$
#107000000
b1101000 (
r120.703125 ,
r121.875 -
b1101000 +
1%
0$
#107500000
b1101001 #
b1101001 /
b1111011000011 !
b1111011000011 0
1$
#108000000
b1101001 (
r121.875 ,
r123.046875 -
b1101001 +
1%
0$
#108500000
b1101010 #
b1101010 /
b1111100001110 !
b1111100001110 0
1$
#109000000
b1101010 (
r123.046875 ,
r124.21875 -
b1101010 +
1%
0$
#109500000
b1101011 #
b1101011 /
b1111101011001 !
b1111101011001 0
1$
#110000000
b1101011 (
r124.21875 ,
r125.390625 -
b1101011 +
1%
0$
#110500000
b1101100 #
b1101100 /
b1111110100100 !
b1111110100100 0
1$
#111000000
b1101100 (
r125.390625 ,
r126.5625 -
b1101100 +
1%
0$
#111500000
b1101101 #
b1101101 /
b1111111101111 !
b1111111101111 0
1$
#112000000
b1101101 (
r126.5625 ,
r127.734375 -
b1101101 +
1%
0$
#112500000
b1101110 #
b1101110 /
b10000000111010 !
b10000000111010 0
1$
#113000000
b1101110 (
r127.734375 ,
r128.90625 -
b1101110 +
1%
0$
#113500000
b1101111 #
b1101111 /
b10000010000101 !
b10000010000101 0
1$
#114000000
b1101111 (
r128.90625 ,
r130.078125 -
b1101111 +
1%
0$
#114500000
b1110000 #
b1110000 /
b10000011010000 !
b10000011010000 0
1$
#115000000
b1110000 (
r130.078125 ,
r131.25 -
b1110000 +
1%
0$
#115500000
b1110001 #
b1110001 /
b10000100011011 !
b10000100011011 0
1$
#116000000
b1110001 (
r131.25 ,
r132.421875 -
b1110001 +
1%
0$
#116500000
b1110010 #
b1110010 /
b10000101100110 !
b10000101100110 0
1$
#117000000
b1110010 (
r132.421875 ,
r133.59375 -
b1110010 +
1%
0$
#117500000
b1110011 #
b1110011 /
b10000110110001 !
b10000110110001 0
1$
#118000000
b1110011 (
r133.59375 ,
r134.765625 -
b1110011 +
1%
0$
#118500000
b1110100 #
b1110100 /
b10000111111100 !
b10000111111100 0
1$
#119000000
b1110100 (
r134.765625 ,
r135.9375 -
b1110100 +
1%
0$
#119500000
b1110101 #
b1110101 /
b10001001000111 !
b10001001000111 0
1$
#120000000
b1110101 (
r135.9375 ,
r137.109375 -
b1110101 +
1%
0$
#120500000
b1110110 #
b1110110 /
b10001010010010 !
b10001010010010 0
1$
#121000000
b1110110 (
r137.109375 ,
r138.28125 -
b1110110 +
1%
0$
#121500000
b1110111 #
b1110111 /
b10001011011101 !
b10001011011101 0
1$
#122000000
b1110111 (
r138.28125 ,
r139.453125 -
b1110111 +
1%
0$
#122500000
b1111000 #
b1111000 /
b10001100101000 !
b10001100101000 0
1$
#123000000
b1111000 (
r139.453125 ,
r140.625 -
b1111000 +
1%
0$
#123500000
b1111001 #
b1111001 /
b10001101110011 !
b10001101110011 0
1$
#124000000
b1111001 (
r140.625 ,
r141.796875 -
b1111001 +
1%
0$
#124500000
b1111010 #
b1111010 /
b10001110111110 !
b10001110111110 0
1$
#125000000
b1111010 (
r141.796875 ,
r142.96875 -
b1111010 +
1%
0$
#125500000
b1111011 #
b1111011 /
b10010000001001 !
b10010000001001 0
1$
#126000000
b1111011 (
r142.96875 ,
r144.140625 -
b1111011 +
1%
0$
#126500000
b1111100 #
b1111100 /
b10010001010100 !
b10010001010100 0
1$
#127000000
b1111100 (
r144.140625 ,
r145.3125 -
b1111100 +
1%
0$
#127500000
b1111101 #
b1111101 /
b10010010011111 !
b10010010011111 0
1$
#128000000
b1111101 (
r145.3125 ,
r146.484375 -
b1111101 +
1%
0$
#128500000
b1111110 #
b1111110 /
b10010011101010 !
b10010011101010 0
1$
#129000000
b1111110 (
r146.484375 ,
r147.65625 -
b1111110 +
1%
0$
#129500000
b1111111 #
b1111111 /
b10010100110101 !
b10010100110101 0
1$
#130000000
b1111111 (
r147.65625 ,
r148.828125 -
b1111111 +
1%
0$
#130500000
b10000000 #
b10000000 /
b10010110000000 !
b10010110000000 0
1$
#131000000
b10000000 (
r148.828125 ,
r150 -
b10000000 +
1%
0$
#131500000
b10000001 #
b10000001 /
b10010111001011 !
b10010111001011 0
1$
#132000000
b10000001 (
r150 ,
r151.171875 -
b10000001 +
1%
0$
#132500000
b10000010 #
b10000010 /
b10011000010110 !
b10011000010110 0
1$
#133000000
b10000010 (
r151.171875 ,
r152.34375 -
b10000010 +
1%
0$
#133500000
b10000011 #
b10000011 /
b10011001100001 !
b10011001100001 0
1$
#134000000
b10000011 (
r152.34375 ,
r153.515625 -
b10000011 +
1%
0$
#134500000
b10000100 #
b10000100 /
b10011010101100 !
b10011010101100 0
1$
#135000000
b10000100 (
r153.515625 ,
r154.6875 -
b10000100 +
1%
0$
#135500000
b10000101 #
b10000101 /
b10011011110111 !
b10011011110111 0
1$
#136000000
b10000101 (
r154.6875 ,
r155.859375 -
b10000101 +
1%
0$
#136500000
b10000110 #
b10000110 /
b10011101000010 !
b10011101000010 0
1$
#137000000
b10000110 (
r155.859375 ,
r157.03125 -
b10000110 +
1%
0$
#137500000
b10000111 #
b10000111 /
b10011110001101 !
b10011110001101 0
1$
#138000000
b10000111 (
r157.03125 ,
r158.203125 -
b10000111 +
1%
0$
#138500000
b10001000 #
b10001000 /
b10011111011000 !
b10011111011000 0
1$
#139000000
b10001000 (
r158.203125 ,
r159.375 -
b10001000 +
1%
0$
#139500000
b10001001 #
b10001001 /
b10100000100011 !
b10100000100011 0
1$
#140000000
b10001001 (
r159.375 ,
r160.546875 -
b10001001 +
1%
0$
#140500000
b10001010 #
b10001010 /
b10100001101110 !
b10100001101110 0
1$
#141000000
b10001010 (
r160.546875 ,
r161.71875 -
b10001010 +
1%
0$
#141500000
b10001011 #
b10001011 /
b10100010111001 !
b10100010111001 0
1$
#142000000
b10001011 (
r161.71875 ,
r162.890625 -
b10001011 +
1%
0$
#142500000
b10001100 #
b10001100 /
b10100100000100 !
b10100100000100 0
1$
#143000000
b10001100 (
r162.890625 ,
r164.0625 -
b10001100 +
1%
0$
#143500000
b10001101 #
b10001101 /
b10100101001111 !
b10100101001111 0
1$
#144000000
b10001101 (
r164.0625 ,
r165.234375 -
b10001101 +
1%
0$
#144500000
b10001110 #
b10001110 /
b10100110011010 !
b10100110011010 0
1$
#145000000
b10001110 (
r165.234375 ,
r166.40625 -
b10001110 +
1%
0$
#145500000
b10001111 #
b10001111 /
b10100111100101 !
b10100111100101 0
1$
#146000000
b10001111 (
r166.40625 ,
r167.578125 -
b10001111 +
1%
0$
#146500000
b10010000 #
b10010000 /
b10101000110000 !
b10101000110000 0
1$
#147000000
b10010000 (
r167.578125 ,
r168.75 -
b10010000 +
1%
0$
#147500000
b10010001 #
b10010001 /
b10101001111011 !
b10101001111011 0
1$
#148000000
b10010001 (
r168.75 ,
r169.921875 -
b10010001 +
1%
0$
#148500000
b10010010 #
b10010010 /
b10101011000110 !
b10101011000110 0
1$
#149000000
b10010010 (
r169.921875 ,
r171.09375 -
b10010010 +
1%
0$
#149500000
b10010011 #
b10010011 /
b10101100010001 !
b10101100010001 0
1$
#150000000
b10010011 (
r171.09375 ,
r172.265625 -
b10010011 +
1%
0$
#150500000
b10010100 #
b10010100 /
b10101101011100 !
b10101101011100 0
1$
#151000000
b10010100 (
r172.265625 ,
r173.4375 -
b10010100 +
1%
0$
#151500000
b10010101 #
b10010101 /
b10101110100111 !
b10101110100111 0
1$
#152000000
b10010101 (
r173.4375 ,
r174.609375 -
b10010101 +
1%
0$
#152500000
b10010110 #
b10010110 /
b10101111110010 !
b10101111110010 0
1$
#153000000
b10010110 (
r174.609375 ,
r175.78125 -
b10010110 +
1%
0$
#153500000
b10010111 #
b10010111 /
b10110000111101 !
b10110000111101 0
1$
#154000000
b10010111 (
r175.78125 ,
r176.953125 -
b10010111 +
1%
0$
#154500000
b10011000 #
b10011000 /
b10110010001000 !
b10110010001000 0
1$
#155000000
b10011000 (
r176.953125 ,
r178.125 -
b10011000 +
1%
0$
#155500000
b10011001 #
b10011001 /
b10110011010011 !
b10110011010011 0
1$
#156000000
b10011001 (
r178.125 ,
r179.296875 -
b10011001 +
1%
0$
#156500000
b10011010 #
b10011010 /
b10110100011110 !
b10110100011110 0
1$
#157000000
b10011010 (
r179.296875 ,
r180.46875 -
b10011010 +
1%
0$
#157500000
b10011011 #
b10011011 /
b10110101101001 !
b10110101101001 0
1$
#158000000
b10011011 (
r180.46875 ,
r181.640625 -
b10011011 +
1%
0$
#158500000
b10011100 #
b10011100 /
b10110110110100 !
b10110110110100 0
1$
#159000000
b10011100 (
r181.640625 ,
r182.8125 -
b10011100 +
1%
0$
#159500000
b10011101 #
b10011101 /
b10110111111111 !
b10110111111111 0
1$
#160000000
b10011101 (
r182.8125 ,
r183.984375 -
b10011101 +
1%
0$
#160500000
b10011110 #
b10011110 /
b10111001001010 !
b10111001001010 0
1$
#161000000
b10011110 (
r183.984375 ,
r185.15625 -
b10011110 +
1%
0$
#161500000
b10011111 #
b10011111 /
b10111010010101 !
b10111010010101 0
1$
#162000000
b10011111 (
r185.15625 ,
r186.328125 -
b10011111 +
1%
0$
#162500000
b10100000 #
b10100000 /
b10111011100000 !
b10111011100000 0
1$
#163000000
b10100000 (
r186.328125 ,
r187.5 -
b10100000 +
1%
0$
#163500000
b10100001 #
b10100001 /
b10111100101011 !
b10111100101011 0
1$
#164000000
b10100001 (
r187.5 ,
r188.671875 -
b10100001 +
1%
0$
#164500000
b10100010 #
b10100010 /
b10111101110110 !
b10111101110110 0
1$
#165000000
b10100010 (
r188.671875 ,
r189.84375 -
b10100010 +
1%
0$
#165500000
b10100011 #
b10100011 /
b10111111000001 !
b10111111000001 0
1$
#166000000
b10100011 (
r189.84375 ,
r191.015625 -
b10100011 +
1%
0$
#166500000
b10100100 #
b10100100 /
b11000000001100 !
b11000000001100 0
1$
#167000000
b10100100 (
r191.015625 ,
r192.1875 -
b10100100 +
1%
0$
#167500000
b10100101 #
b10100101 /
b11000001010111 !
b11000001010111 0
1$
#168000000
b10100101 (
r192.1875 ,
r193.359375 -
b10100101 +
1%
0$
#168500000
b10100110 #
b10100110 /
b11000010100010 !
b11000010100010 0
1$
#169000000
b10100110 (
r193.359375 ,
r194.53125 -
b10100110 +
1%
0$
#169500000
b10100111 #
b10100111 /
b11000011101101 !
b11000011101101 0
1$
#170000000
b10100111 (
r194.53125 ,
r195.703125 -
b10100111 +
1%
0$
#170500000
b10101000 #
b10101000 /
b11000100111000 !
b11000100111000 0
1$
#171000000
b10101000 (
r195.703125 ,
r196.875 -
b10101000 +
1%
0$
#171500000
b10101001 #
b10101001 /
b11000110000011 !
b11000110000011 0
1$
#172000000
b10101001 (
r196.875 ,
r198.046875 -
b10101001 +
1%
0$
#172500000
b10101010 #
b10101010 /
b11000111001110 !
b11000111001110 0
1$
#173000000
b10101010 (
r198.046875 ,
r199.21875 -
b10101010 +
1%
0$
#173500000
b10101011 #
b10101011 /
b11001000011001 !
b11001000011001 0
1$
#174000000
b10101011 (
r199.21875 ,
r200.390625 -
b10101011 +
1%
0$
#174500000
b10101100 #
b10101100 /
b11001001100100 !
b11001001100100 0
1$
#175000000
b10101100 (
r200.390625 ,
r201.5625 -
b10101100 +
1%
0$
#175500000
b10101101 #
b10101101 /
b11001010101111 !
b11001010101111 0
1$
#176000000
b10101101 (
r201.5625 ,
r202.734375 -
b10101101 +
1%
0$
#176500000
b10101110 #
b10101110 /
b11001011111010 !
b11001011111010 0
1$
#177000000
b10101110 (
r202.734375 ,
r203.90625 -
b10101110 +
1%
0$
#177500000
b10101111 #
b10101111 /
b11001101000101 !
b11001101000101 0
1$
#178000000
b10101111 (
r203.90625 ,
r205.078125 -
b10101111 +
1%
0$
#178500000
b10110000 #
b10110000 /
b11001110010000 !
b11001110010000 0
1$
#179000000
b10110000 (
r205.078125 ,
r206.25 -
b10110000 +
1%
0$
#179500000
b10110001 #
b10110001 /
b11001111011011 !
b11001111011011 0
1$
#180000000
b10110001 (
r206.25 ,
r207.421875 -
b10110001 +
1%
0$
#180500000
b10110010 #
b10110010 /
b11010000100110 !
b11010000100110 0
1$
#181000000
b10110010 (
r207.421875 ,
r208.59375 -
b10110010 +
1%
0$
#181500000
b10110011 #
b10110011 /
b11010001110001 !
b11010001110001 0
1$
#182000000
b10110011 (
r208.59375 ,
r209.765625 -
b10110011 +
1%
0$
#182500000
b10110100 #
b10110100 /
b11010010111100 !
b11010010111100 0
1$
#183000000
b10110100 (
r209.765625 ,
r210.9375 -
b10110100 +
1%
0$
#183500000
b10110101 #
b10110101 /
b11010100000111 !
b11010100000111 0
1$
#184000000
b10110101 (
r210.9375 ,
r212.109375 -
b10110101 +
1%
0$
#184500000
b10110110 #
b10110110 /
b11010101010010 !
b11010101010010 0
1$
#185000000
b10110110 (
r212.109375 ,
r213.28125 -
b10110110 +
1%
0$
#185500000
b10110111 #
b10110111 /
b11010110011101 !
b11010110011101 0
1$
#186000000
b10110111 (
r213.28125 ,
r214.453125 -
b10110111 +
1%
0$
#186500000
b10111000 #
b10111000 /
b11010111101000 !
b11010111101000 0
1$
#187000000
b10111000 (
r214.453125 ,
r215.625 -
b10111000 +
1%
0$
#187500000
b10111001 #
b10111001 /
b11011000110011 !
b11011000110011 0
1$
#188000000
b10111001 (
r215.625 ,
r216.796875 -
b10111001 +
1%
0$
#188500000
b10111010 #
b10111010 /
b11011001111110 !
b11011001111110 0
1$
#189000000
b10111010 (
r216.796875 ,
r217.96875 -
b10111010 +
1%
0$
#189500000
b10111011 #
b10111011 /
b11011011001001 !
b11011011001001 0
1$
#190000000
b10111011 (
r217.96875 ,
r219.140625 -
b10111011 +
1%
0$
#190500000
b10111100 #
b10111100 /
b11011100010100 !
b11011100010100 0
1$
#191000000
b10111100 (
r219.140625 ,
r220.3125 -
b10111100 +
1%
0$
#191500000
b10111101 #
b10111101 /
b11011101011111 !
b11011101011111 0
1$
#192000000
b10111101 (
r220.3125 ,
r221.484375 -
b10111101 +
1%
0$
#192500000
b10111110 #
b10111110 /
b11011110101010 !
b11011110101010 0
1$
#193000000
b10111110 (
r221.484375 ,
r222.65625 -
b10111110 +
1%
0$
#193500000
b10111111 #
b10111111 /
b11011111110101 !
b11011111110101 0
1$
#194000000
b10111111 (
r222.65625 ,
r223.828125 -
b10111111 +
1%
0$
#194500000
b11000000 #
b11000000 /
b11100001000000 !
b11100001000000 0
1$
#195000000
b11000000 (
r223.828125 ,
r225 -
b11000000 +
1%
0$
#195500000
b11000001 #
b11000001 /
b11100010001011 !
b11100010001011 0
1$
#196000000
b11000001 (
r225 ,
r226.171875 -
b11000001 +
1%
0$
#196500000
b11000010 #
b11000010 /
b11100011010110 !
b11100011010110 0
1$
#197000000
b11000010 (
r226.171875 ,
r227.34375 -
b11000010 +
1%
0$
#197500000
b11000011 #
b11000011 /
b11100100100001 !
b11100100100001 0
1$
#198000000
b11000011 (
r227.34375 ,
r228.515625 -
b11000011 +
1%
0$
#198500000
b11000100 #
b11000100 /
b11100101101100 !
b11100101101100 0
1$
#199000000
b11000100 (
r228.515625 ,
r229.6875 -
b11000100 +
1%
0$
#199500000
b11000101 #
b11000101 /
b11100110110111 !
b11100110110111 0
1$
#200000000
b11000101 (
r229.6875 ,
r230.859375 -
b11000101 +
1%
0$
#200500000
b11000110 #
b11000110 /
b11101000000010 !
b11101000000010 0
1$
#201000000
b11000110 (
r230.859375 ,
r232.03125 -
b11000110 +
1%
0$
#201500000
b11000111 #
b11000111 /
b11101001001101 !
b11101001001101 0
1$
#202000000
b11000111 (
r232.03125 ,
r233.203125 -
b11000111 +
1%
0$
#202500000
b11001000 #
b11001000 /
b11101010011000 !
b11101010011000 0
1$
#203000000
b11001000 (
r233.203125 ,
r234.375 -
b11001000 +
1%
0$
#203500000
b11001001 #
b11001001 /
b11101011100011 !
b11101011100011 0
1$
#204000000
b11001001 (
r234.375 ,
r235.546875 -
b11001001 +
1%
0$
#204500000
b11001010 #
b11001010 /
b11101100101110 !
b11101100101110 0
1$
#205000000
b11001010 (
r235.546875 ,
r236.71875 -
b11001010 +
1%
0$
#205500000
b11001011 #
b11001011 /
b11101101111001 !
b11101101111001 0
1$
#206000000
b11001011 (
r236.71875 ,
r237.890625 -
b11001011 +
1%
0$
#206500000
b11001100 #
b11001100 /
b11101111000100 !
b11101111000100 0
1$
#207000000
b11001100 (
r237.890625 ,
r239.0625 -
b11001100 +
1%
0$
#207500000
b11001101 #
b11001101 /
b11110000001111 !
b11110000001111 0
1$
#208000000
b11001101 (
r239.0625 ,
r240.234375 -
b11001101 +
1%
0$
#208500000
b11001110 #
b11001110 /
b11110001011010 !
b11110001011010 0
1$
#209000000
b11001110 (
r240.234375 ,
r241.40625 -
b11001110 +
1%
0$
#209500000
b11001111 #
b11001111 /
b11110010100101 !
b11110010100101 0
1$
#210000000
b11001111 (
r241.40625 ,
r242.578125 -
b11001111 +
1%
0$
#210500000
b11010000 #
b11010000 /
b11110011110000 !
b11110011110000 0
1$
#211000000
b11010000 (
r242.578125 ,
r243.75 -
b11010000 +
1%
0$
#211500000
b11010001 #
b11010001 /
b11110100111011 !
b11110100111011 0
1$
#212000000
b11010001 (
r243.75 ,
r244.921875 -
b11010001 +
1%
0$
#212500000
b11010010 #
b11010010 /
b11110110000110 !
b11110110000110 0
1$
#213000000
b11010010 (
r244.921875 ,
r246.09375 -
b11010010 +
1%
0$
#213500000
b11010011 #
b11010011 /
b11110111010001 !
b11110111010001 0
1$
#214000000
b11010011 (
r246.09375 ,
r247.265625 -
b11010011 +
1%
0$
#214500000
b11010100 #
b11010100 /
b11111000011100 !
b11111000011100 0
1$
#215000000
b11010100 (
r247.265625 ,
r248.4375 -
b11010100 +
1%
0$
#215500000
b11010101 #
b11010101 /
b11111001100111 !
b11111001100111 0
1$
#216000000
b11010101 (
r248.4375 ,
r249.609375 -
b11010101 +
1%
0$
#216500000
b11010110 #
b11010110 /
b11111010110010 !
b11111010110010 0
1$
#217000000
b11010110 (
r249.609375 ,
r250.78125 -
b11010110 +
1%
0$
#217500000
b11010111 #
b11010111 /
b11111011111101 !
b11111011111101 0
1$
#218000000
b11010111 (
r250.78125 ,
r251.953125 -
b11010111 +
1%
0$
#218500000
b11011000 #
b11011000 /
b11111101001000 !
b11111101001000 0
1$
#219000000
b11011000 (
r251.953125 ,
r253.125 -
b11011000 +
1%
0$
#219500000
b11011001 #
b11011001 /
b11111110010011 !
b11111110010011 0
1$
#220000000
b11011001 (
r253.125 ,
r254.296875 -
b11011001 +
1%
0$
#220500000
b11011010 #
b11011010 /
b11111111011110 !
b11111111011110 0
1$
#221000000
b11011010 (
r254.296875 ,
r255.46875 -
b11011010 +
1%
0$
#221500000
b11011011 #
b11011011 /
b100000000101001 !
b100000000101001 0
1$
#222000000
b11011011 (
r255.46875 ,
r256.640625 -
b11011011 +
1%
0$
#222500000
b11011100 #
b11011100 /
b100000001110100 !
b100000001110100 0
1$
#223000000
b11011100 (
r256.640625 ,
r257.8125 -
b11011100 +
1%
0$
#223500000
b11011101 #
b11011101 /
b100000010111111 !
b100000010111111 0
1$
#224000000
b11011101 (
r257.8125 ,
r258.984375 -
b11011101 +
1%
0$
#224500000
b11011110 #
b11011110 /
b100000100001010 !
b100000100001010 0
1$
#225000000
b11011110 (
r258.984375 ,
r260.15625 -
b11011110 +
1%
0$
#225500000
b11011111 #
b11011111 /
b100000101010101 !
b100000101010101 0
1$
#226000000
b11011111 (
r260.15625 ,
r261.328125 -
b11011111 +
1%
0$
#226500000
b11100000 #
b11100000 /
b100000110100000 !
b100000110100000 0
1$
#227000000
b11100000 (
r261.328125 ,
r262.5 -
b11100000 +
1%
0$
#227500000
b11100001 #
b11100001 /
b100000111101011 !
b100000111101011 0
1$
#228000000
b11100001 (
r262.5 ,
r263.671875 -
b11100001 +
1%
0$
#228500000
b11100010 #
b11100010 /
b100001000110110 !
b100001000110110 0
1$
#229000000
b11100010 (
r263.671875 ,
r264.84375 -
b11100010 +
1%
0$
#229500000
b11100011 #
b11100011 /
b100001010000001 !
b100001010000001 0
1$
#230000000
b11100011 (
r264.84375 ,
r266.015625 -
b11100011 +
1%
0$
#230500000
b11100100 #
b11100100 /
b100001011001100 !
b100001011001100 0
1$
#231000000
b11100100 (
r266.015625 ,
r267.1875 -
b11100100 +
1%
0$
#231500000
b11100101 #
b11100101 /
b100001100010111 !
b100001100010111 0
1$
#232000000
b11100101 (
r267.1875 ,
r268.359375 -
b11100101 +
1%
0$
#232500000
b11100110 #
b11100110 /
b100001101100010 !
b100001101100010 0
1$
#233000000
b11100110 (
r268.359375 ,
r269.53125 -
b11100110 +
1%
0$
#233500000
b11100111 #
b11100111 /
b100001110101101 !
b100001110101101 0
1$
#234000000
b11100111 (
r269.53125 ,
r270.703125 -
b11100111 +
1%
0$
#234500000
b11101000 #
b11101000 /
b100001111111000 !
b100001111111000 0
1$
#235000000
b11101000 (
r270.703125 ,
r271.875 -
b11101000 +
1%
0$
#235500000
b11101001 #
b11101001 /
b100010001000011 !
b100010001000011 0
1$
#236000000
b11101001 (
r271.875 ,
r273.046875 -
b11101001 +
1%
0$
#236500000
b11101010 #
b11101010 /
b100010010001110 !
b100010010001110 0
1$
#237000000
b11101010 (
r273.046875 ,
r274.21875 -
b11101010 +
1%
0$
#237500000
b11101011 #
b11101011 /
b100010011011001 !
b100010011011001 0
1$
#238000000
b11101011 (
r274.21875 ,
r275.390625 -
b11101011 +
1%
0$
#238500000
b11101100 #
b11101100 /
b100010100100100 !
b100010100100100 0
1$
#239000000
b11101100 (
r275.390625 ,
r276.5625 -
b11101100 +
1%
0$
#239500000
b11101101 #
b11101101 /
b100010101101111 !
b100010101101111 0
1$
#240000000
b11101101 (
r276.5625 ,
r277.734375 -
b11101101 +
1%
0$
#240500000
b11101110 #
b11101110 /
b100010110111010 !
b100010110111010 0
1$
#241000000
b11101110 (
r277.734375 ,
r278.90625 -
b11101110 +
1%
0$
#241500000
b11101111 #
b11101111 /
b100011000000101 !
b100011000000101 0
1$
#242000000
b11101111 (
r278.90625 ,
r280.078125 -
b11101111 +
1%
0$
#242500000
b11110000 #
b11110000 /
b100011001010000 !
b100011001010000 0
1$
#243000000
b11110000 (
r280.078125 ,
r281.25 -
b11110000 +
1%
0$
#243500000
b11110001 #
b11110001 /
b100011010011011 !
b100011010011011 0
1$
#244000000
b11110001 (
r281.25 ,
r282.421875 -
b11110001 +
1%
0$
#244500000
b11110010 #
b11110010 /
b100011011100110 !
b100011011100110 0
1$
#245000000
b11110010 (
r282.421875 ,
r283.59375 -
b11110010 +
1%
0$
#245500000
b11110011 #
b11110011 /
b100011100110001 !
b100011100110001 0
1$
#246000000
b11110011 (
r283.59375 ,
r284.765625 -
b11110011 +
1%
0$
#246500000
b11110100 #
b11110100 /
b100011101111100 !
b100011101111100 0
1$
#247000000
b11110100 (
r284.765625 ,
r285.9375 -
b11110100 +
1%
0$
#247500000
b11110101 #
b11110101 /
b100011111000111 !
b100011111000111 0
1$
#248000000
b11110101 (
r285.9375 ,
r287.109375 -
b11110101 +
1%
0$
#248500000
b11110110 #
b11110110 /
b100100000010010 !
b100100000010010 0
1$
#249000000
b11110110 (
r287.109375 ,
r288.28125 -
b11110110 +
1%
0$
#249500000
b11110111 #
b11110111 /
b100100001011101 !
b100100001011101 0
1$
#250000000
b11110111 (
r288.28125 ,
r289.453125 -
b11110111 +
1%
0$
#250500000
b11111000 #
b11111000 /
b100100010101000 !
b100100010101000 0
1$
#251000000
b11111000 (
r289.453125 ,
r290.625 -
b11111000 +
1%
0$
#251500000
b11111001 #
b11111001 /
b100100011110011 !
b100100011110011 0
1$
#252000000
b11111001 (
r290.625 ,
r291.796875 -
b11111001 +
1%
0$
#252500000
b11111010 #
b11111010 /
b100100100111110 !
b100100100111110 0
1$
#253000000
b11111010 (
r291.796875 ,
r292.96875 -
b11111010 +
1%
0$
#253500000
b11111011 #
b11111011 /
b100100110001001 !
b100100110001001 0
1$
#254000000
b11111011 (
r292.96875 ,
r294.140625 -
b11111011 +
1%
0$
#254500000
b11111100 #
b11111100 /
b100100111010100 !
b100100111010100 0
1$
#255000000
b11111100 (
r294.140625 ,
r295.3125 -
b11111100 +
1%
0$
#255500000
b11111101 #
b11111101 /
b100101000011111 !
b100101000011111 0
1$
#256000000
b11111101 (
r295.3125 ,
r296.484375 -
b11111101 +
1%
0$
#256500000
b11111110 #
b11111110 /
b100101001101010 !
b100101001101010 0
1$
#257000000
b11111110 (
r296.484375 ,
r297.65625 -
b11111110 +
1%
0$
#257500000
b11111111 #
b11111111 /
b100101010110101 !
b100101010110101 0
1$
#258000000
b11111111 (
r297.65625 ,
r298.828125 -
b11111111 +
1%
0$
#258500000
b100000000 #
b100000000 /
b100101100000000 !
b100101100000000 0
1$
#259000000
b100000000 (
r298.828125 ,
r300 -
b100000000 +
1%
0$
#259500000
b100000001 #
b100000001 /
b100101101001011 !
b100101101001011 0
1$
#260000000
b100000001 (
r300 ,
r301.171875 -
b100000001 +
1%
0$
#260500000
b100000010 #
b100000010 /
b100101110010110 !
b100101110010110 0
1$
#261000000
b100000010 (
r301.171875 ,
r302.34375 -
b100000010 +
1%
0$
#261500000
b100000011 #
b100000011 /
b100101111100001 !
b100101111100001 0
1$
#262000000
b100000011 (
r302.34375 ,
r303.515625 -
b100000011 +
1%
0$
#262500000
b100000100 #
b100000100 /
b100110000101100 !
b100110000101100 0
1$
#263000000
b100000100 (
r303.515625 ,
r304.6875 -
b100000100 +
1%
0$
#263500000
b100000101 #
b100000101 /
b100110001110111 !
b100110001110111 0
1$
#264000000
b100000101 (
r304.6875 ,
r305.859375 -
b100000101 +
1%
0$
#264500000
b100000110 #
b100000110 /
b100110011000010 !
b100110011000010 0
1$
#265000000
b100000110 (
r305.859375 ,
r307.03125 -
b100000110 +
1%
0$
#265500000
b100000111 #
b100000111 /
b100110100001101 !
b100110100001101 0
1$
#266000000
b100000111 (
r307.03125 ,
r308.203125 -
b100000111 +
1%
0$
#266500000
b100001000 #
b100001000 /
b100110101011000 !
b100110101011000 0
1$
#267000000
b100001000 (
r308.203125 ,
r309.375 -
b100001000 +
1%
0$
#267500000
b100001001 #
b100001001 /
b100110110100011 !
b100110110100011 0
1$
#268000000
b100001001 (
r309.375 ,
r310.546875 -
b100001001 +
1%
0$
#268500000
b100001010 #
b100001010 /
b100110111101110 !
b100110111101110 0
1$
#269000000
b100001010 (
r310.546875 ,
r311.71875 -
b100001010 +
1%
0$
#269500000
b100001011 #
b100001011 /
b100111000111001 !
b100111000111001 0
1$
#270000000
b100001011 (
r311.71875 ,
r312.890625 -
b100001011 +
1%
0$
#270500000
b100001100 #
b100001100 /
b100111010000100 !
b100111010000100 0
1$
#271000000
b100001100 (
r312.890625 ,
r314.0625 -
b100001100 +
1%
0$
#271500000
b100001101 #
b100001101 /
b100111011001111 !
b100111011001111 0
1$
#272000000
b100001101 (
r314.0625 ,
r315.234375 -
b100001101 +
1%
0$
#272500000
b100001110 #
b100001110 /
b100111100011010 !
b100111100011010 0
1$
#273000000
b100001110 (
r315.234375 ,
r316.40625 -
b100001110 +
1%
0$
#273500000
b100001111 #
b100001111 /
b100111101100101 !
b100111101100101 0
1$
#274000000
b100001111 (
r316.40625 ,
r317.578125 -
b100001111 +
1%
0$
#274500000
b100010000 #
b100010000 /
b100111110110000 !
b100111110110000 0
1$
#275000000
b100010000 (
r317.578125 ,
r318.75 -
b100010000 +
1%
0$
#275500000
b100010001 #
b100010001 /
b100111111111011 !
b100111111111011 0
1$
#276000000
b100010001 (
r318.75 ,
r319.921875 -
b100010001 +
1%
0$
#276500000
b100010010 #
b100010010 /
b101000001000110 !
b101000001000110 0
1$
#277000000
b100010010 (
r319.921875 ,
r321.09375 -
b100010010 +
1%
0$
#277500000
b100010011 #
b100010011 /
b101000010010001 !
b101000010010001 0
1$
#278000000
b100010011 (
r321.09375 ,
r322.265625 -
b100010011 +
1%
0$
#278500000
b100010100 #
b100010100 /
b101000011011100 !
b101000011011100 0
1$
#279000000
b100010100 (
r322.265625 ,
r323.4375 -
b100010100 +
1%
0$
#279500000
b100010101 #
b100010101 /
b101000100100111 !
b101000100100111 0
1$
#280000000
b100010101 (
r323.4375 ,
r324.609375 -
b100010101 +
1%
0$
#280500000
b100010110 #
b100010110 /
b101000101110010 !
b101000101110010 0
1$
#281000000
b100010110 (
r324.609375 ,
r325.78125 -
b100010110 +
1%
0$
#281500000
b100010111 #
b100010111 /
b101000110111101 !
b101000110111101 0
1$
#282000000
b100010111 (
r325.78125 ,
r326.953125 -
b100010111 +
1%
0$
#282500000
b100011000 #
b100011000 /
b101001000001000 !
b101001000001000 0
1$
#283000000
b100011000 (
r326.953125 ,
r328.125 -
b100011000 +
1%
0$
#283500000
b100011001 #
b100011001 /
b101001001010011 !
b101001001010011 0
1$
#284000000
b100011001 (
r328.125 ,
r329.296875 -
b100011001 +
1%
0$
#284500000
b100011010 #
b100011010 /
b101001010011110 !
b101001010011110 0
1$
#285000000
b100011010 (
r329.296875 ,
r330.46875 -
b100011010 +
1%
0$
#285500000
b100011011 #
b100011011 /
b101001011101001 !
b101001011101001 0
1$
#286000000
b100011011 (
r330.46875 ,
r331.640625 -
b100011011 +
1%
0$
#286500000
b100011100 #
b100011100 /
b101001100110100 !
b101001100110100 0
1$
#287000000
b100011100 (
r331.640625 ,
r332.8125 -
b100011100 +
1%
0$
#287500000
b100011101 #
b100011101 /
b101001101111111 !
b101001101111111 0
1$
#288000000
b100011101 (
r332.8125 ,
r333.984375 -
b100011101 +
1%
0$
#288500000
b100011110 #
b100011110 /
b101001111001010 !
b101001111001010 0
1$
#289000000
b100011110 (
r333.984375 ,
r335.15625 -
b100011110 +
1%
0$
#289500000
b100011111 #
b100011111 /
b101010000010101 !
b101010000010101 0
1$
#290000000
b100011111 (
r335.15625 ,
r336.328125 -
b100011111 +
1%
0$
#290500000
b100100000 #
b100100000 /
b101010001100000 !
b101010001100000 0
1$
#291000000
b100100000 (
r336.328125 ,
r337.5 -
b100100000 +
1%
0$
#291500000
b100100001 #
b100100001 /
b101010010101011 !
b101010010101011 0
1$
#292000000
b100100001 (
r337.5 ,
r338.671875 -
b100100001 +
1%
0$
#292500000
b100100010 #
b100100010 /
b101010011110110 !
b101010011110110 0
1$
#293000000
b100100010 (
r338.671875 ,
r339.84375 -
b100100010 +
1%
0$
#293500000
b100100011 #
b100100011 /
b101010101000001 !
b101010101000001 0
1$
#294000000
b100100011 (
r339.84375 ,
r341.015625 -
b100100011 +
1%
0$
#294500000
b100100100 #
b100100100 /
b101010110001100 !
b101010110001100 0
1$
#295000000
b100100100 (
r341.015625 ,
r342.1875 -
b100100100 +
1%
0$
#295500000
b100100101 #
b100100101 /
b101010111010111 !
b101010111010111 0
1$
#296000000
b100100101 (
r342.1875 ,
r343.359375 -
b100100101 +
1%
0$
#296500000
b100100110 #
b100100110 /
b101011000100010 !
b101011000100010 0
1$
#297000000
b100100110 (
r343.359375 ,
r344.53125 -
b100100110 +
1%
0$
#297500000
b100100111 #
b100100111 /
b101011001101101 !
b101011001101101 0
1$
#298000000
b100100111 (
r344.53125 ,
r345.703125 -
b100100111 +
1%
0$
#298500000
b100101000 #
b100101000 /
b101011010111000 !
b101011010111000 0
1$
#299000000
b100101000 (
r345.703125 ,
r346.875 -
b100101000 +
1%
0$
#299500000
b100101001 #
b100101001 /
b101011100000011 !
b101011100000011 0
1$
#300000000
b100101001 (
r346.875 ,
r348.046875 -
b100101001 +
1%
0$
#300500000
b100101010 #
b100101010 /
b101011101001110 !
b101011101001110 0
1$
#301000000
b100101010 (
r348.046875 ,
r349.21875 -
b100101010 +
1%
0$
#301500000
b100101011 #
b100101011 /
b101011110011001 !
b101011110011001 0
1$
#302000000
b100101011 (
r349.21875 ,
r350.390625 -
b100101011 +
1%
0$
#302500000
b100101100 #
b100101100 /
b101011111100100 !
b101011111100100 0
1$
#303000000
b100101100 (
r350.390625 ,
r351.5625 -
b100101100 +
1%
0$
#303500000
b100101101 #
b100101101 /
b101100000101111 !
b101100000101111 0
1$
#304000000
b100101101 (
r351.5625 ,
r352.734375 -
b100101101 +
1%
0$
#304500000
b100101110 #
b100101110 /
b101100001111010 !
b101100001111010 0
1$
#305000000
b100101110 (
r352.734375 ,
r353.90625 -
b100101110 +
1%
0$
#305500000
b100101111 #
b100101111 /
b101100011000101 !
b101100011000101 0
1$
#306000000
b100101111 (
r353.90625 ,
r355.078125 -
b100101111 +
1%
0$
#306500000
b100110000 #
b100110000 /
b101100100010000 !
b101100100010000 0
1$
#307000000
b100110000 (
r355.078125 ,
r356.25 -
b100110000 +
1%
0$
#307500000
b100110001 #
b100110001 /
b101100101011011 !
b101100101011011 0
1$
#308000000
b100110001 (
r356.25 ,
r357.421875 -
b100110001 +
1%
0$
#308500000
b100110010 #
b100110010 /
b101100110100110 !
b101100110100110 0
1$
#309000000
b100110010 (
r357.421875 ,
r358.59375 -
b100110010 +
1%
0$
#309500000
b100110011 #
b100110011 /
b101100111110001 !
b101100111110001 0
1$
#310000000
b100110011 (
r358.59375 ,
r359.765625 -
b100110011 +
1%
0$
#310500000
b100110100 #
b100110100 /
b101101000111100 !
b101101000111100 0
1$
#311000000
b100110100 (
r359.765625 ,
r360.9375 -
b100110100 +
1%
0$
#311500000
b100110101 #
b100110101 /
b101101010000111 !
b101101010000111 0
1$
#312000000
b100110101 (
r360.9375 ,
r362.109375 -
b100110101 +
1%
0$
#312500000
b100110110 #
b100110110 /
b101101011010010 !
b101101011010010 0
1$
#313000000
b100110110 (
r362.109375 ,
r363.28125 -
b100110110 +
1%
0$
#313500000
b100110111 #
b100110111 /
b101101100011101 !
b101101100011101 0
1$
#314000000
b100110111 (
r363.28125 ,
r364.453125 -
b100110111 +
1%
0$
#314500000
b100111000 #
b100111000 /
b101101101101000 !
b101101101101000 0
1$
#315000000
b100111000 (
r364.453125 ,
r365.625 -
b100111000 +
1%
0$
#315500000
b100111001 #
b100111001 /
b101101110110011 !
b101101110110011 0
1$
#316000000
b100111001 (
r365.625 ,
r366.796875 -
b100111001 +
1%
0$
#316500000
b100111010 #
b100111010 /
b101101111111110 !
b101101111111110 0
1$
#317000000
b100111010 (
r366.796875 ,
r367.96875 -
b100111010 +
1%
0$
#317500000
b100111011 #
b100111011 /
b101110001001001 !
b101110001001001 0
1$
#318000000
b100111011 (
r367.96875 ,
r369.140625 -
b100111011 +
1%
0$
#318500000
b100111100 #
b100111100 /
b101110010010100 !
b101110010010100 0
1$
#319000000
b100111100 (
r369.140625 ,
r370.3125 -
b100111100 +
1%
0$
#319500000
b100111101 #
b100111101 /
b101110011011111 !
b101110011011111 0
1$
#320000000
b100111101 (
r370.3125 ,
r371.484375 -
b100111101 +
1%
0$
#320500000
b100111110 #
b100111110 /
b101110100101010 !
b101110100101010 0
1$
#321000000
b100111110 (
r371.484375 ,
r372.65625 -
b100111110 +
1%
0$
#321500000
b100111111 #
b100111111 /
b101110101110101 !
b101110101110101 0
1$
#322000000
b100111111 (
r372.65625 ,
r373.828125 -
b100111111 +
1%
0$
#322500000
b101000000 #
b101000000 /
b101110111000000 !
b101110111000000 0
1$
#323000000
b101000000 (
r373.828125 ,
r375 -
b101000000 +
1%
0$
#323500000
b101000001 #
b101000001 /
b101111000001011 !
b101111000001011 0
1$
#324000000
b101000001 (
r375 ,
r376.171875 -
b101000001 +
1%
0$
#324500000
b101000010 #
b101000010 /
b101111001010110 !
b101111001010110 0
1$
#325000000
b101000010 (
r376.171875 ,
r377.34375 -
b101000010 +
1%
0$
#325500000
b101000011 #
b101000011 /
b101111010100001 !
b101111010100001 0
1$
#326000000
b101000011 (
r377.34375 ,
r378.515625 -
b101000011 +
1%
0$
#326500000
b101000100 #
b101000100 /
b101111011101100 !
b101111011101100 0
1$
#327000000
b101000100 (
r378.515625 ,
r379.6875 -
b101000100 +
1%
0$
#327500000
b101000101 #
b101000101 /
b101111100110111 !
b101111100110111 0
1$
#328000000
b101000101 (
r379.6875 ,
r380.859375 -
b101000101 +
1%
0$
#328500000
b101000110 #
b101000110 /
b101111110000010 !
b101111110000010 0
1$
#329000000
b101000110 (
r380.859375 ,
r382.03125 -
b101000110 +
1%
0$
#329500000
b101000111 #
b101000111 /
b101111111001101 !
b101111111001101 0
1$
#330000000
b101000111 (
r382.03125 ,
r383.203125 -
b101000111 +
1%
0$
#330500000
b101001000 #
b101001000 /
b110000000011000 !
b110000000011000 0
1$
#331000000
b101001000 (
r383.203125 ,
r384.375 -
b101001000 +
1%
0$
#331500000
b101001001 #
b101001001 /
b110000001100011 !
b110000001100011 0
1$
#332000000
b101001001 (
r384.375 ,
r385.546875 -
b101001001 +
1%
0$
#332500000
b101001010 #
b101001010 /
b110000010101110 !
b110000010101110 0
1$
#333000000
b101001010 (
r385.546875 ,
r386.71875 -
b101001010 +
1%
0$
#333500000
b101001011 #
b101001011 /
b110000011111001 !
b110000011111001 0
1$
#334000000
b101001011 (
r386.71875 ,
r387.890625 -
b101001011 +
1%
0$
#334500000
b101001100 #
b101001100 /
b110000101000100 !
b110000101000100 0
1$
#335000000
b101001100 (
r387.890625 ,
r389.0625 -
b101001100 +
1%
0$
#335500000
b101001101 #
b101001101 /
b110000110001111 !
b110000110001111 0
1$
#336000000
b101001101 (
r389.0625 ,
r390.234375 -
b101001101 +
1%
0$
#336500000
b101001110 #
b101001110 /
b110000111011010 !
b110000111011010 0
1$
#337000000
b101001110 (
r390.234375 ,
r391.40625 -
b101001110 +
1%
0$
#337500000
b101001111 #
b101001111 /
b110001000100101 !
b110001000100101 0
1$
#338000000
b101001111 (
r391.40625 ,
r392.578125 -
b101001111 +
1%
0$
#338500000
b101010000 #
b101010000 /
b110001001110000 !
b110001001110000 0
1$
#339000000
b101010000 (
r392.578125 ,
r393.75 -
b101010000 +
1%
0$
#339500000
b101010001 #
b101010001 /
b110001010111011 !
b110001010111011 0
1$
#340000000
b101010001 (
r393.75 ,
r394.921875 -
b101010001 +
1%
0$
#340500000
b101010010 #
b101010010 /
b110001100000110 !
b110001100000110 0
1$
#341000000
b101010010 (
r394.921875 ,
r396.09375 -
b101010010 +
1%
0$
#341500000
b101010011 #
b101010011 /
b110001101010001 !
b110001101010001 0
1$
#342000000
b101010011 (
r396.09375 ,
r397.265625 -
b101010011 +
1%
0$
#342500000
b101010100 #
b101010100 /
b110001110011100 !
b110001110011100 0
1$
#343000000
b101010100 (
r397.265625 ,
r398.4375 -
b101010100 +
1%
0$
#343500000
b101010101 #
b101010101 /
b110001111100111 !
b110001111100111 0
1$
#344000000
b101010101 (
r398.4375 ,
r399.609375 -
b101010101 +
1%
0$
#344500000
b101010110 #
b101010110 /
b110010000110010 !
b110010000110010 0
1$
#345000000
b101010110 (
r399.609375 ,
r400.78125 -
b101010110 +
1%
0$
#345500000
b101010111 #
b101010111 /
b110010001111101 !
b110010001111101 0
1$
#346000000
b101010111 (
r400.78125 ,
r401.953125 -
b101010111 +
1%
0$
#346500000
b101011000 #
b101011000 /
b110010011001000 !
b110010011001000 0
1$
#347000000
b101011000 (
r401.953125 ,
r403.125 -
b101011000 +
1%
0$
#347500000
b101011001 #
b101011001 /
b110010100010011 !
b110010100010011 0
1$
#348000000
b101011001 (
r403.125 ,
r404.296875 -
b101011001 +
1%
0$
#348500000
b101011010 #
b101011010 /
b110010101011110 !
b110010101011110 0
1$
#349000000
b101011010 (
r404.296875 ,
r405.46875 -
b101011010 +
1%
0$
#349500000
b101011011 #
b101011011 /
b110010110101001 !
b110010110101001 0
1$
#350000000
b101011011 (
r405.46875 ,
r406.640625 -
b101011011 +
1%
0$
#350500000
b101011100 #
b101011100 /
b110010111110100 !
b110010111110100 0
1$
#351000000
b101011100 (
r406.640625 ,
r407.8125 -
b101011100 +
1%
0$
#351500000
b101011101 #
b101011101 /
b110011000111111 !
b110011000111111 0
1$
#352000000
b101011101 (
r407.8125 ,
r408.984375 -
b101011101 +
1%
0$
#352500000
b101011110 #
b101011110 /
b110011010001010 !
b110011010001010 0
1$
#353000000
b101011110 (
r408.984375 ,
r410.15625 -
b101011110 +
1%
0$
#353500000
b101011111 #
b101011111 /
b110011011010101 !
b110011011010101 0
1$
#354000000
b101011111 (
r410.15625 ,
r411.328125 -
b101011111 +
1%
0$
#354500000
b101100000 #
b101100000 /
b110011100100000 !
b110011100100000 0
1$
#355000000
b101100000 (
r411.328125 ,
r412.5 -
b101100000 +
1%
0$
#355500000
b101100001 #
b101100001 /
b110011101101011 !
b110011101101011 0
1$
#356000000
b101100001 (
r412.5 ,
r413.671875 -
b101100001 +
1%
0$
#356500000
b101100010 #
b101100010 /
b110011110110110 !
b110011110110110 0
1$
#357000000
b101100010 (
r413.671875 ,
r414.84375 -
b101100010 +
1%
0$
#357500000
b101100011 #
b101100011 /
b110100000000001 !
b110100000000001 0
1$
#358000000
b101100011 (
r414.84375 ,
r416.015625 -
b101100011 +
1%
0$
#358500000
b101100100 #
b101100100 /
b110100001001100 !
b110100001001100 0
1$
#359000000
b101100100 (
r416.015625 ,
r417.1875 -
b101100100 +
1%
0$
#359500000
b101100101 #
b101100101 /
b110100010010111 !
b110100010010111 0
1$
#360000000
b101100101 (
r417.1875 ,
r418.359375 -
b101100101 +
1%
0$
#360500000
b101100110 #
b101100110 /
b110100011100010 !
b110100011100010 0
1$
#361000000
b101100110 (
r418.359375 ,
r419.53125 -
b101100110 +
1%
0$
#361500000
b101100111 #
b101100111 /
b110100100101101 !
b110100100101101 0
1$
#362000000
b101100111 (
r419.53125 ,
r420.703125 -
b101100111 +
1%
0$
#362500000
b101101000 #
b101101000 /
b110100101111000 !
b110100101111000 0
1$
#363000000
b101101000 (
r420.703125 ,
r421.875 -
b101101000 +
1%
0$
#363500000
b101101001 #
b101101001 /
b110100111000011 !
b110100111000011 0
1$
#364000000
b101101001 (
r421.875 ,
r423.046875 -
b101101001 +
1%
0$
#364500000
b101101010 #
b101101010 /
b110101000001110 !
b110101000001110 0
1$
#365000000
b101101010 (
r423.046875 ,
r424.21875 -
b101101010 +
1%
0$
#365500000
b101101011 #
b101101011 /
b110101001011001 !
b110101001011001 0
1$
#366000000
b101101011 (
r424.21875 ,
r425.390625 -
b101101011 +
1%
0$
#366500000
b101101100 #
b101101100 /
b110101010100100 !
b110101010100100 0
1$
#367000000
b101101100 (
r425.390625 ,
r426.5625 -
b101101100 +
1%
0$
#367500000
b101101101 #
b101101101 /
b110101011101111 !
b110101011101111 0
1$
#368000000
b101101101 (
r426.5625 ,
r427.734375 -
b101101101 +
1%
0$
#368500000
b101101110 #
b101101110 /
b110101100111010 !
b110101100111010 0
1$
#369000000
b101101110 (
r427.734375 ,
r428.90625 -
b101101110 +
1%
0$
#369500000
b101101111 #
b101101111 /
b110101110000101 !
b110101110000101 0
1$
#370000000
b101101111 (
r428.90625 ,
r430.078125 -
b101101111 +
1%
0$
#370500000
b101110000 #
b101110000 /
b110101111010000 !
b110101111010000 0
1$
#371000000
b101110000 (
r430.078125 ,
r431.25 -
b101110000 +
1%
0$
#371500000
b101110001 #
b101110001 /
b110110000011011 !
b110110000011011 0
1$
#372000000
b101110001 (
r431.25 ,
r432.421875 -
b101110001 +
1%
0$
#372500000
b101110010 #
b101110010 /
b110110001100110 !
b110110001100110 0
1$
#373000000
b101110010 (
r432.421875 ,
r433.59375 -
b101110010 +
1%
0$
#373500000
b101110011 #
b101110011 /
b110110010110001 !
b110110010110001 0
1$
#374000000
b101110011 (
r433.59375 ,
r434.765625 -
b101110011 +
1%
0$
#374500000
b101110100 #
b101110100 /
b110110011111100 !
b110110011111100 0
1$
#375000000
b101110100 (
r434.765625 ,
r435.9375 -
b101110100 +
1%
0$
#375500000
b101110101 #
b101110101 /
b110110101000111 !
b110110101000111 0
1$
#376000000
b101110101 (
r435.9375 ,
r437.109375 -
b101110101 +
1%
0$
#376500000
b101110110 #
b101110110 /
b110110110010010 !
b110110110010010 0
1$
#377000000
b101110110 (
r437.109375 ,
r438.28125 -
b101110110 +
1%
0$
#377500000
b101110111 #
b101110111 /
b110110111011101 !
b110110111011101 0
1$
#378000000
b101110111 (
r438.28125 ,
r439.453125 -
b101110111 +
1%
0$
#378500000
b101111000 #
b101111000 /
b110111000101000 !
b110111000101000 0
1$
#379000000
b101111000 (
r439.453125 ,
r440.625 -
b101111000 +
1%
0$
#379500000
b101111001 #
b101111001 /
b110111001110011 !
b110111001110011 0
1$
#380000000
b101111001 (
r440.625 ,
r441.796875 -
b101111001 +
1%
0$
#380500000
b101111010 #
b101111010 /
b110111010111110 !
b110111010111110 0
1$
#381000000
b101111010 (
r441.796875 ,
r442.96875 -
b101111010 +
1%
0$
#381500000
b101111011 #
b101111011 /
b110111100001001 !
b110111100001001 0
1$
#382000000
b101111011 (
r442.96875 ,
r444.140625 -
b101111011 +
1%
0$
#382500000
b101111100 #
b101111100 /
b110111101010100 !
b110111101010100 0
1$
#383000000
b101111100 (
r444.140625 ,
r445.3125 -
b101111100 +
1%
0$
#383500000
b101111101 #
b101111101 /
b110111110011111 !
b110111110011111 0
1$
#384000000
b101111101 (
r445.3125 ,
r446.484375 -
b101111101 +
1%
0$
#384500000
b101111110 #
b101111110 /
b110111111101010 !
b110111111101010 0
1$
#385000000
b101111110 (
r446.484375 ,
r447.65625 -
b101111110 +
1%
0$
#385500000
b101111111 #
b101111111 /
b111000000110101 !
b111000000110101 0
1$
#386000000
b101111111 (
r447.65625 ,
r448.828125 -
b101111111 +
1%
0$
#386500000
b110000000 #
b110000000 /
b111000010000000 !
b111000010000000 0
1$
#387000000
b110000000 (
r448.828125 ,
r450 -
b110000000 +
1%
0$
#387500000
b110000001 #
b110000001 /
b111000011001011 !
b111000011001011 0
1$
#388000000
b110000001 (
r450 ,
r451.171875 -
b110000001 +
1%
0$
#388500000
b110000010 #
b110000010 /
b111000100010110 !
b111000100010110 0
1$
#389000000
b110000010 (
r451.171875 ,
r452.34375 -
b110000010 +
1%
0$
#389500000
b110000011 #
b110000011 /
b111000101100001 !
b111000101100001 0
1$
#390000000
b110000011 (
r452.34375 ,
r453.515625 -
b110000011 +
1%
0$
#390500000
b110000100 #
b110000100 /
b111000110101100 !
b111000110101100 0
1$
#391000000
b110000100 (
r453.515625 ,
r454.6875 -
b110000100 +
1%
0$
#391500000
b110000101 #
b110000101 /
b111000111110111 !
b111000111110111 0
1$
#392000000
b110000101 (
r454.6875 ,
r455.859375 -
b110000101 +
1%
0$
#392500000
b110000110 #
b110000110 /
b111001001000010 !
b111001001000010 0
1$
#393000000
b110000110 (
r455.859375 ,
r457.03125 -
b110000110 +
1%
0$
#393500000
b110000111 #
b110000111 /
b111001010001101 !
b111001010001101 0
1$
#394000000
b110000111 (
r457.03125 ,
r458.203125 -
b110000111 +
1%
0$
#394500000
b110001000 #
b110001000 /
b111001011011000 !
b111001011011000 0
1$
#395000000
b110001000 (
r458.203125 ,
r459.375 -
b110001000 +
1%
0$
#395500000
b110001001 #
b110001001 /
b111001100100011 !
b111001100100011 0
1$
#396000000
b110001001 (
r459.375 ,
r460.546875 -
b110001001 +
1%
0$
#396500000
b110001010 #
b110001010 /
b111001101101110 !
b111001101101110 0
1$
#397000000
b110001010 (
r460.546875 ,
r461.71875 -
b110001010 +
1%
0$
#397500000
b110001011 #
b110001011 /
b111001110111001 !
b111001110111001 0
1$
#398000000
b110001011 (
r461.71875 ,
r462.890625 -
b110001011 +
1%
0$
#398500000
b110001100 #
b110001100 /
b111010000000100 !
b111010000000100 0
1$
#399000000
b110001100 (
r462.890625 ,
r464.0625 -
b110001100 +
1%
0$
#399500000
b110001101 #
b110001101 /
b111010001001111 !
b111010001001111 0
1$
#400000000
b110001101 (
r464.0625 ,
r465.234375 -
b110001101 +
1%
0$
#400500000
b110001110 #
b110001110 /
b111010010011010 !
b111010010011010 0
1$
#401000000
b110001110 (
r465.234375 ,
r466.40625 -
b110001110 +
1%
0$
#401500000
b110001111 #
b110001111 /
b111010011100101 !
b111010011100101 0
1$
#402000000
b110001111 (
r466.40625 ,
r467.578125 -
b110001111 +
1%
0$
#402500000
b110010000 #
b110010000 /
b111010100110000 !
b111010100110000 0
1$
#403000000
b110010000 (
r467.578125 ,
r468.75 -
b110010000 +
1%
0$
#403500000
b110010001 #
b110010001 /
b111010101111011 !
b111010101111011 0
1$
#404000000
b110010001 (
r468.75 ,
r469.921875 -
b110010001 +
1%
0$
#404500000
b110010010 #
b110010010 /
b111010111000110 !
b111010111000110 0
1$
#405000000
b110010010 (
r469.921875 ,
r471.09375 -
b110010010 +
1%
0$
#405500000
b110010011 #
b110010011 /
b111011000010001 !
b111011000010001 0
1$
#406000000
b110010011 (
r471.09375 ,
r472.265625 -
b110010011 +
1%
0$
#406500000
b110010100 #
b110010100 /
b111011001011100 !
b111011001011100 0
1$
#407000000
b110010100 (
r472.265625 ,
r473.4375 -
b110010100 +
1%
0$
#407500000
b110010101 #
b110010101 /
b111011010100111 !
b111011010100111 0
1$
#408000000
b110010101 (
r473.4375 ,
r474.609375 -
b110010101 +
1%
0$
#408500000
b110010110 #
b110010110 /
b111011011110010 !
b111011011110010 0
1$
#409000000
b110010110 (
r474.609375 ,
r475.78125 -
b110010110 +
1%
0$
#409500000
b110010111 #
b110010111 /
b111011100111101 !
b111011100111101 0
1$
#410000000
b110010111 (
r475.78125 ,
r476.953125 -
b110010111 +
1%
0$
#410500000
b110011000 #
b110011000 /
b111011110001000 !
b111011110001000 0
1$
#411000000
b110011000 (
r476.953125 ,
r478.125 -
b110011000 +
1%
0$
#411500000
b110011001 #
b110011001 /
b111011111010011 !
b111011111010011 0
1$
#412000000
b110011001 (
r478.125 ,
r479.296875 -
b110011001 +
1%
0$
#412500000
b110011010 #
b110011010 /
b111100000011110 !
b111100000011110 0
1$
#413000000
b110011010 (
r479.296875 ,
r480.46875 -
b110011010 +
1%
0$
#413500000
b110011011 #
b110011011 /
b111100001101001 !
b111100001101001 0
1$
#414000000
b110011011 (
r480.46875 ,
r481.640625 -
b110011011 +
1%
0$
#414500000
b110011100 #
b110011100 /
b111100010110100 !
b111100010110100 0
1$
#415000000
b110011100 (
r481.640625 ,
r482.8125 -
b110011100 +
1%
0$
#415500000
b110011101 #
b110011101 /
b111100011111111 !
b111100011111111 0
1$
#416000000
b110011101 (
r482.8125 ,
r483.984375 -
b110011101 +
1%
0$
#416500000
b110011110 #
b110011110 /
b111100101001010 !
b111100101001010 0
1$
#417000000
b110011110 (
r483.984375 ,
r485.15625 -
b110011110 +
1%
0$
#417500000
b110011111 #
b110011111 /
b111100110010101 !
b111100110010101 0
1$
#418000000
b110011111 (
r485.15625 ,
r486.328125 -
b110011111 +
1%
0$
#418500000
b110100000 #
b110100000 /
b111100111100000 !
b111100111100000 0
1$
#419000000
b110100000 (
r486.328125 ,
r487.5 -
b110100000 +
1%
0$
#419500000
b110100001 #
b110100001 /
b111101000101011 !
b111101000101011 0
1$
#420000000
b110100001 (
r487.5 ,
r488.671875 -
b110100001 +
1%
0$
#420500000
b110100010 #
b110100010 /
b111101001110110 !
b111101001110110 0
1$
#421000000
b110100010 (
r488.671875 ,
r489.84375 -
b110100010 +
1%
0$
#421500000
b110100011 #
b110100011 /
b111101011000001 !
b111101011000001 0
1$
#422000000
b110100011 (
r489.84375 ,
r491.015625 -
b110100011 +
1%
0$
#422500000
b110100100 #
b110100100 /
b111101100001100 !
b111101100001100 0
1$
#423000000
b110100100 (
r491.015625 ,
r492.1875 -
b110100100 +
1%
0$
#423500000
b110100101 #
b110100101 /
b111101101010111 !
b111101101010111 0
1$
#424000000
b110100101 (
r492.1875 ,
r493.359375 -
b110100101 +
1%
0$
#424500000
b110100110 #
b110100110 /
b111101110100010 !
b111101110100010 0
1$
#425000000
b110100110 (
r493.359375 ,
r494.53125 -
b110100110 +
1%
0$
#425500000
b110100111 #
b110100111 /
b111101111101101 !
b111101111101101 0
1$
#426000000
b110100111 (
r494.53125 ,
r495.703125 -
b110100111 +
1%
0$
#426500000
b110101000 #
b110101000 /
b111110000111000 !
b111110000111000 0
1$
#427000000
b110101000 (
r495.703125 ,
r496.875 -
b110101000 +
1%
0$
#427500000
b110101001 #
b110101001 /
b111110010000011 !
b111110010000011 0
1$
#428000000
b110101001 (
r496.875 ,
r498.046875 -
b110101001 +
1%
0$
#428500000
b110101010 #
b110101010 /
b111110011001110 !
b111110011001110 0
1$
#429000000
b110101010 (
r498.046875 ,
r499.21875 -
b110101010 +
1%
0$
#429500000
b110101011 #
b110101011 /
b111110100011001 !
b111110100011001 0
1$
#430000000
b110101011 (
r499.21875 ,
r500.390625 -
b110101011 +
1%
0$
#430500000
b110101100 #
b110101100 /
b111110101100100 !
b111110101100100 0
1$
#431000000
b110101100 (
r500.390625 ,
r501.5625 -
b110101100 +
1%
0$
#431500000
b110101101 #
b110101101 /
b111110110101111 !
b111110110101111 0
1$
#432000000
b110101101 (
r501.5625 ,
r502.734375 -
b110101101 +
1%
0$
#432500000
b110101110 #
b110101110 /
b111110111111010 !
b111110111111010 0
1$
#433000000
b110101110 (
r502.734375 ,
r503.90625 -
b110101110 +
1%
0$
#433500000
b110101111 #
b110101111 /
b111111001000101 !
b111111001000101 0
1$
#434000000
b110101111 (
r503.90625 ,
r505.078125 -
b110101111 +
1%
0$
#434500000
b110110000 #
b110110000 /
b111111010010000 !
b111111010010000 0
1$
#435000000
b110110000 (
r505.078125 ,
r506.25 -
b110110000 +
1%
0$
#435500000
b110110001 #
b110110001 /
b111111011011011 !
b111111011011011 0
1$
#436000000
b110110001 (
r506.25 ,
r507.421875 -
b110110001 +
1%
0$
#436500000
b110110010 #
b110110010 /
b111111100100110 !
b111111100100110 0
1$
#437000000
b110110010 (
r507.421875 ,
r508.59375 -
b110110010 +
1%
0$
#437500000
b110110011 #
b110110011 /
b111111101110001 !
b111111101110001 0
1$
#438000000
b110110011 (
r508.59375 ,
r509.765625 -
b110110011 +
1%
0$
#438500000
b110110100 #
b110110100 /
b111111110111100 !
b111111110111100 0
1$
#439000000
b110110100 (
r509.765625 ,
r510.9375 -
b110110100 +
1%
0$
#439500000
b110110101 #
b110110101 /
b1000000000000111 !
b1000000000000111 0
1$
#440000000
b110110101 (
r510.9375 ,
r512.109375 -
b110110101 +
1%
0$
#440500000
b110110110 #
b110110110 /
b1000000001010010 !
b1000000001010010 0
1$
#441000000
b110110110 (
r512.109375 ,
r513.28125 -
b110110110 +
1%
0$
#441500000
b110110111 #
b110110111 /
b1000000010011101 !
b1000000010011101 0
1$
#442000000
b110110111 (
r513.28125 ,
r514.453125 -
b110110111 +
1%
0$
#442500000
b110111000 #
b110111000 /
b1000000011101000 !
b1000000011101000 0
1$
#443000000
b110111000 (
r514.453125 ,
r515.625 -
b110111000 +
1%
0$
#443500000
b110111001 #
b110111001 /
b1000000100110011 !
b1000000100110011 0
1$
#444000000
b110111001 (
r515.625 ,
r516.796875 -
b110111001 +
1%
0$
#444500000
b110111010 #
b110111010 /
b1000000101111110 !
b1000000101111110 0
1$
#445000000
b110111010 (
r516.796875 ,
r517.96875 -
b110111010 +
1%
0$
#445500000
b110111011 #
b110111011 /
b1000000111001001 !
b1000000111001001 0
1$
#446000000
b110111011 (
r517.96875 ,
r519.140625 -
b110111011 +
1%
0$
#446500000
b110111100 #
b110111100 /
b1000001000010100 !
b1000001000010100 0
1$
#447000000
b110111100 (
r519.140625 ,
r520.3125 -
b110111100 +
1%
0$
#447500000
b110111101 #
b110111101 /
b1000001001011111 !
b1000001001011111 0
1$
#448000000
b110111101 (
r520.3125 ,
r521.484375 -
b110111101 +
1%
0$
#448500000
b110111110 #
b110111110 /
b1000001010101010 !
b1000001010101010 0
1$
#449000000
b110111110 (
r521.484375 ,
r522.65625 -
b110111110 +
1%
0$
#449500000
b110111111 #
b110111111 /
b1000001011110101 !
b1000001011110101 0
1$
#450000000
b110111111 (
r522.65625 ,
r523.828125 -
b110111111 +
1%
0$
#450500000
b111000000 #
b111000000 /
b1000001101000000 !
b1000001101000000 0
1$
#451000000
b111000000 (
r523.828125 ,
r525 -
b111000000 +
1%
0$
#451500000
b111000001 #
b111000001 /
b1000001110001011 !
b1000001110001011 0
1$
#452000000
b111000001 (
r525 ,
r526.171875 -
b111000001 +
1%
0$
#452500000
b111000010 #
b111000010 /
b1000001111010110 !
b1000001111010110 0
1$
#453000000
b111000010 (
r526.171875 ,
r527.34375 -
b111000010 +
1%
0$
#453500000
b111000011 #
b111000011 /
b1000010000100001 !
b1000010000100001 0
1$
#454000000
b111000011 (
r527.34375 ,
r528.515625 -
b111000011 +
1%
0$
#454500000
b111000100 #
b111000100 /
b1000010001101100 !
b1000010001101100 0
1$
#455000000
b111000100 (
r528.515625 ,
r529.6875 -
b111000100 +
1%
0$
#455500000
b111000101 #
b111000101 /
b1000010010110111 !
b1000010010110111 0
1$
#456000000
b111000101 (
r529.6875 ,
r530.859375 -
b111000101 +
1%
0$
#456500000
b111000110 #
b111000110 /
b1000010100000010 !
b1000010100000010 0
1$
#457000000
b111000110 (
r530.859375 ,
r532.03125 -
b111000110 +
1%
0$
#457500000
b111000111 #
b111000111 /
b1000010101001101 !
b1000010101001101 0
1$
#458000000
b111000111 (
r532.03125 ,
r533.203125 -
b111000111 +
1%
0$
#458500000
b111001000 #
b111001000 /
b1000010110011000 !
b1000010110011000 0
1$
#459000000
b111001000 (
r533.203125 ,
r534.375 -
b111001000 +
1%
0$
#459500000
b111001001 #
b111001001 /
b1000010111100011 !
b1000010111100011 0
1$
#460000000
b111001001 (
r534.375 ,
r535.546875 -
b111001001 +
1%
0$
#460500000
b111001010 #
b111001010 /
b1000011000101110 !
b1000011000101110 0
1$
#461000000
b111001010 (
r535.546875 ,
r536.71875 -
b111001010 +
1%
0$
#461500000
b111001011 #
b111001011 /
b1000011001111001 !
b1000011001111001 0
1$
#462000000
b111001011 (
r536.71875 ,
r537.890625 -
b111001011 +
1%
0$
#462500000
b111001100 #
b111001100 /
b1000011011000100 !
b1000011011000100 0
1$
#463000000
b111001100 (
r537.890625 ,
r539.0625 -
b111001100 +
1%
0$
#463500000
b111001101 #
b111001101 /
b1000011100001111 !
b1000011100001111 0
1$
#464000000
b111001101 (
r539.0625 ,
r540.234375 -
b111001101 +
1%
0$
#464500000
b111001110 #
b111001110 /
b1000011101011010 !
b1000011101011010 0
1$
#465000000
b111001110 (
r540.234375 ,
r541.40625 -
b111001110 +
1%
0$
#465500000
b111001111 #
b111001111 /
b1000011110100101 !
b1000011110100101 0
1$
#466000000
b111001111 (
r541.40625 ,
r542.578125 -
b111001111 +
1%
0$
#466500000
b111010000 #
b111010000 /
b1000011111110000 !
b1000011111110000 0
1$
#467000000
b111010000 (
r542.578125 ,
r543.75 -
b111010000 +
1%
0$
#467500000
b111010001 #
b111010001 /
b1000100000111011 !
b1000100000111011 0
1$
#468000000
b111010001 (
r543.75 ,
r544.921875 -
b111010001 +
1%
0$
#468500000
b111010010 #
b111010010 /
b1000100010000110 !
b1000100010000110 0
1$
#469000000
b111010010 (
r544.921875 ,
r546.09375 -
b111010010 +
1%
0$
#469500000
b111010011 #
b111010011 /
b1000100011010001 !
b1000100011010001 0
1$
#470000000
b111010011 (
r546.09375 ,
r547.265625 -
b111010011 +
1%
0$
#470500000
b111010100 #
b111010100 /
b1000100100011100 !
b1000100100011100 0
1$
#471000000
b111010100 (
r547.265625 ,
r548.4375 -
b111010100 +
1%
0$
#471500000
b111010101 #
b111010101 /
b1000100101100111 !
b1000100101100111 0
1$
#472000000
b111010101 (
r548.4375 ,
r549.609375 -
b111010101 +
1%
0$
#472500000
b111010110 #
b111010110 /
b1000100110110010 !
b1000100110110010 0
1$
#473000000
b111010110 (
r549.609375 ,
r550.78125 -
b111010110 +
1%
0$
#473500000
b111010111 #
b111010111 /
b1000100111111101 !
b1000100111111101 0
1$
#474000000
b111010111 (
r550.78125 ,
r551.953125 -
b111010111 +
1%
0$
#474500000
b111011000 #
b111011000 /
b1000101001001000 !
b1000101001001000 0
1$
#475000000
b111011000 (
r551.953125 ,
r553.125 -
b111011000 +
1%
0$
#475500000
b111011001 #
b111011001 /
b1000101010010011 !
b1000101010010011 0
1$
#476000000
b111011001 (
r553.125 ,
r554.296875 -
b111011001 +
1%
0$
#476500000
b111011010 #
b111011010 /
b1000101011011110 !
b1000101011011110 0
1$
#477000000
b111011010 (
r554.296875 ,
r555.46875 -
b111011010 +
1%
0$
#477500000
b111011011 #
b111011011 /
b1000101100101001 !
b1000101100101001 0
1$
#478000000
b111011011 (
r555.46875 ,
r556.640625 -
b111011011 +
1%
0$
#478500000
b111011100 #
b111011100 /
b1000101101110100 !
b1000101101110100 0
1$
#479000000
b111011100 (
r556.640625 ,
r557.8125 -
b111011100 +
1%
0$
#479500000
b111011101 #
b111011101 /
b1000101110111111 !
b1000101110111111 0
1$
#480000000
b111011101 (
r557.8125 ,
r558.984375 -
b111011101 +
1%
0$
#480500000
b111011110 #
b111011110 /
b1000110000001010 !
b1000110000001010 0
1$
#481000000
b111011110 (
r558.984375 ,
r560.15625 -
b111011110 +
1%
0$
#481500000
b111011111 #
b111011111 /
b1000110001010101 !
b1000110001010101 0
1$
#482000000
b111011111 (
r560.15625 ,
r561.328125 -
b111011111 +
1%
0$
#482500000
b111100000 #
b111100000 /
b1000110010100000 !
b1000110010100000 0
1$
#483000000
b111100000 (
r561.328125 ,
r562.5 -
b111100000 +
1%
0$
#483500000
b111100001 #
b111100001 /
b1000110011101011 !
b1000110011101011 0
1$
#484000000
b111100001 (
r562.5 ,
r563.671875 -
b111100001 +
1%
0$
#484500000
b111100010 #
b111100010 /
b1000110100110110 !
b1000110100110110 0
1$
#485000000
b111100010 (
r563.671875 ,
r564.84375 -
b111100010 +
1%
0$
#485500000
b111100011 #
b111100011 /
b1000110110000001 !
b1000110110000001 0
1$
#486000000
b111100011 (
r564.84375 ,
r566.015625 -
b111100011 +
1%
0$
#486500000
b111100100 #
b111100100 /
b1000110111001100 !
b1000110111001100 0
1$
#487000000
b111100100 (
r566.015625 ,
r567.1875 -
b111100100 +
1%
0$
#487500000
b111100101 #
b111100101 /
b1000111000010111 !
b1000111000010111 0
1$
#488000000
b111100101 (
r567.1875 ,
r568.359375 -
b111100101 +
1%
0$
#488500000
b111100110 #
b111100110 /
b1000111001100010 !
b1000111001100010 0
1$
#489000000
b111100110 (
r568.359375 ,
r569.53125 -
b111100110 +
1%
0$
#489500000
b111100111 #
b111100111 /
b1000111010101101 !
b1000111010101101 0
1$
#490000000
b111100111 (
r569.53125 ,
r570.703125 -
b111100111 +
1%
0$
#490500000
b111101000 #
b111101000 /
b1000111011111000 !
b1000111011111000 0
1$
#491000000
b111101000 (
r570.703125 ,
r571.875 -
b111101000 +
1%
0$
#491500000
b111101001 #
b111101001 /
b1000111101000011 !
b1000111101000011 0
1$
#492000000
b111101001 (
r571.875 ,
r573.046875 -
b111101001 +
1%
0$
#492500000
b111101010 #
b111101010 /
b1000111110001110 !
b1000111110001110 0
1$
#493000000
b111101010 (
r573.046875 ,
r574.21875 -
b111101010 +
1%
0$
#493500000
b111101011 #
b111101011 /
b1000111111011001 !
b1000111111011001 0
1$
#494000000
b111101011 (
r574.21875 ,
r575.390625 -
b111101011 +
1%
0$
#494500000
b111101100 #
b111101100 /
b1001000000100100 !
b1001000000100100 0
1$
#495000000
b111101100 (
r575.390625 ,
r576.5625 -
b111101100 +
1%
0$
#495500000
b111101101 #
b111101101 /
b1001000001101111 !
b1001000001101111 0
1$
#496000000
b111101101 (
r576.5625 ,
r577.734375 -
b111101101 +
1%
0$
#496500000
b111101110 #
b111101110 /
b1001000010111010 !
b1001000010111010 0
1$
#497000000
b111101110 (
r577.734375 ,
r578.90625 -
b111101110 +
1%
0$
#497500000
b111101111 #
b111101111 /
b1001000100000101 !
b1001000100000101 0
1$
#498000000
b111101111 (
r578.90625 ,
r580.078125 -
b111101111 +
1%
0$
#498500000
b111110000 #
b111110000 /
b1001000101010000 !
b1001000101010000 0
1$
#499000000
b111110000 (
r580.078125 ,
r581.25 -
b111110000 +
1%
0$
#499500000
b111110001 #
b111110001 /
b1001000110011011 !
b1001000110011011 0
1$
#500000000
b111110001 (
r581.25 ,
r582.421875 -
b111110001 +
1%
0$
#500500000
b111110010 #
b111110010 /
b1001000111100110 !
b1001000111100110 0
1$
#501000000
b111110010 (
r582.421875 ,
r583.59375 -
b111110010 +
1%
0$
#501500000
b111110011 #
b111110011 /
b1001001000110001 !
b1001001000110001 0
1$
#502000000
b111110011 (
r583.59375 ,
r584.765625 -
b111110011 +
1%
0$
#502500000
b111110100 #
b111110100 /
b1001001001111100 !
b1001001001111100 0
1$
#503000000
b111110100 (
r584.765625 ,
r585.9375 -
b111110100 +
1%
0$
#503500000
b111110101 #
b111110101 /
b1001001011000111 !
b1001001011000111 0
1$
#504000000
b111110101 (
r585.9375 ,
r587.109375 -
b111110101 +
1%
0$
#504500000
b111110110 #
b111110110 /
b1001001100010010 !
b1001001100010010 0
1$
#505000000
b111110110 (
r587.109375 ,
r588.28125 -
b111110110 +
1%
0$
#505500000
b111110111 #
b111110111 /
b1001001101011101 !
b1001001101011101 0
1$
#506000000
b111110111 (
r588.28125 ,
r589.453125 -
b111110111 +
1%
0$
#506500000
b111111000 #
b111111000 /
b1001001110101000 !
b1001001110101000 0
1$
#507000000
b111111000 (
r589.453125 ,
r590.625 -
b111111000 +
1%
0$
#507500000
b111111001 #
b111111001 /
b1001001111110011 !
b1001001111110011 0
1$
#508000000
b111111001 (
r590.625 ,
r591.796875 -
b111111001 +
1%
0$
#508500000
b111111010 #
b111111010 /
b1001010000111110 !
b1001010000111110 0
1$
#509000000
b111111010 (
r591.796875 ,
r592.96875 -
b111111010 +
1%
0$
#509500000
b111111011 #
b111111011 /
b1001010010001001 !
b1001010010001001 0
1$
#510000000
b111111011 (
r592.96875 ,
r594.140625 -
b111111011 +
1%
0$
#510500000
b111111100 #
b111111100 /
b1001010011010100 !
b1001010011010100 0
1$
#511000000
b111111100 (
r594.140625 ,
r595.3125 -
b111111100 +
1%
0$
#511500000
b111111101 #
b111111101 /
b1001010100011111 !
b1001010100011111 0
1$
#512000000
b111111101 (
r595.3125 ,
r596.484375 -
b111111101 +
1%
0$
#512500000
b111111110 #
b111111110 /
b1001010101101010 !
b1001010101101010 0
1$
#513000000
b111111110 (
r596.484375 ,
r597.65625 -
b111111110 +
1%
0$
#513500000
b111111111 #
b111111111 /
b1001010110110101 !
b1001010110110101 0
1$
#514000000
b111111111 (
r597.65625 ,
r598.828125 -
b111111111 +
1%
0$
#514500000
b1000000000 #
b1000000000 /
b1001011000000000 !
b1001011000000000 0
1$
#515000000
b1000000000 (
r598.828125 ,
r600 -
b1000000000 +
1%
0$
#515500000
b1000000001 #
b1000000001 /
b1001011001001011 !
b1001011001001011 0
1$
#516000000
b1000000001 (
r600 ,
r601.171875 -
b1000000001 +
1%
0$
#516500000
b1000000010 #
b1000000010 /
b1001011010010110 !
b1001011010010110 0
1$
#517000000
b1000000010 (
r601.171875 ,
r602.34375 -
b1000000010 +
1%
0$
#517500000
b1000000011 #
b1000000011 /
b1001011011100001 !
b1001011011100001 0
1$
#518000000
b1000000011 (
r602.34375 ,
r603.515625 -
b1000000011 +
1%
0$
#518500000
b1000000100 #
b1000000100 /
b1001011100101100 !
b1001011100101100 0
1$
#519000000
b1000000100 (
r603.515625 ,
r604.6875 -
b1000000100 +
1%
0$
#519500000
b1000000101 #
b1000000101 /
b1001011101110111 !
b1001011101110111 0
1$
#520000000
b1000000101 (
r604.6875 ,
r605.859375 -
b1000000101 +
1%
0$
#520500000
b1000000110 #
b1000000110 /
b1001011111000010 !
b1001011111000010 0
1$
#521000000
b1000000110 (
r605.859375 ,
r607.03125 -
b1000000110 +
1%
0$
#521500000
b1000000111 #
b1000000111 /
b1001100000001101 !
b1001100000001101 0
1$
#522000000
b1000000111 (
r607.03125 ,
r608.203125 -
b1000000111 +
1%
0$
#522500000
b1000001000 #
b1000001000 /
b1001100001011000 !
b1001100001011000 0
1$
#523000000
b1000001000 (
r608.203125 ,
r609.375 -
b1000001000 +
1%
0$
#523500000
b1000001001 #
b1000001001 /
b1001100010100011 !
b1001100010100011 0
1$
#524000000
b1000001001 (
r609.375 ,
r610.546875 -
b1000001001 +
1%
0$
#524500000
b1000001010 #
b1000001010 /
b1001100011101110 !
b1001100011101110 0
1$
#525000000
b1000001010 (
r610.546875 ,
r611.71875 -
b1000001010 +
1%
0$
#525500000
b1000001011 #
b1000001011 /
b1001100100111001 !
b1001100100111001 0
1$
#526000000
b1000001011 (
r611.71875 ,
r612.890625 -
b1000001011 +
1%
0$
#526500000
b1000001100 #
b1000001100 /
b1001100110000100 !
b1001100110000100 0
1$
#527000000
b1000001100 (
r612.890625 ,
r614.0625 -
b1000001100 +
1%
0$
#527500000
b1000001101 #
b1000001101 /
b1001100111001111 !
b1001100111001111 0
1$
#528000000
b1000001101 (
r614.0625 ,
r615.234375 -
b1000001101 +
1%
0$
#528500000
b1000001110 #
b1000001110 /
b1001101000011010 !
b1001101000011010 0
1$
#529000000
b1000001110 (
r615.234375 ,
r616.40625 -
b1000001110 +
1%
0$
#529500000
b1000001111 #
b1000001111 /
b1001101001100101 !
b1001101001100101 0
1$
#530000000
b1000001111 (
r616.40625 ,
r617.578125 -
b1000001111 +
1%
0$
#530500000
b1000010000 #
b1000010000 /
b1001101010110000 !
b1001101010110000 0
1$
#531000000
b1000010000 (
r617.578125 ,
r618.75 -
b1000010000 +
1%
0$
#531500000
b1000010001 #
b1000010001 /
b1001101011111011 !
b1001101011111011 0
1$
#532000000
b1000010001 (
r618.75 ,
r619.921875 -
b1000010001 +
1%
0$
#532500000
b1000010010 #
b1000010010 /
b1001101101000110 !
b1001101101000110 0
1$
#533000000
b1000010010 (
r619.921875 ,
r621.09375 -
b1000010010 +
1%
0$
#533500000
b1000010011 #
b1000010011 /
b1001101110010001 !
b1001101110010001 0
1$
#534000000
b1000010011 (
r621.09375 ,
r622.265625 -
b1000010011 +
1%
0$
#534500000
b1000010100 #
b1000010100 /
b1001101111011100 !
b1001101111011100 0
1$
#535000000
b1000010100 (
r622.265625 ,
r623.4375 -
b1000010100 +
1%
0$
#535500000
b1000010101 #
b1000010101 /
b1001110000100111 !
b1001110000100111 0
1$
#536000000
b1000010101 (
r623.4375 ,
r624.609375 -
b1000010101 +
1%
0$
#536500000
b1000010110 #
b1000010110 /
b1001110001110010 !
b1001110001110010 0
1$
#537000000
b1000010110 (
r624.609375 ,
r625.78125 -
b1000010110 +
1%
0$
#537500000
b1000010111 #
b1000010111 /
b1001110010111101 !
b1001110010111101 0
1$
#538000000
b1000010111 (
r625.78125 ,
r626.953125 -
b1000010111 +
1%
0$
#538500000
b1000011000 #
b1000011000 /
b1001110100001000 !
b1001110100001000 0
1$
#539000000
b1000011000 (
r626.953125 ,
r628.125 -
b1000011000 +
1%
0$
#539500000
b1000011001 #
b1000011001 /
b1001110101010011 !
b1001110101010011 0
1$
#540000000
b1000011001 (
r628.125 ,
r629.296875 -
b1000011001 +
1%
0$
#540500000
b1000011010 #
b1000011010 /
b1001110110011110 !
b1001110110011110 0
1$
#541000000
b1000011010 (
r629.296875 ,
r630.46875 -
b1000011010 +
1%
0$
#541500000
b1000011011 #
b1000011011 /
b1001110111101001 !
b1001110111101001 0
1$
#542000000
b1000011011 (
r630.46875 ,
r631.640625 -
b1000011011 +
1%
0$
#542500000
b1000011100 #
b1000011100 /
b1001111000110100 !
b1001111000110100 0
1$
#543000000
b1000011100 (
r631.640625 ,
r632.8125 -
b1000011100 +
1%
0$
#543500000
b1000011101 #
b1000011101 /
b1001111001111111 !
b1001111001111111 0
1$
#544000000
b1000011101 (
r632.8125 ,
r633.984375 -
b1000011101 +
1%
0$
#544500000
b1000011110 #
b1000011110 /
b1001111011001010 !
b1001111011001010 0
1$
#545000000
b1000011110 (
r633.984375 ,
r635.15625 -
b1000011110 +
1%
0$
#545500000
b1000011111 #
b1000011111 /
b1001111100010101 !
b1001111100010101 0
1$
#546000000
b1000011111 (
r635.15625 ,
r636.328125 -
b1000011111 +
1%
0$
#546500000
b1000100000 #
b1000100000 /
b1001111101100000 !
b1001111101100000 0
1$
#547000000
b1000100000 (
r636.328125 ,
r637.5 -
b1000100000 +
1%
0$
#547500000
b1000100001 #
b1000100001 /
b1001111110101011 !
b1001111110101011 0
1$
#548000000
b1000100001 (
r637.5 ,
r638.671875 -
b1000100001 +
1%
0$
#548500000
b1000100010 #
b1000100010 /
b1001111111110110 !
b1001111111110110 0
1$
#549000000
b1000100010 (
r638.671875 ,
r639.84375 -
b1000100010 +
1%
0$
#549500000
b1000100011 #
b1000100011 /
b1010000001000001 !
b1010000001000001 0
1$
#550000000
b1000100011 (
r639.84375 ,
r641.015625 -
b1000100011 +
1%
0$
#550500000
b1000100100 #
b1000100100 /
b1010000010001100 !
b1010000010001100 0
1$
#551000000
b1000100100 (
r641.015625 ,
r642.1875 -
b1000100100 +
1%
0$
#551500000
b1000100101 #
b1000100101 /
b1010000011010111 !
b1010000011010111 0
1$
#552000000
b1000100101 (
r642.1875 ,
r643.359375 -
b1000100101 +
1%
0$
#552500000
b1000100110 #
b1000100110 /
b1010000100100010 !
b1010000100100010 0
1$
#553000000
b1000100110 (
r643.359375 ,
r644.53125 -
b1000100110 +
1%
0$
#553500000
b1000100111 #
b1000100111 /
b1010000101101101 !
b1010000101101101 0
1$
#554000000
b1000100111 (
r644.53125 ,
r645.703125 -
b1000100111 +
1%
0$
#554500000
b1000101000 #
b1000101000 /
b1010000110111000 !
b1010000110111000 0
1$
#555000000
b1000101000 (
r645.703125 ,
r646.875 -
b1000101000 +
1%
0$
#555500000
b1000101001 #
b1000101001 /
b1010001000000011 !
b1010001000000011 0
1$
#556000000
b1000101001 (
r646.875 ,
r648.046875 -
b1000101001 +
1%
0$
#556500000
b1000101010 #
b1000101010 /
b1010001001001110 !
b1010001001001110 0
1$
#557000000
b1000101010 (
r648.046875 ,
r649.21875 -
b1000101010 +
1%
0$
#557500000
b1000101011 #
b1000101011 /
b1010001010011001 !
b1010001010011001 0
1$
#558000000
b1000101011 (
r649.21875 ,
r650.390625 -
b1000101011 +
1%
0$
#558500000
b1000101100 #
b1000101100 /
b1010001011100100 !
b1010001011100100 0
1$
#559000000
b1000101100 (
r650.390625 ,
r651.5625 -
b1000101100 +
1%
0$
#559500000
b1000101101 #
b1000101101 /
b1010001100101111 !
b1010001100101111 0
1$
#560000000
b1000101101 (
r651.5625 ,
r652.734375 -
b1000101101 +
1%
0$
#560500000
b1000101110 #
b1000101110 /
b1010001101111010 !
b1010001101111010 0
1$
#561000000
b1000101110 (
r652.734375 ,
r653.90625 -
b1000101110 +
1%
0$
#561500000
b1000101111 #
b1000101111 /
b1010001111000101 !
b1010001111000101 0
1$
#562000000
b1000101111 (
r653.90625 ,
r655.078125 -
b1000101111 +
1%
0$
#562500000
b1000110000 #
b1000110000 /
b1010010000010000 !
b1010010000010000 0
1$
#563000000
b1000110000 (
r655.078125 ,
r656.25 -
b1000110000 +
1%
0$
#563500000
b1000110001 #
b1000110001 /
b1010010001011011 !
b1010010001011011 0
1$
#564000000
b1000110001 (
r656.25 ,
r657.421875 -
b1000110001 +
1%
0$
#564500000
b1000110010 #
b1000110010 /
b1010010010100110 !
b1010010010100110 0
1$
#565000000
b1000110010 (
r657.421875 ,
r658.59375 -
b1000110010 +
1%
0$
#565500000
b1000110011 #
b1000110011 /
b1010010011110001 !
b1010010011110001 0
1$
#566000000
b1000110011 (
r658.59375 ,
r659.765625 -
b1000110011 +
1%
0$
#566500000
b1000110100 #
b1000110100 /
b1010010100111100 !
b1010010100111100 0
1$
#567000000
b1000110100 (
r659.765625 ,
r660.9375 -
b1000110100 +
1%
0$
#567500000
b1000110101 #
b1000110101 /
b1010010110000111 !
b1010010110000111 0
1$
#568000000
b1000110101 (
r660.9375 ,
r662.109375 -
b1000110101 +
1%
0$
#568500000
b1000110110 #
b1000110110 /
b1010010111010010 !
b1010010111010010 0
1$
#569000000
b1000110110 (
r662.109375 ,
r663.28125 -
b1000110110 +
1%
0$
#569500000
b1000110111 #
b1000110111 /
b1010011000011101 !
b1010011000011101 0
1$
#570000000
b1000110111 (
r663.28125 ,
r664.453125 -
b1000110111 +
1%
0$
#570500000
b1000111000 #
b1000111000 /
b1010011001101000 !
b1010011001101000 0
1$
#571000000
b1000111000 (
r664.453125 ,
r665.625 -
b1000111000 +
1%
0$
#571500000
b1000111001 #
b1000111001 /
b1010011010110011 !
b1010011010110011 0
1$
#572000000
b1000111001 (
r665.625 ,
r666.796875 -
b1000111001 +
1%
0$
#572500000
b1000111010 #
b1000111010 /
b1010011011111110 !
b1010011011111110 0
1$
#573000000
b1000111010 (
r666.796875 ,
r667.96875 -
b1000111010 +
1%
0$
#573500000
b1000111011 #
b1000111011 /
b1010011101001001 !
b1010011101001001 0
1$
#574000000
b1000111011 (
r667.96875 ,
r669.140625 -
b1000111011 +
1%
0$
#574500000
b1000111100 #
b1000111100 /
b1010011110010100 !
b1010011110010100 0
1$
#575000000
b1000111100 (
r669.140625 ,
r670.3125 -
b1000111100 +
1%
0$
#575500000
b1000111101 #
b1000111101 /
b1010011111011111 !
b1010011111011111 0
1$
#576000000
b1000111101 (
r670.3125 ,
r671.484375 -
b1000111101 +
1%
0$
#576500000
b1000111110 #
b1000111110 /
b1010100000101010 !
b1010100000101010 0
1$
#577000000
b1000111110 (
r671.484375 ,
r672.65625 -
b1000111110 +
1%
0$
#577500000
b1000111111 #
b1000111111 /
b1010100001110101 !
b1010100001110101 0
1$
#578000000
b1000111111 (
r672.65625 ,
r673.828125 -
b1000111111 +
1%
0$
#578500000
b1001000000 #
b1001000000 /
b1010100011000000 !
b1010100011000000 0
1$
#579000000
b1001000000 (
r673.828125 ,
r675 -
b1001000000 +
1%
0$
#579500000
b1001000001 #
b1001000001 /
b1010100100001011 !
b1010100100001011 0
1$
#580000000
b1001000001 (
r675 ,
r676.171875 -
b1001000001 +
1%
0$
#580500000
b1001000010 #
b1001000010 /
b1010100101010110 !
b1010100101010110 0
1$
#581000000
b1001000010 (
r676.171875 ,
r677.34375 -
b1001000010 +
1%
0$
#581500000
b1001000011 #
b1001000011 /
b1010100110100001 !
b1010100110100001 0
1$
#582000000
b1001000011 (
r677.34375 ,
r678.515625 -
b1001000011 +
1%
0$
#582500000
b1001000100 #
b1001000100 /
b1010100111101100 !
b1010100111101100 0
1$
#583000000
b1001000100 (
r678.515625 ,
r679.6875 -
b1001000100 +
1%
0$
#583500000
b1001000101 #
b1001000101 /
b1010101000110111 !
b1010101000110111 0
1$
#584000000
b1001000101 (
r679.6875 ,
r680.859375 -
b1001000101 +
1%
0$
#584500000
b1001000110 #
b1001000110 /
b1010101010000010 !
b1010101010000010 0
1$
#585000000
b1001000110 (
r680.859375 ,
r682.03125 -
b1001000110 +
1%
0$
#585500000
b1001000111 #
b1001000111 /
b1010101011001101 !
b1010101011001101 0
1$
#586000000
b1001000111 (
r682.03125 ,
r683.203125 -
b1001000111 +
1%
0$
#586500000
b1001001000 #
b1001001000 /
b1010101100011000 !
b1010101100011000 0
1$
#587000000
b1001001000 (
r683.203125 ,
r684.375 -
b1001001000 +
1%
0$
#587500000
b1001001001 #
b1001001001 /
b1010101101100011 !
b1010101101100011 0
1$
#588000000
b1001001001 (
r684.375 ,
r685.546875 -
b1001001001 +
1%
0$
#588500000
b1001001010 #
b1001001010 /
b1010101110101110 !
b1010101110101110 0
1$
#589000000
b1001001010 (
r685.546875 ,
r686.71875 -
b1001001010 +
1%
0$
#589500000
b1001001011 #
b1001001011 /
b1010101111111001 !
b1010101111111001 0
1$
#590000000
b1001001011 (
r686.71875 ,
r687.890625 -
b1001001011 +
1%
0$
#590500000
b1001001100 #
b1001001100 /
b1010110001000100 !
b1010110001000100 0
1$
#591000000
b1001001100 (
r687.890625 ,
r689.0625 -
b1001001100 +
1%
0$
#591500000
b1001001101 #
b1001001101 /
b1010110010001111 !
b1010110010001111 0
1$
#592000000
b1001001101 (
r689.0625 ,
r690.234375 -
b1001001101 +
1%
0$
#592500000
b1001001110 #
b1001001110 /
b1010110011011010 !
b1010110011011010 0
1$
#593000000
b1001001110 (
r690.234375 ,
r691.40625 -
b1001001110 +
1%
0$
#593500000
b1001001111 #
b1001001111 /
b1010110100100101 !
b1010110100100101 0
1$
#594000000
b1001001111 (
r691.40625 ,
r692.578125 -
b1001001111 +
1%
0$
#594500000
b1001010000 #
b1001010000 /
b1010110101110000 !
b1010110101110000 0
1$
#595000000
b1001010000 (
r692.578125 ,
r693.75 -
b1001010000 +
1%
0$
#595500000
b1001010001 #
b1001010001 /
b1010110110111011 !
b1010110110111011 0
1$
#596000000
b1001010001 (
r693.75 ,
r694.921875 -
b1001010001 +
1%
0$
#596500000
b1001010010 #
b1001010010 /
b1010111000000110 !
b1010111000000110 0
1$
#597000000
b1001010010 (
r694.921875 ,
r696.09375 -
b1001010010 +
1%
0$
#597500000
b1001010011 #
b1001010011 /
b1010111001010001 !
b1010111001010001 0
1$
#598000000
b1001010011 (
r696.09375 ,
r697.265625 -
b1001010011 +
1%
0$
#598500000
b1001010100 #
b1001010100 /
b1010111010011100 !
b1010111010011100 0
1$
#599000000
b1001010100 (
r697.265625 ,
r698.4375 -
b1001010100 +
1%
0$
#599500000
b1001010101 #
b1001010101 /
b1010111011100111 !
b1010111011100111 0
1$
#600000000
b1001010101 (
r698.4375 ,
r699.609375 -
b1001010101 +
1%
0$
#600500000
b1001010110 #
b1001010110 /
b1010111100110010 !
b1010111100110010 0
1$
#601000000
b1001010110 (
r699.609375 ,
r700.78125 -
b1001010110 +
1%
0$
#601500000
b1001010111 #
b1001010111 /
b1010111101111101 !
b1010111101111101 0
1$
#602000000
b1001010111 (
r700.78125 ,
r701.953125 -
b1001010111 +
1%
0$
#602500000
b1001011000 #
b1001011000 /
b1010111111001000 !
b1010111111001000 0
1$
#603000000
b1001011000 (
r701.953125 ,
r703.125 -
b1001011000 +
1%
0$
#603500000
b1001011001 #
b1001011001 /
b1011000000010011 !
b1011000000010011 0
1$
#604000000
b1001011001 (
r703.125 ,
r704.296875 -
b1001011001 +
1%
0$
#604500000
b1001011010 #
b1001011010 /
b1011000001011110 !
b1011000001011110 0
1$
#605000000
b1001011010 (
r704.296875 ,
r705.46875 -
b1001011010 +
1%
0$
#605500000
b1001011011 #
b1001011011 /
b1011000010101001 !
b1011000010101001 0
1$
#606000000
b1001011011 (
r705.46875 ,
r706.640625 -
b1001011011 +
1%
0$
#606500000
b1001011100 #
b1001011100 /
b1011000011110100 !
b1011000011110100 0
1$
#607000000
b1001011100 (
r706.640625 ,
r707.8125 -
b1001011100 +
1%
0$
#607500000
b1001011101 #
b1001011101 /
b1011000100111111 !
b1011000100111111 0
1$
#608000000
b1001011101 (
r707.8125 ,
r708.984375 -
b1001011101 +
1%
0$
#608500000
b1001011110 #
b1001011110 /
b1011000110001010 !
b1011000110001010 0
1$
#609000000
b1001011110 (
r708.984375 ,
r710.15625 -
b1001011110 +
1%
0$
#609500000
b1001011111 #
b1001011111 /
b1011000111010101 !
b1011000111010101 0
1$
#610000000
b1001011111 (
r710.15625 ,
r711.328125 -
b1001011111 +
1%
0$
#610500000
b1001100000 #
b1001100000 /
b1011001000100000 !
b1011001000100000 0
1$
#611000000
b1001100000 (
r711.328125 ,
r712.5 -
b1001100000 +
1%
0$
#611500000
b1001100001 #
b1001100001 /
b1011001001101011 !
b1011001001101011 0
1$
#612000000
b1001100001 (
r712.5 ,
r713.671875 -
b1001100001 +
1%
0$
#612500000
b1001100010 #
b1001100010 /
b1011001010110110 !
b1011001010110110 0
1$
#613000000
b1001100010 (
r713.671875 ,
r714.84375 -
b1001100010 +
1%
0$
#613500000
b1001100011 #
b1001100011 /
b1011001100000001 !
b1011001100000001 0
1$
#614000000
b1001100011 (
r714.84375 ,
r716.015625 -
b1001100011 +
1%
0$
#614500000
b1001100100 #
b1001100100 /
b1011001101001100 !
b1011001101001100 0
1$
#615000000
b1001100100 (
r716.015625 ,
r717.1875 -
b1001100100 +
1%
0$
#615500000
b1001100101 #
b1001100101 /
b1011001110010111 !
b1011001110010111 0
1$
#616000000
b1001100101 (
r717.1875 ,
r718.359375 -
b1001100101 +
1%
0$
#616500000
b1001100110 #
b1001100110 /
b1011001111100010 !
b1011001111100010 0
1$
#617000000
b1001100110 (
r718.359375 ,
r719.53125 -
b1001100110 +
1%
0$
#617500000
b1001100111 #
b1001100111 /
b1011010000101101 !
b1011010000101101 0
1$
#618000000
b1001100111 (
r719.53125 ,
r720.703125 -
b1001100111 +
1%
0$
#618500000
b1001101000 #
b1001101000 /
b1011010001111000 !
b1011010001111000 0
1$
#619000000
b1001101000 (
r720.703125 ,
r721.875 -
b1001101000 +
1%
0$
#619500000
b1001101001 #
b1001101001 /
b1011010011000011 !
b1011010011000011 0
1$
#620000000
b1001101001 (
r721.875 ,
r723.046875 -
b1001101001 +
1%
0$
#620500000
b1001101010 #
b1001101010 /
b1011010100001110 !
b1011010100001110 0
1$
#621000000
b1001101010 (
r723.046875 ,
r724.21875 -
b1001101010 +
1%
0$
#621500000
b1001101011 #
b1001101011 /
b1011010101011001 !
b1011010101011001 0
1$
#622000000
b1001101011 (
r724.21875 ,
r725.390625 -
b1001101011 +
1%
0$
#622500000
b1001101100 #
b1001101100 /
b1011010110100100 !
b1011010110100100 0
1$
#623000000
b1001101100 (
r725.390625 ,
r726.5625 -
b1001101100 +
1%
0$
#623500000
b1001101101 #
b1001101101 /
b1011010111101111 !
b1011010111101111 0
1$
#624000000
b1001101101 (
r726.5625 ,
r727.734375 -
b1001101101 +
1%
0$
#624500000
b1001101110 #
b1001101110 /
b1011011000111010 !
b1011011000111010 0
1$
#625000000
b1001101110 (
r727.734375 ,
r728.90625 -
b1001101110 +
1%
0$
#625500000
b1001101111 #
b1001101111 /
b1011011010000101 !
b1011011010000101 0
1$
#626000000
b1001101111 (
r728.90625 ,
r730.078125 -
b1001101111 +
1%
0$
#626500000
b1001110000 #
b1001110000 /
b1011011011010000 !
b1011011011010000 0
1$
#627000000
b1001110000 (
r730.078125 ,
r731.25 -
b1001110000 +
1%
0$
#627500000
b1001110001 #
b1001110001 /
b1011011100011011 !
b1011011100011011 0
1$
#628000000
b1001110001 (
r731.25 ,
r732.421875 -
b1001110001 +
1%
0$
#628500000
b1001110010 #
b1001110010 /
b1011011101100110 !
b1011011101100110 0
1$
#629000000
b1001110010 (
r732.421875 ,
r733.59375 -
b1001110010 +
1%
0$
#629500000
b1001110011 #
b1001110011 /
b1011011110110001 !
b1011011110110001 0
1$
#630000000
b1001110011 (
r733.59375 ,
r734.765625 -
b1001110011 +
1%
0$
#630500000
b1001110100 #
b1001110100 /
b1011011111111100 !
b1011011111111100 0
1$
#631000000
b1001110100 (
r734.765625 ,
r735.9375 -
b1001110100 +
1%
0$
#631500000
b1001110101 #
b1001110101 /
b1011100001000111 !
b1011100001000111 0
1$
#632000000
b1001110101 (
r735.9375 ,
r737.109375 -
b1001110101 +
1%
0$
#632500000
b1001110110 #
b1001110110 /
b1011100010010010 !
b1011100010010010 0
1$
#633000000
b1001110110 (
r737.109375 ,
r738.28125 -
b1001110110 +
1%
0$
#633500000
b1001110111 #
b1001110111 /
b1011100011011101 !
b1011100011011101 0
1$
#634000000
b1001110111 (
r738.28125 ,
r739.453125 -
b1001110111 +
1%
0$
#634500000
b1001111000 #
b1001111000 /
b1011100100101000 !
b1011100100101000 0
1$
#635000000
b1001111000 (
r739.453125 ,
r740.625 -
b1001111000 +
1%
0$
#635500000
b1001111001 #
b1001111001 /
b1011100101110011 !
b1011100101110011 0
1$
#636000000
b1001111001 (
r740.625 ,
r741.796875 -
b1001111001 +
1%
0$
#636500000
b1001111010 #
b1001111010 /
b1011100110111110 !
b1011100110111110 0
1$
#637000000
b1001111010 (
r741.796875 ,
r742.96875 -
b1001111010 +
1%
0$
#637500000
b1001111011 #
b1001111011 /
b1011101000001001 !
b1011101000001001 0
1$
#638000000
b1001111011 (
r742.96875 ,
r744.140625 -
b1001111011 +
1%
0$
#638500000
b1001111100 #
b1001111100 /
b1011101001010100 !
b1011101001010100 0
1$
#639000000
b1001111100 (
r744.140625 ,
r745.3125 -
b1001111100 +
1%
0$
#639500000
b1001111101 #
b1001111101 /
b1011101010011111 !
b1011101010011111 0
1$
#640000000
b1001111101 (
r745.3125 ,
r746.484375 -
b1001111101 +
1%
0$
#640500000
b1001111110 #
b1001111110 /
b1011101011101010 !
b1011101011101010 0
1$
#641000000
b1001111110 (
r746.484375 ,
r747.65625 -
b1001111110 +
1%
0$
#641500000
b1001111111 #
b1001111111 /
b1011101100110101 !
b1011101100110101 0
1$
#642000000
b1001111111 (
r747.65625 ,
r748.828125 -
b1001111111 +
1%
0$
#642500000
b1010000000 #
b1010000000 /
b1011101110000000 !
b1011101110000000 0
1$
#643000000
b1010000000 (
r748.828125 ,
r750 -
b1010000000 +
1%
0$
#643500000
b1010000001 #
b1010000001 /
b1011101111001011 !
b1011101111001011 0
1$
#644000000
b1010000001 (
r750 ,
r751.171875 -
b1010000001 +
1%
0$
#644500000
b1010000010 #
b1010000010 /
b1011110000010110 !
b1011110000010110 0
1$
#645000000
b1010000010 (
r751.171875 ,
r752.34375 -
b1010000010 +
1%
0$
#645500000
b1010000011 #
b1010000011 /
b1011110001100001 !
b1011110001100001 0
1$
#646000000
b1010000011 (
r752.34375 ,
r753.515625 -
b1010000011 +
1%
0$
#646500000
b1010000100 #
b1010000100 /
b1011110010101100 !
b1011110010101100 0
1$
#647000000
b1010000100 (
r753.515625 ,
r754.6875 -
b1010000100 +
1%
0$
#647500000
b1010000101 #
b1010000101 /
b1011110011110111 !
b1011110011110111 0
1$
#648000000
b1010000101 (
r754.6875 ,
r755.859375 -
b1010000101 +
1%
0$
#648500000
b1010000110 #
b1010000110 /
b1011110101000010 !
b1011110101000010 0
1$
#649000000
b1010000110 (
r755.859375 ,
r757.03125 -
b1010000110 +
1%
0$
#649500000
b1010000111 #
b1010000111 /
b1011110110001101 !
b1011110110001101 0
1$
#650000000
b1010000111 (
r757.03125 ,
r758.203125 -
b1010000111 +
1%
0$
#650500000
b1010001000 #
b1010001000 /
b1011110111011000 !
b1011110111011000 0
1$
#651000000
b1010001000 (
r758.203125 ,
r759.375 -
b1010001000 +
1%
0$
#651500000
b1010001001 #
b1010001001 /
b1011111000100011 !
b1011111000100011 0
1$
#652000000
b1010001001 (
r759.375 ,
r760.546875 -
b1010001001 +
1%
0$
#652500000
b1010001010 #
b1010001010 /
b1011111001101110 !
b1011111001101110 0
1$
#653000000
b1010001010 (
r760.546875 ,
r761.71875 -
b1010001010 +
1%
0$
#653500000
b1010001011 #
b1010001011 /
b1011111010111001 !
b1011111010111001 0
1$
#654000000
b1010001011 (
r761.71875 ,
r762.890625 -
b1010001011 +
1%
0$
#654500000
b1010001100 #
b1010001100 /
b1011111100000100 !
b1011111100000100 0
1$
#655000000
b1010001100 (
r762.890625 ,
r764.0625 -
b1010001100 +
1%
0$
#655500000
b1010001101 #
b1010001101 /
b1011111101001111 !
b1011111101001111 0
1$
#656000000
b1010001101 (
r764.0625 ,
r765.234375 -
b1010001101 +
1%
0$
#656500000
b1010001110 #
b1010001110 /
b1011111110011010 !
b1011111110011010 0
1$
#657000000
b1010001110 (
r765.234375 ,
r766.40625 -
b1010001110 +
1%
0$
#657500000
b1010001111 #
b1010001111 /
b1011111111100101 !
b1011111111100101 0
1$
#658000000
b1010001111 (
r766.40625 ,
r767.578125 -
b1010001111 +
1%
0$
#658500000
b1010010000 #
b1010010000 /
b1100000000110000 !
b1100000000110000 0
1$
#659000000
b1010010000 (
r767.578125 ,
r768.75 -
b1010010000 +
1%
0$
#659500000
b1010010001 #
b1010010001 /
b1100000001111011 !
b1100000001111011 0
1$
#660000000
b1010010001 (
r768.75 ,
r769.921875 -
b1010010001 +
1%
0$
#660500000
b1010010010 #
b1010010010 /
b1100000011000110 !
b1100000011000110 0
1$
#661000000
b1010010010 (
r769.921875 ,
r771.09375 -
b1010010010 +
1%
0$
#661500000
b1010010011 #
b1010010011 /
b1100000100010001 !
b1100000100010001 0
1$
#662000000
b1010010011 (
r771.09375 ,
r772.265625 -
b1010010011 +
1%
0$
#662500000
b1010010100 #
b1010010100 /
b1100000101011100 !
b1100000101011100 0
1$
#663000000
b1010010100 (
r772.265625 ,
r773.4375 -
b1010010100 +
1%
0$
#663500000
b1010010101 #
b1010010101 /
b1100000110100111 !
b1100000110100111 0
1$
#664000000
b1010010101 (
r773.4375 ,
r774.609375 -
b1010010101 +
1%
0$
#664500000
b1010010110 #
b1010010110 /
b1100000111110010 !
b1100000111110010 0
1$
#665000000
b1010010110 (
r774.609375 ,
r775.78125 -
b1010010110 +
1%
0$
#665500000
b1010010111 #
b1010010111 /
b1100001000111101 !
b1100001000111101 0
1$
#666000000
b1010010111 (
r775.78125 ,
r776.953125 -
b1010010111 +
1%
0$
#666500000
b1010011000 #
b1010011000 /
b1100001010001000 !
b1100001010001000 0
1$
#667000000
b1010011000 (
r776.953125 ,
r778.125 -
b1010011000 +
1%
0$
#667500000
b1010011001 #
b1010011001 /
b1100001011010011 !
b1100001011010011 0
1$
#668000000
b1010011001 (
r778.125 ,
r779.296875 -
b1010011001 +
1%
0$
#668500000
b1010011010 #
b1010011010 /
b1100001100011110 !
b1100001100011110 0
1$
#669000000
b1010011010 (
r779.296875 ,
r780.46875 -
b1010011010 +
1%
0$
#669500000
b1010011011 #
b1010011011 /
b1100001101101001 !
b1100001101101001 0
1$
#670000000
b1010011011 (
r780.46875 ,
r781.640625 -
b1010011011 +
1%
0$
#670500000
b1010011100 #
b1010011100 /
b1100001110110100 !
b1100001110110100 0
1$
#671000000
b1010011100 (
r781.640625 ,
r782.8125 -
b1010011100 +
1%
0$
#671500000
b1010011101 #
b1010011101 /
b1100001111111111 !
b1100001111111111 0
1$
#672000000
b1010011101 (
r782.8125 ,
r783.984375 -
b1010011101 +
1%
0$
#672500000
b1010011110 #
b1010011110 /
b1100010001001010 !
b1100010001001010 0
1$
#673000000
b1010011110 (
r783.984375 ,
r785.15625 -
b1010011110 +
1%
0$
#673500000
b1010011111 #
b1010011111 /
b1100010010010101 !
b1100010010010101 0
1$
#674000000
b1010011111 (
r785.15625 ,
r786.328125 -
b1010011111 +
1%
0$
#674500000
b1010100000 #
b1010100000 /
b1100010011100000 !
b1100010011100000 0
1$
#675000000
b1010100000 (
r786.328125 ,
r787.5 -
b1010100000 +
1%
0$
#675500000
b1010100001 #
b1010100001 /
b1100010100101011 !
b1100010100101011 0
1$
#676000000
b1010100001 (
r787.5 ,
r788.671875 -
b1010100001 +
1%
0$
#676500000
b1010100010 #
b1010100010 /
b1100010101110110 !
b1100010101110110 0
1$
#677000000
b1010100010 (
r788.671875 ,
r789.84375 -
b1010100010 +
1%
0$
#677500000
b1010100011 #
b1010100011 /
b1100010111000001 !
b1100010111000001 0
1$
#678000000
b1010100011 (
r789.84375 ,
r791.015625 -
b1010100011 +
1%
0$
#678500000
b1010100100 #
b1010100100 /
b1100011000001100 !
b1100011000001100 0
1$
#679000000
b1010100100 (
r791.015625 ,
r792.1875 -
b1010100100 +
1%
0$
#679500000
b1010100101 #
b1010100101 /
b1100011001010111 !
b1100011001010111 0
1$
#680000000
b1010100101 (
r792.1875 ,
r793.359375 -
b1010100101 +
1%
0$
#680500000
b1010100110 #
b1010100110 /
b1100011010100010 !
b1100011010100010 0
1$
#681000000
b1010100110 (
r793.359375 ,
r794.53125 -
b1010100110 +
1%
0$
#681500000
b1010100111 #
b1010100111 /
b1100011011101101 !
b1100011011101101 0
1$
#682000000
b1010100111 (
r794.53125 ,
r795.703125 -
b1010100111 +
1%
0$
#682500000
b1010101000 #
b1010101000 /
b1100011100111000 !
b1100011100111000 0
1$
#683000000
b1010101000 (
r795.703125 ,
r796.875 -
b1010101000 +
1%
0$
#683500000
b1010101001 #
b1010101001 /
b1100011110000011 !
b1100011110000011 0
1$
#684000000
b1010101001 (
r796.875 ,
r798.046875 -
b1010101001 +
1%
0$
#684500000
b1010101010 #
b1010101010 /
b1100011111001110 !
b1100011111001110 0
1$
#685000000
b1010101010 (
r798.046875 ,
r799.21875 -
b1010101010 +
1%
0$
#685500000
b1010101011 #
b1010101011 /
b1100100000011001 !
b1100100000011001 0
1$
#686000000
b1010101011 (
r799.21875 ,
r800.390625 -
b1010101011 +
1%
0$
#686500000
b1010101100 #
b1010101100 /
b1100100001100100 !
b1100100001100100 0
1$
#687000000
b1010101100 (
r800.390625 ,
r801.5625 -
b1010101100 +
1%
0$
#687500000
b1010101101 #
b1010101101 /
b1100100010101111 !
b1100100010101111 0
1$
#688000000
b1010101101 (
r801.5625 ,
r802.734375 -
b1010101101 +
1%
0$
#688500000
b1010101110 #
b1010101110 /
b1100100011111010 !
b1100100011111010 0
1$
#689000000
b1010101110 (
r802.734375 ,
r803.90625 -
b1010101110 +
1%
0$
#689500000
b1010101111 #
b1010101111 /
b1100100101000101 !
b1100100101000101 0
1$
#690000000
b1010101111 (
r803.90625 ,
r805.078125 -
b1010101111 +
1%
0$
#690500000
b1010110000 #
b1010110000 /
b1100100110010000 !
b1100100110010000 0
1$
#691000000
b1010110000 (
r805.078125 ,
r806.25 -
b1010110000 +
1%
0$
#691500000
b1010110001 #
b1010110001 /
b1100100111011011 !
b1100100111011011 0
1$
#692000000
b1010110001 (
r806.25 ,
r807.421875 -
b1010110001 +
1%
0$
#692500000
b1010110010 #
b1010110010 /
b1100101000100110 !
b1100101000100110 0
1$
#693000000
b1010110010 (
r807.421875 ,
r808.59375 -
b1010110010 +
1%
0$
#693500000
b1010110011 #
b1010110011 /
b1100101001110001 !
b1100101001110001 0
1$
#694000000
b1010110011 (
r808.59375 ,
r809.765625 -
b1010110011 +
1%
0$
#694500000
b1010110100 #
b1010110100 /
b1100101010111100 !
b1100101010111100 0
1$
#695000000
b1010110100 (
r809.765625 ,
r810.9375 -
b1010110100 +
1%
0$
#695500000
b1010110101 #
b1010110101 /
b1100101100000111 !
b1100101100000111 0
1$
#696000000
b1010110101 (
r810.9375 ,
r812.109375 -
b1010110101 +
1%
0$
#696500000
b1010110110 #
b1010110110 /
b1100101101010010 !
b1100101101010010 0
1$
#697000000
b1010110110 (
r812.109375 ,
r813.28125 -
b1010110110 +
1%
0$
#697500000
b1010110111 #
b1010110111 /
b1100101110011101 !
b1100101110011101 0
1$
#698000000
b1010110111 (
r813.28125 ,
r814.453125 -
b1010110111 +
1%
0$
#698500000
b1010111000 #
b1010111000 /
b1100101111101000 !
b1100101111101000 0
1$
#699000000
b1010111000 (
r814.453125 ,
r815.625 -
b1010111000 +
1%
0$
#699500000
b1010111001 #
b1010111001 /
b1100110000110011 !
b1100110000110011 0
1$
#700000000
b1010111001 (
r815.625 ,
r816.796875 -
b1010111001 +
1%
0$
#700500000
b1010111010 #
b1010111010 /
b1100110001111110 !
b1100110001111110 0
1$
#701000000
b1010111010 (
r816.796875 ,
r817.96875 -
b1010111010 +
1%
0$
#701500000
b1010111011 #
b1010111011 /
b1100110011001001 !
b1100110011001001 0
1$
#702000000
b1010111011 (
r817.96875 ,
r819.140625 -
b1010111011 +
1%
0$
#702500000
b1010111100 #
b1010111100 /
b1100110100010100 !
b1100110100010100 0
1$
#703000000
b1010111100 (
r819.140625 ,
r820.3125 -
b1010111100 +
1%
0$
#703500000
b1010111101 #
b1010111101 /
b1100110101011111 !
b1100110101011111 0
1$
#704000000
b1010111101 (
r820.3125 ,
r821.484375 -
b1010111101 +
1%
0$
#704500000
b1010111110 #
b1010111110 /
b1100110110101010 !
b1100110110101010 0
1$
#705000000
b1010111110 (
r821.484375 ,
r822.65625 -
b1010111110 +
1%
0$
#705500000
b1010111111 #
b1010111111 /
b1100110111110101 !
b1100110111110101 0
1$
#706000000
b1010111111 (
r822.65625 ,
r823.828125 -
b1010111111 +
1%
0$
#706500000
b1011000000 #
b1011000000 /
b1100111001000000 !
b1100111001000000 0
1$
#707000000
b1011000000 (
r823.828125 ,
r825 -
b1011000000 +
1%
0$
#707500000
b1011000001 #
b1011000001 /
b1100111010001011 !
b1100111010001011 0
1$
#708000000
b1011000001 (
r825 ,
r826.171875 -
b1011000001 +
1%
0$
#708500000
b1011000010 #
b1011000010 /
b1100111011010110 !
b1100111011010110 0
1$
#709000000
b1011000010 (
r826.171875 ,
r827.34375 -
b1011000010 +
1%
0$
#709500000
b1011000011 #
b1011000011 /
b1100111100100001 !
b1100111100100001 0
1$
#710000000
b1011000011 (
r827.34375 ,
r828.515625 -
b1011000011 +
1%
0$
#710500000
b1011000100 #
b1011000100 /
b1100111101101100 !
b1100111101101100 0
1$
#711000000
b1011000100 (
r828.515625 ,
r829.6875 -
b1011000100 +
1%
0$
#711500000
b1011000101 #
b1011000101 /
b1100111110110111 !
b1100111110110111 0
1$
#712000000
b1011000101 (
r829.6875 ,
r830.859375 -
b1011000101 +
1%
0$
#712500000
b1011000110 #
b1011000110 /
b1101000000000010 !
b1101000000000010 0
1$
#713000000
b1011000110 (
r830.859375 ,
r832.03125 -
b1011000110 +
1%
0$
#713500000
b1011000111 #
b1011000111 /
b1101000001001101 !
b1101000001001101 0
1$
#714000000
b1011000111 (
r832.03125 ,
r833.203125 -
b1011000111 +
1%
0$
#714500000
b1011001000 #
b1011001000 /
b1101000010011000 !
b1101000010011000 0
1$
#715000000
b1011001000 (
r833.203125 ,
r834.375 -
b1011001000 +
1%
0$
#715500000
b1011001001 #
b1011001001 /
b1101000011100011 !
b1101000011100011 0
1$
#716000000
b1011001001 (
r834.375 ,
r835.546875 -
b1011001001 +
1%
0$
#716500000
b1011001010 #
b1011001010 /
b1101000100101110 !
b1101000100101110 0
1$
#717000000
b1011001010 (
r835.546875 ,
r836.71875 -
b1011001010 +
1%
0$
#717500000
b1011001011 #
b1011001011 /
b1101000101111001 !
b1101000101111001 0
1$
#718000000
b1011001011 (
r836.71875 ,
r837.890625 -
b1011001011 +
1%
0$
#718500000
b1011001100 #
b1011001100 /
b1101000111000100 !
b1101000111000100 0
1$
#719000000
b1011001100 (
r837.890625 ,
r839.0625 -
b1011001100 +
1%
0$
#719500000
b1011001101 #
b1011001101 /
b1101001000001111 !
b1101001000001111 0
1$
#720000000
b1011001101 (
r839.0625 ,
r840.234375 -
b1011001101 +
1%
0$
#720500000
b1011001110 #
b1011001110 /
b1101001001011010 !
b1101001001011010 0
1$
#721000000
b1011001110 (
r840.234375 ,
r841.40625 -
b1011001110 +
1%
0$
#721500000
b1011001111 #
b1011001111 /
b1101001010100101 !
b1101001010100101 0
1$
#722000000
b1011001111 (
r841.40625 ,
r842.578125 -
b1011001111 +
1%
0$
#722500000
b1011010000 #
b1011010000 /
b1101001011110000 !
b1101001011110000 0
1$
#723000000
b1011010000 (
r842.578125 ,
r843.75 -
b1011010000 +
1%
0$
#723500000
b1011010001 #
b1011010001 /
b1101001100111011 !
b1101001100111011 0
1$
#724000000
b1011010001 (
r843.75 ,
r844.921875 -
b1011010001 +
1%
0$
#724500000
b1011010010 #
b1011010010 /
b1101001110000110 !
b1101001110000110 0
1$
#725000000
b1011010010 (
r844.921875 ,
r846.09375 -
b1011010010 +
1%
0$
#725500000
b1011010011 #
b1011010011 /
b1101001111010001 !
b1101001111010001 0
1$
#726000000
b1011010011 (
r846.09375 ,
r847.265625 -
b1011010011 +
1%
0$
#726500000
b1011010100 #
b1011010100 /
b1101010000011100 !
b1101010000011100 0
1$
#727000000
b1011010100 (
r847.265625 ,
r848.4375 -
b1011010100 +
1%
0$
#727500000
b1011010101 #
b1011010101 /
b1101010001100111 !
b1101010001100111 0
1$
#728000000
b1011010101 (
r848.4375 ,
r849.609375 -
b1011010101 +
1%
0$
#728500000
b1011010110 #
b1011010110 /
b1101010010110010 !
b1101010010110010 0
1$
#729000000
b1011010110 (
r849.609375 ,
r850.78125 -
b1011010110 +
1%
0$
#729500000
b1011010111 #
b1011010111 /
b1101010011111101 !
b1101010011111101 0
1$
#730000000
b1011010111 (
r850.78125 ,
r851.953125 -
b1011010111 +
1%
0$
#730500000
b1011011000 #
b1011011000 /
b1101010101001000 !
b1101010101001000 0
1$
#731000000
b1011011000 (
r851.953125 ,
r853.125 -
b1011011000 +
1%
0$
#731500000
b1011011001 #
b1011011001 /
b1101010110010011 !
b1101010110010011 0
1$
#732000000
b1011011001 (
r853.125 ,
r854.296875 -
b1011011001 +
1%
0$
#732500000
b1011011010 #
b1011011010 /
b1101010111011110 !
b1101010111011110 0
1$
#733000000
b1011011010 (
r854.296875 ,
r855.46875 -
b1011011010 +
1%
0$
#733500000
b1011011011 #
b1011011011 /
b1101011000101001 !
b1101011000101001 0
1$
#734000000
b1011011011 (
r855.46875 ,
r856.640625 -
b1011011011 +
1%
0$
#734500000
b1011011100 #
b1011011100 /
b1101011001110100 !
b1101011001110100 0
1$
#735000000
b1011011100 (
r856.640625 ,
r857.8125 -
b1011011100 +
1%
0$
#735500000
b1011011101 #
b1011011101 /
b1101011010111111 !
b1101011010111111 0
1$
#736000000
b1011011101 (
r857.8125 ,
r858.984375 -
b1011011101 +
1%
0$
#736500000
b1011011110 #
b1011011110 /
b1101011100001010 !
b1101011100001010 0
1$
#737000000
b1011011110 (
r858.984375 ,
r860.15625 -
b1011011110 +
1%
0$
#737500000
b1011011111 #
b1011011111 /
b1101011101010101 !
b1101011101010101 0
1$
#738000000
b1011011111 (
r860.15625 ,
r861.328125 -
b1011011111 +
1%
0$
#738500000
b1011100000 #
b1011100000 /
b1101011110100000 !
b1101011110100000 0
1$
#739000000
b1011100000 (
r861.328125 ,
r862.5 -
b1011100000 +
1%
0$
#739500000
b1011100001 #
b1011100001 /
b1101011111101011 !
b1101011111101011 0
1$
#740000000
b1011100001 (
r862.5 ,
r863.671875 -
b1011100001 +
1%
0$
#740500000
b1011100010 #
b1011100010 /
b1101100000110110 !
b1101100000110110 0
1$
#741000000
b1011100010 (
r863.671875 ,
r864.84375 -
b1011100010 +
1%
0$
#741500000
b1011100011 #
b1011100011 /
b1101100010000001 !
b1101100010000001 0
1$
#742000000
b1011100011 (
r864.84375 ,
r866.015625 -
b1011100011 +
1%
0$
#742500000
b1011100100 #
b1011100100 /
b1101100011001100 !
b1101100011001100 0
1$
#743000000
b1011100100 (
r866.015625 ,
r867.1875 -
b1011100100 +
1%
0$
#743500000
b1011100101 #
b1011100101 /
b1101100100010111 !
b1101100100010111 0
1$
#744000000
b1011100101 (
r867.1875 ,
r868.359375 -
b1011100101 +
1%
0$
#744500000
b1011100110 #
b1011100110 /
b1101100101100010 !
b1101100101100010 0
1$
#745000000
b1011100110 (
r868.359375 ,
r869.53125 -
b1011100110 +
1%
0$
#745500000
b1011100111 #
b1011100111 /
b1101100110101101 !
b1101100110101101 0
1$
#746000000
b1011100111 (
r869.53125 ,
r870.703125 -
b1011100111 +
1%
0$
#746500000
b1011101000 #
b1011101000 /
b1101100111111000 !
b1101100111111000 0
1$
#747000000
b1011101000 (
r870.703125 ,
r871.875 -
b1011101000 +
1%
0$
#747500000
b1011101001 #
b1011101001 /
b1101101001000011 !
b1101101001000011 0
1$
#748000000
b1011101001 (
r871.875 ,
r873.046875 -
b1011101001 +
1%
0$
#748500000
b1011101010 #
b1011101010 /
b1101101010001110 !
b1101101010001110 0
1$
#749000000
b1011101010 (
r873.046875 ,
r874.21875 -
b1011101010 +
1%
0$
#749500000
b1011101011 #
b1011101011 /
b1101101011011001 !
b1101101011011001 0
1$
#750000000
b1011101011 (
r874.21875 ,
r875.390625 -
b1011101011 +
1%
0$
#750500000
b1011101100 #
b1011101100 /
b1101101100100100 !
b1101101100100100 0
1$
#751000000
b1011101100 (
r875.390625 ,
r876.5625 -
b1011101100 +
1%
0$
#751500000
b1011101101 #
b1011101101 /
b1101101101101111 !
b1101101101101111 0
1$
#752000000
b1011101101 (
r876.5625 ,
r877.734375 -
b1011101101 +
1%
0$
#752500000
b1011101110 #
b1011101110 /
b1101101110111010 !
b1101101110111010 0
1$
#753000000
b1011101110 (
r877.734375 ,
r878.90625 -
b1011101110 +
1%
0$
#753500000
b1011101111 #
b1011101111 /
b1101110000000101 !
b1101110000000101 0
1$
#754000000
b1011101111 (
r878.90625 ,
r880.078125 -
b1011101111 +
1%
0$
#754500000
b1011110000 #
b1011110000 /
b1101110001010000 !
b1101110001010000 0
1$
#755000000
b1011110000 (
r880.078125 ,
r881.25 -
b1011110000 +
1%
0$
#755500000
b1011110001 #
b1011110001 /
b1101110010011011 !
b1101110010011011 0
1$
#756000000
b1011110001 (
r881.25 ,
r882.421875 -
b1011110001 +
1%
0$
#756500000
b1011110010 #
b1011110010 /
b1101110011100110 !
b1101110011100110 0
1$
#757000000
b1011110010 (
r882.421875 ,
r883.59375 -
b1011110010 +
1%
0$
#757500000
b1011110011 #
b1011110011 /
b1101110100110001 !
b1101110100110001 0
1$
#758000000
b1011110011 (
r883.59375 ,
r884.765625 -
b1011110011 +
1%
0$
#758500000
b1011110100 #
b1011110100 /
b1101110101111100 !
b1101110101111100 0
1$
#759000000
b1011110100 (
r884.765625 ,
r885.9375 -
b1011110100 +
1%
0$
#759500000
b1011110101 #
b1011110101 /
b1101110111000111 !
b1101110111000111 0
1$
#760000000
b1011110101 (
r885.9375 ,
r887.109375 -
b1011110101 +
1%
0$
#760500000
b1011110110 #
b1011110110 /
b1101111000010010 !
b1101111000010010 0
1$
#761000000
b1011110110 (
r887.109375 ,
r888.28125 -
b1011110110 +
1%
0$
#761500000
b1011110111 #
b1011110111 /
b1101111001011101 !
b1101111001011101 0
1$
#762000000
b1011110111 (
r888.28125 ,
r889.453125 -
b1011110111 +
1%
0$
#762500000
b1011111000 #
b1011111000 /
b1101111010101000 !
b1101111010101000 0
1$
#763000000
b1011111000 (
r889.453125 ,
r890.625 -
b1011111000 +
1%
0$
#763500000
b1011111001 #
b1011111001 /
b1101111011110011 !
b1101111011110011 0
1$
#764000000
b1011111001 (
r890.625 ,
r891.796875 -
b1011111001 +
1%
0$
#764500000
b1011111010 #
b1011111010 /
b1101111100111110 !
b1101111100111110 0
1$
#765000000
b1011111010 (
r891.796875 ,
r892.96875 -
b1011111010 +
1%
0$
#765500000
b1011111011 #
b1011111011 /
b1101111110001001 !
b1101111110001001 0
1$
#766000000
b1011111011 (
r892.96875 ,
r894.140625 -
b1011111011 +
1%
0$
#766500000
b1011111100 #
b1011111100 /
b1101111111010100 !
b1101111111010100 0
1$
#767000000
b1011111100 (
r894.140625 ,
r895.3125 -
b1011111100 +
1%
0$
#767500000
b1011111101 #
b1011111101 /
b1110000000011111 !
b1110000000011111 0
1$
#768000000
b1011111101 (
r895.3125 ,
r896.484375 -
b1011111101 +
1%
0$
#768500000
b1011111110 #
b1011111110 /
b1110000001101010 !
b1110000001101010 0
1$
#769000000
b1011111110 (
r896.484375 ,
r897.65625 -
b1011111110 +
1%
0$
#769500000
b1011111111 #
b1011111111 /
b1110000010110101 !
b1110000010110101 0
1$
#770000000
b1011111111 (
r897.65625 ,
r898.828125 -
b1011111111 +
1%
0$
#770500000
b1100000000 #
b1100000000 /
b1110000100000000 !
b1110000100000000 0
1$
#771000000
b1100000000 (
r898.828125 ,
r900 -
b1100000000 +
1%
0$
#771500000
b1100000001 #
b1100000001 /
b1110000101001011 !
b1110000101001011 0
1$
#772000000
b1100000001 (
r900 ,
r901.171875 -
b1100000001 +
1%
0$
#772500000
b1100000010 #
b1100000010 /
b1110000110010110 !
b1110000110010110 0
1$
#773000000
b1100000010 (
r901.171875 ,
r902.34375 -
b1100000010 +
1%
0$
#773500000
b1100000011 #
b1100000011 /
b1110000111100001 !
b1110000111100001 0
1$
#774000000
b1100000011 (
r902.34375 ,
r903.515625 -
b1100000011 +
1%
0$
#774500000
b1100000100 #
b1100000100 /
b1110001000101100 !
b1110001000101100 0
1$
#775000000
b1100000100 (
r903.515625 ,
r904.6875 -
b1100000100 +
1%
0$
#775500000
b1100000101 #
b1100000101 /
b1110001001110111 !
b1110001001110111 0
1$
#776000000
b1100000101 (
r904.6875 ,
r905.859375 -
b1100000101 +
1%
0$
#776500000
b1100000110 #
b1100000110 /
b1110001011000010 !
b1110001011000010 0
1$
#777000000
b1100000110 (
r905.859375 ,
r907.03125 -
b1100000110 +
1%
0$
#777500000
b1100000111 #
b1100000111 /
b1110001100001101 !
b1110001100001101 0
1$
#778000000
b1100000111 (
r907.03125 ,
r908.203125 -
b1100000111 +
1%
0$
#778500000
b1100001000 #
b1100001000 /
b1110001101011000 !
b1110001101011000 0
1$
#779000000
b1100001000 (
r908.203125 ,
r909.375 -
b1100001000 +
1%
0$
#779500000
b1100001001 #
b1100001001 /
b1110001110100011 !
b1110001110100011 0
1$
#780000000
b1100001001 (
r909.375 ,
r910.546875 -
b1100001001 +
1%
0$
#780500000
b1100001010 #
b1100001010 /
b1110001111101110 !
b1110001111101110 0
1$
#781000000
b1100001010 (
r910.546875 ,
r911.71875 -
b1100001010 +
1%
0$
#781500000
b1100001011 #
b1100001011 /
b1110010000111001 !
b1110010000111001 0
1$
#782000000
b1100001011 (
r911.71875 ,
r912.890625 -
b1100001011 +
1%
0$
#782500000
b1100001100 #
b1100001100 /
b1110010010000100 !
b1110010010000100 0
1$
#783000000
b1100001100 (
r912.890625 ,
r914.0625 -
b1100001100 +
1%
0$
#783500000
b1100001101 #
b1100001101 /
b1110010011001111 !
b1110010011001111 0
1$
#784000000
b1100001101 (
r914.0625 ,
r915.234375 -
b1100001101 +
1%
0$
#784500000
b1100001110 #
b1100001110 /
b1110010100011010 !
b1110010100011010 0
1$
#785000000
b1100001110 (
r915.234375 ,
r916.40625 -
b1100001110 +
1%
0$
#785500000
b1100001111 #
b1100001111 /
b1110010101100101 !
b1110010101100101 0
1$
#786000000
b1100001111 (
r916.40625 ,
r917.578125 -
b1100001111 +
1%
0$
#786500000
b1100010000 #
b1100010000 /
b1110010110110000 !
b1110010110110000 0
1$
#787000000
b1100010000 (
r917.578125 ,
r918.75 -
b1100010000 +
1%
0$
#787500000
b1100010001 #
b1100010001 /
b1110010111111011 !
b1110010111111011 0
1$
#788000000
b1100010001 (
r918.75 ,
r919.921875 -
b1100010001 +
1%
0$
#788500000
b1100010010 #
b1100010010 /
b1110011001000110 !
b1110011001000110 0
1$
#789000000
b1100010010 (
r919.921875 ,
r921.09375 -
b1100010010 +
1%
0$
#789500000
b1100010011 #
b1100010011 /
b1110011010010001 !
b1110011010010001 0
1$
#790000000
b1100010011 (
r921.09375 ,
r922.265625 -
b1100010011 +
1%
0$
#790500000
b1100010100 #
b1100010100 /
b1110011011011100 !
b1110011011011100 0
1$
#791000000
b1100010100 (
r922.265625 ,
r923.4375 -
b1100010100 +
1%
0$
#791500000
b1100010101 #
b1100010101 /
b1110011100100111 !
b1110011100100111 0
1$
#792000000
b1100010101 (
r923.4375 ,
r924.609375 -
b1100010101 +
1%
0$
#792500000
b1100010110 #
b1100010110 /
b1110011101110010 !
b1110011101110010 0
1$
#793000000
b1100010110 (
r924.609375 ,
r925.78125 -
b1100010110 +
1%
0$
#793500000
b1100010111 #
b1100010111 /
b1110011110111101 !
b1110011110111101 0
1$
#794000000
b1100010111 (
r925.78125 ,
r926.953125 -
b1100010111 +
1%
0$
#794500000
b1100011000 #
b1100011000 /
b1110100000001000 !
b1110100000001000 0
1$
#795000000
b1100011000 (
r926.953125 ,
r928.125 -
b1100011000 +
1%
0$
#795500000
b1100011001 #
b1100011001 /
b1110100001010011 !
b1110100001010011 0
1$
#796000000
b1100011001 (
r928.125 ,
r929.296875 -
b1100011001 +
1%
0$
#796500000
b1100011010 #
b1100011010 /
b1110100010011110 !
b1110100010011110 0
1$
#797000000
b1100011010 (
r929.296875 ,
r930.46875 -
b1100011010 +
1%
0$
#797500000
b1100011011 #
b1100011011 /
b1110100011101001 !
b1110100011101001 0
1$
#798000000
b1100011011 (
r930.46875 ,
r931.640625 -
b1100011011 +
1%
0$
#798500000
b1100011100 #
b1100011100 /
b1110100100110100 !
b1110100100110100 0
1$
#799000000
b1100011100 (
r931.640625 ,
r932.8125 -
b1100011100 +
1%
0$
#799500000
b1100011101 #
b1100011101 /
b1110100101111111 !
b1110100101111111 0
1$
#800000000
b1100011101 (
r932.8125 ,
r933.984375 -
b1100011101 +
1%
0$
#800500000
b1100011110 #
b1100011110 /
b1110100111001010 !
b1110100111001010 0
1$
#801000000
b1100011110 (
r933.984375 ,
r935.15625 -
b1100011110 +
1%
0$
#801500000
b1100011111 #
b1100011111 /
b1110101000010101 !
b1110101000010101 0
1$
#802000000
b1100011111 (
r935.15625 ,
r936.328125 -
b1100011111 +
1%
0$
#802500000
b1100100000 #
b1100100000 /
b1110101001100000 !
b1110101001100000 0
1$
#803000000
b1100100000 (
r936.328125 ,
r937.5 -
b1100100000 +
1%
0$
#803500000
b1100100001 #
b1100100001 /
b1110101010101011 !
b1110101010101011 0
1$
#804000000
b1100100001 (
r937.5 ,
r938.671875 -
b1100100001 +
1%
0$
#804500000
b1100100010 #
b1100100010 /
b1110101011110110 !
b1110101011110110 0
1$
#805000000
b1100100010 (
r938.671875 ,
r939.84375 -
b1100100010 +
1%
0$
#805500000
b1100100011 #
b1100100011 /
b1110101101000001 !
b1110101101000001 0
1$
#806000000
b1100100011 (
r939.84375 ,
r941.015625 -
b1100100011 +
1%
0$
#806500000
b1100100100 #
b1100100100 /
b1110101110001100 !
b1110101110001100 0
1$
#807000000
b1100100100 (
r941.015625 ,
r942.1875 -
b1100100100 +
1%
0$
#807500000
b1100100101 #
b1100100101 /
b1110101111010111 !
b1110101111010111 0
1$
#808000000
b1100100101 (
r942.1875 ,
r943.359375 -
b1100100101 +
1%
0$
#808500000
b1100100110 #
b1100100110 /
b1110110000100010 !
b1110110000100010 0
1$
#809000000
b1100100110 (
r943.359375 ,
r944.53125 -
b1100100110 +
1%
0$
#809500000
b1100100111 #
b1100100111 /
b1110110001101101 !
b1110110001101101 0
1$
#810000000
b1100100111 (
r944.53125 ,
r945.703125 -
b1100100111 +
1%
0$
#810500000
b1100101000 #
b1100101000 /
b1110110010111000 !
b1110110010111000 0
1$
#811000000
b1100101000 (
r945.703125 ,
r946.875 -
b1100101000 +
1%
0$
#811500000
b1100101001 #
b1100101001 /
b1110110100000011 !
b1110110100000011 0
1$
#812000000
b1100101001 (
r946.875 ,
r948.046875 -
b1100101001 +
1%
0$
#812500000
b1100101010 #
b1100101010 /
b1110110101001110 !
b1110110101001110 0
1$
#813000000
b1100101010 (
r948.046875 ,
r949.21875 -
b1100101010 +
1%
0$
#813500000
b1100101011 #
b1100101011 /
b1110110110011001 !
b1110110110011001 0
1$
#814000000
b1100101011 (
r949.21875 ,
r950.390625 -
b1100101011 +
1%
0$
#814500000
b1100101100 #
b1100101100 /
b1110110111100100 !
b1110110111100100 0
1$
#815000000
b1100101100 (
r950.390625 ,
r951.5625 -
b1100101100 +
1%
0$
#815500000
b1100101101 #
b1100101101 /
b1110111000101111 !
b1110111000101111 0
1$
#816000000
b1100101101 (
r951.5625 ,
r952.734375 -
b1100101101 +
1%
0$
#816500000
b1100101110 #
b1100101110 /
b1110111001111010 !
b1110111001111010 0
1$
#817000000
b1100101110 (
r952.734375 ,
r953.90625 -
b1100101110 +
1%
0$
#817500000
b1100101111 #
b1100101111 /
b1110111011000101 !
b1110111011000101 0
1$
#818000000
b1100101111 (
r953.90625 ,
r955.078125 -
b1100101111 +
1%
0$
#818500000
b1100110000 #
b1100110000 /
b1110111100010000 !
b1110111100010000 0
1$
#819000000
b1100110000 (
r955.078125 ,
r956.25 -
b1100110000 +
1%
0$
#819500000
b1100110001 #
b1100110001 /
b1110111101011011 !
b1110111101011011 0
1$
#820000000
b1100110001 (
r956.25 ,
r957.421875 -
b1100110001 +
1%
0$
#820500000
b1100110010 #
b1100110010 /
b1110111110100110 !
b1110111110100110 0
1$
#821000000
b1100110010 (
r957.421875 ,
r958.59375 -
b1100110010 +
1%
0$
#821500000
b1100110011 #
b1100110011 /
b1110111111110001 !
b1110111111110001 0
1$
#822000000
b1100110011 (
r958.59375 ,
r959.765625 -
b1100110011 +
1%
0$
#822500000
b1100110100 #
b1100110100 /
b1111000000111100 !
b1111000000111100 0
1$
#823000000
b1100110100 (
r959.765625 ,
r960.9375 -
b1100110100 +
1%
0$
#823500000
b1100110101 #
b1100110101 /
b1111000010000111 !
b1111000010000111 0
1$
#824000000
b1100110101 (
r960.9375 ,
r962.109375 -
b1100110101 +
1%
0$
#824500000
b1100110110 #
b1100110110 /
b1111000011010010 !
b1111000011010010 0
1$
#825000000
b1100110110 (
r962.109375 ,
r963.28125 -
b1100110110 +
1%
0$
#825500000
b1100110111 #
b1100110111 /
b1111000100011101 !
b1111000100011101 0
1$
#826000000
b1100110111 (
r963.28125 ,
r964.453125 -
b1100110111 +
1%
0$
#826500000
b1100111000 #
b1100111000 /
b1111000101101000 !
b1111000101101000 0
1$
#827000000
b1100111000 (
r964.453125 ,
r965.625 -
b1100111000 +
1%
0$
#827500000
b1100111001 #
b1100111001 /
b1111000110110011 !
b1111000110110011 0
1$
#828000000
b1100111001 (
r965.625 ,
r966.796875 -
b1100111001 +
1%
0$
#828500000
b1100111010 #
b1100111010 /
b1111000111111110 !
b1111000111111110 0
1$
#829000000
b1100111010 (
r966.796875 ,
r967.96875 -
b1100111010 +
1%
0$
#829500000
b1100111011 #
b1100111011 /
b1111001001001001 !
b1111001001001001 0
1$
#830000000
b1100111011 (
r967.96875 ,
r969.140625 -
b1100111011 +
1%
0$
#830500000
b1100111100 #
b1100111100 /
b1111001010010100 !
b1111001010010100 0
1$
#831000000
b1100111100 (
r969.140625 ,
r970.3125 -
b1100111100 +
1%
0$
#831500000
b1100111101 #
b1100111101 /
b1111001011011111 !
b1111001011011111 0
1$
#832000000
b1100111101 (
r970.3125 ,
r971.484375 -
b1100111101 +
1%
0$
#832500000
b1100111110 #
b1100111110 /
b1111001100101010 !
b1111001100101010 0
1$
#833000000
b1100111110 (
r971.484375 ,
r972.65625 -
b1100111110 +
1%
0$
#833500000
b1100111111 #
b1100111111 /
b1111001101110101 !
b1111001101110101 0
1$
#834000000
b1100111111 (
r972.65625 ,
r973.828125 -
b1100111111 +
1%
0$
#834500000
b1101000000 #
b1101000000 /
b1111001111000000 !
b1111001111000000 0
1$
#835000000
b1101000000 (
r973.828125 ,
r975 -
b1101000000 +
1%
0$
#835500000
b1101000001 #
b1101000001 /
b1111010000001011 !
b1111010000001011 0
1$
#836000000
b1101000001 (
r975 ,
r976.171875 -
b1101000001 +
1%
0$
#836500000
b1101000010 #
b1101000010 /
b1111010001010110 !
b1111010001010110 0
1$
#837000000
b1101000010 (
r976.171875 ,
r977.34375 -
b1101000010 +
1%
0$
#837500000
b1101000011 #
b1101000011 /
b1111010010100001 !
b1111010010100001 0
1$
#838000000
b1101000011 (
r977.34375 ,
r978.515625 -
b1101000011 +
1%
0$
#838500000
b1101000100 #
b1101000100 /
b1111010011101100 !
b1111010011101100 0
1$
#839000000
b1101000100 (
r978.515625 ,
r979.6875 -
b1101000100 +
1%
0$
#839500000
b1101000101 #
b1101000101 /
b1111010100110111 !
b1111010100110111 0
1$
#840000000
b1101000101 (
r979.6875 ,
r980.859375 -
b1101000101 +
1%
0$
#840500000
b1101000110 #
b1101000110 /
b1111010110000010 !
b1111010110000010 0
1$
#841000000
b1101000110 (
r980.859375 ,
r982.03125 -
b1101000110 +
1%
0$
#841500000
b1101000111 #
b1101000111 /
b1111010111001101 !
b1111010111001101 0
1$
#842000000
b1101000111 (
r982.03125 ,
r983.203125 -
b1101000111 +
1%
0$
#842500000
b1101001000 #
b1101001000 /
b1111011000011000 !
b1111011000011000 0
1$
#843000000
b1101001000 (
r983.203125 ,
r984.375 -
b1101001000 +
1%
0$
#843500000
b1101001001 #
b1101001001 /
b1111011001100011 !
b1111011001100011 0
1$
#844000000
b1101001001 (
r984.375 ,
r985.546875 -
b1101001001 +
1%
0$
#844500000
b1101001010 #
b1101001010 /
b1111011010101110 !
b1111011010101110 0
1$
#845000000
b1101001010 (
r985.546875 ,
r986.71875 -
b1101001010 +
1%
0$
#845500000
b1101001011 #
b1101001011 /
b1111011011111001 !
b1111011011111001 0
1$
#846000000
b1101001011 (
r986.71875 ,
r987.890625 -
b1101001011 +
1%
0$
#846500000
b1101001100 #
b1101001100 /
b1111011101000100 !
b1111011101000100 0
1$
#847000000
b1101001100 (
r987.890625 ,
r989.0625 -
b1101001100 +
1%
0$
#847500000
b1101001101 #
b1101001101 /
b1111011110001111 !
b1111011110001111 0
1$
#848000000
b1101001101 (
r989.0625 ,
r990.234375 -
b1101001101 +
1%
0$
#848500000
b1101001110 #
b1101001110 /
b1111011111011010 !
b1111011111011010 0
1$
#849000000
b1101001110 (
r990.234375 ,
r991.40625 -
b1101001110 +
1%
0$
#849500000
b1101001111 #
b1101001111 /
b1111100000100101 !
b1111100000100101 0
1$
#850000000
b1101001111 (
r991.40625 ,
r992.578125 -
b1101001111 +
1%
0$
#850500000
b1101010000 #
b1101010000 /
b1111100001110000 !
b1111100001110000 0
1$
#851000000
b1101010000 (
r992.578125 ,
r993.75 -
b1101010000 +
1%
0$
#851500000
b1101010001 #
b1101010001 /
b1111100010111011 !
b1111100010111011 0
1$
#852000000
b1101010001 (
r993.75 ,
r994.921875 -
b1101010001 +
1%
0$
#852500000
b1101010010 #
b1101010010 /
b1111100100000110 !
b1111100100000110 0
1$
#853000000
b1101010010 (
r994.921875 ,
r996.09375 -
b1101010010 +
1%
0$
#853500000
b1101010011 #
b1101010011 /
b1111100101010001 !
b1111100101010001 0
1$
#854000000
b1101010011 (
r996.09375 ,
r997.265625 -
b1101010011 +
1%
0$
#854500000
b1101010100 #
b1101010100 /
b1111100110011100 !
b1111100110011100 0
1$
#855000000
b1101010100 (
r997.265625 ,
r998.4375 -
b1101010100 +
1%
0$
#855500000
b1101010101 #
b1101010101 /
b1111100111100111 !
b1111100111100111 0
1$
#856000000
b1101010101 (
r998.4375 ,
r999.609375 -
b1101010101 +
1%
0$
#856500000
b1101010110 #
b1101010110 /
b1111101000110010 !
b1111101000110010 0
1$
#857000000
b1101010110 (
r999.609375 ,
r1000.78125 -
b1101010110 +
1%
0$
#857500000
b1101010111 #
b1101010111 /
b1111101001111101 !
b1111101001111101 0
1$
#858000000
b1101010111 (
r1000.78125 ,
r1001.953125 -
b1101010111 +
1%
0$
#858500000
b1101011000 #
b1101011000 /
b1111101011001000 !
b1111101011001000 0
1$
#859000000
b1101011000 (
r1001.953125 ,
r1003.125 -
b1101011000 +
1%
0$
#859500000
b1101011001 #
b1101011001 /
b1111101100010011 !
b1111101100010011 0
1$
#860000000
b1101011001 (
r1003.125 ,
r1004.296875 -
b1101011001 +
1%
0$
#860500000
b1101011010 #
b1101011010 /
b1111101101011110 !
b1111101101011110 0
1$
#861000000
b1101011010 (
r1004.296875 ,
r1005.46875 -
b1101011010 +
1%
0$
#861500000
b1101011011 #
b1101011011 /
b1111101110101001 !
b1111101110101001 0
1$
#862000000
b1101011011 (
r1005.46875 ,
r1006.640625 -
b1101011011 +
1%
0$
#862500000
b1101011100 #
b1101011100 /
b1111101111110100 !
b1111101111110100 0
1$
#863000000
b1101011100 (
r1006.640625 ,
r1007.8125 -
b1101011100 +
1%
0$
#863500000
b1101011101 #
b1101011101 /
b1111110000111111 !
b1111110000111111 0
1$
#864000000
b1101011101 (
r1007.8125 ,
r1008.984375 -
b1101011101 +
1%
0$
#864500000
b1101011110 #
b1101011110 /
b1111110010001010 !
b1111110010001010 0
1$
#865000000
b1101011110 (
r1008.984375 ,
r1010.15625 -
b1101011110 +
1%
0$
#865500000
b1101011111 #
b1101011111 /
b1111110011010101 !
b1111110011010101 0
1$
#866000000
b1101011111 (
r1010.15625 ,
r1011.328125 -
b1101011111 +
1%
0$
#866500000
b1101100000 #
b1101100000 /
b1111110100100000 !
b1111110100100000 0
1$
#867000000
b1101100000 (
r1011.328125 ,
r1012.5 -
b1101100000 +
1%
0$
#867500000
b1101100001 #
b1101100001 /
b1111110101101011 !
b1111110101101011 0
1$
#868000000
b1101100001 (
r1012.5 ,
r1013.671875 -
b1101100001 +
1%
0$
#868500000
b1101100010 #
b1101100010 /
b1111110110110110 !
b1111110110110110 0
1$
#869000000
b1101100010 (
r1013.671875 ,
r1014.84375 -
b1101100010 +
1%
0$
#869500000
b1101100011 #
b1101100011 /
b1111111000000001 !
b1111111000000001 0
1$
#870000000
b1101100011 (
r1014.84375 ,
r1016.015625 -
b1101100011 +
1%
0$
#870500000
b1101100100 #
b1101100100 /
b1111111001001100 !
b1111111001001100 0
1$
#871000000
b1101100100 (
r1016.015625 ,
r1017.1875 -
b1101100100 +
1%
0$
#871500000
b1101100101 #
b1101100101 /
b1111111010010111 !
b1111111010010111 0
1$
#872000000
b1101100101 (
r1017.1875 ,
r1018.359375 -
b1101100101 +
1%
0$
#872500000
b1101100110 #
b1101100110 /
b1111111011100010 !
b1111111011100010 0
1$
#873000000
b1101100110 (
r1018.359375 ,
r1019.53125 -
b1101100110 +
1%
0$
#873500000
b1101100111 #
b1101100111 /
b1111111100101101 !
b1111111100101101 0
1$
#874000000
b1101100111 (
r1019.53125 ,
r1020.703125 -
b1101100111 +
1%
0$
#874500000
b1101101000 #
b1101101000 /
b1111111101111000 !
b1111111101111000 0
1$
#875000000
b1101101000 (
r1020.703125 ,
r1021.875 -
b1101101000 +
1%
0$
#875500000
b1101101001 #
b1101101001 /
b1111111111000011 !
b1111111111000011 0
1$
#876000000
b1101101001 (
r1021.875 ,
r1023.046875 -
b1101101001 +
1%
0$
#876500000
b1101101010 #
b1101101010 /
b10000000000001110 !
b10000000000001110 0
1$
#877000000
b1101101010 (
r1023.046875 ,
r1024.21875 -
b1101101010 +
1%
0$
#877500000
b1101101011 #
b1101101011 /
b10000000001011001 !
b10000000001011001 0
1$
#878000000
b1101101011 (
r1024.21875 ,
r1025.390625 -
b1101101011 +
1%
0$
#878500000
b1101101100 #
b1101101100 /
b10000000010100100 !
b10000000010100100 0
1$
#879000000
b1101101100 (
r1025.390625 ,
r1026.5625 -
b1101101100 +
1%
0$
#879500000
b1101101101 #
b1101101101 /
b10000000011101111 !
b10000000011101111 0
1$
#880000000
b1101101101 (
r1026.5625 ,
r1027.734375 -
b1101101101 +
1%
0$
#880500000
b1101101110 #
b1101101110 /
b10000000100111010 !
b10000000100111010 0
1$
#881000000
b1101101110 (
r1027.734375 ,
r1028.90625 -
b1101101110 +
1%
0$
#881500000
b1101101111 #
b1101101111 /
b10000000110000101 !
b10000000110000101 0
1$
#882000000
b1101101111 (
r1028.90625 ,
r1030.078125 -
b1101101111 +
1%
0$
#882500000
b1101110000 #
b1101110000 /
b10000000111010000 !
b10000000111010000 0
1$
#883000000
b1101110000 (
r1030.078125 ,
r1031.25 -
b1101110000 +
1%
0$
#883500000
b1101110001 #
b1101110001 /
b10000001000011011 !
b10000001000011011 0
1$
#884000000
b1101110001 (
r1031.25 ,
r1032.421875 -
b1101110001 +
1%
0$
#884500000
b1101110010 #
b1101110010 /
b10000001001100110 !
b10000001001100110 0
1$
#885000000
b1101110010 (
r1032.421875 ,
r1033.59375 -
b1101110010 +
1%
0$
#885500000
b1101110011 #
b1101110011 /
b10000001010110001 !
b10000001010110001 0
1$
#886000000
b1101110011 (
r1033.59375 ,
r1034.765625 -
b1101110011 +
1%
0$
#886500000
b1101110100 #
b1101110100 /
b10000001011111100 !
b10000001011111100 0
1$
#887000000
b1101110100 (
r1034.765625 ,
r1035.9375 -
b1101110100 +
1%
0$
#887500000
b1101110101 #
b1101110101 /
b10000001101000111 !
b10000001101000111 0
1$
#888000000
b1101110101 (
r1035.9375 ,
r1037.109375 -
b1101110101 +
1%
0$
#888500000
b1101110110 #
b1101110110 /
b10000001110010010 !
b10000001110010010 0
1$
#889000000
b1101110110 (
r1037.109375 ,
r1038.28125 -
b1101110110 +
1%
0$
#889500000
b1101110111 #
b1101110111 /
b10000001111011101 !
b10000001111011101 0
1$
#890000000
b1101110111 (
r1038.28125 ,
r1039.453125 -
b1101110111 +
1%
0$
#890500000
b1101111000 #
b1101111000 /
b10000010000101000 !
b10000010000101000 0
1$
#891000000
b1101111000 (
r1039.453125 ,
r1040.625 -
b1101111000 +
1%
0$
#891500000
b1101111001 #
b1101111001 /
b10000010001110011 !
b10000010001110011 0
1$
#892000000
b1101111001 (
r1040.625 ,
r1041.796875 -
b1101111001 +
1%
0$
#892500000
b1101111010 #
b1101111010 /
b10000010010111110 !
b10000010010111110 0
1$
#893000000
b1101111010 (
r1041.796875 ,
r1042.96875 -
b1101111010 +
1%
0$
#893500000
b1101111011 #
b1101111011 /
b10000010100001001 !
b10000010100001001 0
1$
#894000000
b1101111011 (
r1042.96875 ,
r1044.140625 -
b1101111011 +
1%
0$
#894500000
b1101111100 #
b1101111100 /
b10000010101010100 !
b10000010101010100 0
1$
#895000000
b1101111100 (
r1044.140625 ,
r1045.3125 -
b1101111100 +
1%
0$
#895500000
b1101111101 #
b1101111101 /
b10000010110011111 !
b10000010110011111 0
1$
#896000000
b1101111101 (
r1045.3125 ,
r1046.484375 -
b1101111101 +
1%
0$
#896500000
b1101111110 #
b1101111110 /
b10000010111101010 !
b10000010111101010 0
1$
#897000000
b1101111110 (
r1046.484375 ,
r1047.65625 -
b1101111110 +
1%
0$
#897500000
b1101111111 #
b1101111111 /
b10000011000110101 !
b10000011000110101 0
1$
#898000000
b1101111111 (
r1047.65625 ,
r1048.828125 -
b1101111111 +
1%
0$
#898500000
b1110000000 #
b1110000000 /
b10000011010000000 !
b10000011010000000 0
1$
#899000000
b1110000000 (
r1048.828125 ,
r1050 -
b1110000000 +
1%
0$
#899500000
b1110000001 #
b1110000001 /
b10000011011001011 !
b10000011011001011 0
1$
#900000000
b1110000001 (
r1050 ,
r1051.171875 -
b1110000001 +
1%
0$
#900500000
b1110000010 #
b1110000010 /
b10000011100010110 !
b10000011100010110 0
1$
#901000000
b1110000010 (
r1051.171875 ,
r1052.34375 -
b1110000010 +
1%
0$
#901500000
b1110000011 #
b1110000011 /
b10000011101100001 !
b10000011101100001 0
1$
#902000000
b1110000011 (
r1052.34375 ,
r1053.515625 -
b1110000011 +
1%
0$
#902500000
b1110000100 #
b1110000100 /
b10000011110101100 !
b10000011110101100 0
1$
#903000000
b1110000100 (
r1053.515625 ,
r1054.6875 -
b1110000100 +
1%
0$
#903500000
b1110000101 #
b1110000101 /
b10000011111110111 !
b10000011111110111 0
1$
#904000000
b1110000101 (
r1054.6875 ,
r1055.859375 -
b1110000101 +
1%
0$
#904500000
b1110000110 #
b1110000110 /
b10000100001000010 !
b10000100001000010 0
1$
#905000000
b1110000110 (
r1055.859375 ,
r1057.03125 -
b1110000110 +
1%
0$
#905500000
b1110000111 #
b1110000111 /
b10000100010001101 !
b10000100010001101 0
1$
#906000000
b1110000111 (
r1057.03125 ,
r1058.203125 -
b1110000111 +
1%
0$
#906500000
b1110001000 #
b1110001000 /
b10000100011011000 !
b10000100011011000 0
1$
#907000000
b1110001000 (
r1058.203125 ,
r1059.375 -
b1110001000 +
1%
0$
#907500000
b1110001001 #
b1110001001 /
b10000100100100011 !
b10000100100100011 0
1$
#908000000
b1110001001 (
r1059.375 ,
r1060.546875 -
b1110001001 +
1%
0$
#908500000
b1110001010 #
b1110001010 /
b10000100101101110 !
b10000100101101110 0
1$
#909000000
b1110001010 (
r1060.546875 ,
r1061.71875 -
b1110001010 +
1%
0$
#909500000
b1110001011 #
b1110001011 /
b10000100110111001 !
b10000100110111001 0
1$
#910000000
b1110001011 (
r1061.71875 ,
r1062.890625 -
b1110001011 +
1%
0$
#910500000
b1110001100 #
b1110001100 /
b10000101000000100 !
b10000101000000100 0
1$
#911000000
b1110001100 (
r1062.890625 ,
r1064.0625 -
b1110001100 +
1%
0$
#911500000
b1110001101 #
b1110001101 /
b10000101001001111 !
b10000101001001111 0
1$
#912000000
b1110001101 (
r1064.0625 ,
r1065.234375 -
b1110001101 +
1%
0$
#912500000
b1110001110 #
b1110001110 /
b10000101010011010 !
b10000101010011010 0
1$
#913000000
b1110001110 (
r1065.234375 ,
r1066.40625 -
b1110001110 +
1%
0$
#913500000
b1110001111 #
b1110001111 /
b10000101011100101 !
b10000101011100101 0
1$
#914000000
b1110001111 (
r1066.40625 ,
r1067.578125 -
b1110001111 +
1%
0$
#914500000
b1110010000 #
b1110010000 /
b10000101100110000 !
b10000101100110000 0
1$
#915000000
b1110010000 (
r1067.578125 ,
r1068.75 -
b1110010000 +
1%
0$
#915500000
b1110010001 #
b1110010001 /
b10000101101111011 !
b10000101101111011 0
1$
#916000000
b1110010001 (
r1068.75 ,
r1069.921875 -
b1110010001 +
1%
0$
#916500000
b1110010010 #
b1110010010 /
b10000101111000110 !
b10000101111000110 0
1$
#917000000
b1110010010 (
r1069.921875 ,
r1071.09375 -
b1110010010 +
1%
0$
#917500000
b1110010011 #
b1110010011 /
b10000110000010001 !
b10000110000010001 0
1$
#918000000
b1110010011 (
r1071.09375 ,
r1072.265625 -
b1110010011 +
1%
0$
#918500000
b1110010100 #
b1110010100 /
b10000110001011100 !
b10000110001011100 0
1$
#919000000
b1110010100 (
r1072.265625 ,
r1073.4375 -
b1110010100 +
1%
0$
#919500000
b1110010101 #
b1110010101 /
b10000110010100111 !
b10000110010100111 0
1$
#920000000
b1110010101 (
r1073.4375 ,
r1074.609375 -
b1110010101 +
1%
0$
#920500000
b1110010110 #
b1110010110 /
b10000110011110010 !
b10000110011110010 0
1$
#921000000
b1110010110 (
r1074.609375 ,
r1075.78125 -
b1110010110 +
1%
0$
#921500000
b1110010111 #
b1110010111 /
b10000110100111101 !
b10000110100111101 0
1$
#922000000
b1110010111 (
r1075.78125 ,
r1076.953125 -
b1110010111 +
1%
0$
#922500000
b1110011000 #
b1110011000 /
b10000110110001000 !
b10000110110001000 0
1$
#923000000
b1110011000 (
r1076.953125 ,
r1078.125 -
b1110011000 +
1%
0$
#923500000
b1110011001 #
b1110011001 /
b10000110111010011 !
b10000110111010011 0
1$
#924000000
b1110011001 (
r1078.125 ,
r1079.296875 -
b1110011001 +
1%
0$
#924500000
b1110011010 #
b1110011010 /
b10000111000011110 !
b10000111000011110 0
1$
#925000000
b1110011010 (
r1079.296875 ,
r1080.46875 -
b1110011010 +
1%
0$
#925500000
b1110011011 #
b1110011011 /
b10000111001101001 !
b10000111001101001 0
1$
#926000000
b1110011011 (
r1080.46875 ,
r1081.640625 -
b1110011011 +
1%
0$
#926500000
b1110011100 #
b1110011100 /
b10000111010110100 !
b10000111010110100 0
1$
#927000000
b1110011100 (
r1081.640625 ,
r1082.8125 -
b1110011100 +
1%
0$
#927500000
b1110011101 #
b1110011101 /
b10000111011111111 !
b10000111011111111 0
1$
#928000000
b1110011101 (
r1082.8125 ,
r1083.984375 -
b1110011101 +
1%
0$
#928500000
b1110011110 #
b1110011110 /
b10000111101001010 !
b10000111101001010 0
1$
#929000000
b1110011110 (
r1083.984375 ,
r1085.15625 -
b1110011110 +
1%
0$
#929500000
b1110011111 #
b1110011111 /
b10000111110010101 !
b10000111110010101 0
1$
#930000000
b1110011111 (
r1085.15625 ,
r1086.328125 -
b1110011111 +
1%
0$
#930500000
b1110100000 #
b1110100000 /
b10000111111100000 !
b10000111111100000 0
1$
#931000000
b1110100000 (
r1086.328125 ,
r1087.5 -
b1110100000 +
1%
0$
#931500000
b1110100001 #
b1110100001 /
b10001000000101011 !
b10001000000101011 0
1$
#932000000
b1110100001 (
r1087.5 ,
r1088.671875 -
b1110100001 +
1%
0$
#932500000
b1110100010 #
b1110100010 /
b10001000001110110 !
b10001000001110110 0
1$
#933000000
b1110100010 (
r1088.671875 ,
r1089.84375 -
b1110100010 +
1%
0$
#933500000
b1110100011 #
b1110100011 /
b10001000011000001 !
b10001000011000001 0
1$
#934000000
b1110100011 (
r1089.84375 ,
r1091.015625 -
b1110100011 +
1%
0$
#934500000
b1110100100 #
b1110100100 /
b10001000100001100 !
b10001000100001100 0
1$
#935000000
b1110100100 (
r1091.015625 ,
r1092.1875 -
b1110100100 +
1%
0$
#935500000
b1110100101 #
b1110100101 /
b10001000101010111 !
b10001000101010111 0
1$
#936000000
b1110100101 (
r1092.1875 ,
r1093.359375 -
b1110100101 +
1%
0$
#936500000
b1110100110 #
b1110100110 /
b10001000110100010 !
b10001000110100010 0
1$
#937000000
b1110100110 (
r1093.359375 ,
r1094.53125 -
b1110100110 +
1%
0$
#937500000
b1110100111 #
b1110100111 /
b10001000111101101 !
b10001000111101101 0
1$
#938000000
b1110100111 (
r1094.53125 ,
r1095.703125 -
b1110100111 +
1%
0$
#938500000
b1110101000 #
b1110101000 /
b10001001000111000 !
b10001001000111000 0
1$
#939000000
b1110101000 (
r1095.703125 ,
r1096.875 -
b1110101000 +
1%
0$
#939500000
b1110101001 #
b1110101001 /
b10001001010000011 !
b10001001010000011 0
1$
#940000000
b1110101001 (
r1096.875 ,
r1098.046875 -
b1110101001 +
1%
0$
#940500000
b1110101010 #
b1110101010 /
b10001001011001110 !
b10001001011001110 0
1$
#941000000
b1110101010 (
r1098.046875 ,
r1099.21875 -
b1110101010 +
1%
0$
#941500000
b1110101011 #
b1110101011 /
b10001001100011001 !
b10001001100011001 0
1$
#942000000
b1110101011 (
r1099.21875 ,
r1100.390625 -
b1110101011 +
1%
0$
#942500000
b1110101100 #
b1110101100 /
b10001001101100100 !
b10001001101100100 0
1$
#943000000
b1110101100 (
r1100.390625 ,
r1101.5625 -
b1110101100 +
1%
0$
#943500000
b1110101101 #
b1110101101 /
b10001001110101111 !
b10001001110101111 0
1$
#944000000
b1110101101 (
r1101.5625 ,
r1102.734375 -
b1110101101 +
1%
0$
#944500000
b1110101110 #
b1110101110 /
b10001001111111010 !
b10001001111111010 0
1$
#945000000
b1110101110 (
r1102.734375 ,
r1103.90625 -
b1110101110 +
1%
0$
#945500000
b1110101111 #
b1110101111 /
b10001010001000101 !
b10001010001000101 0
1$
#946000000
b1110101111 (
r1103.90625 ,
r1105.078125 -
b1110101111 +
1%
0$
#946500000
b1110110000 #
b1110110000 /
b10001010010010000 !
b10001010010010000 0
1$
#947000000
b1110110000 (
r1105.078125 ,
r1106.25 -
b1110110000 +
1%
0$
#947500000
b1110110001 #
b1110110001 /
b10001010011011011 !
b10001010011011011 0
1$
#948000000
b1110110001 (
r1106.25 ,
r1107.421875 -
b1110110001 +
1%
0$
#948500000
b1110110010 #
b1110110010 /
b10001010100100110 !
b10001010100100110 0
1$
#949000000
b1110110010 (
r1107.421875 ,
r1108.59375 -
b1110110010 +
1%
0$
#949500000
b1110110011 #
b1110110011 /
b10001010101110001 !
b10001010101110001 0
1$
#950000000
b1110110011 (
r1108.59375 ,
r1109.765625 -
b1110110011 +
1%
0$
#950500000
b1110110100 #
b1110110100 /
b10001010110111100 !
b10001010110111100 0
1$
#951000000
b1110110100 (
r1109.765625 ,
r1110.9375 -
b1110110100 +
1%
0$
#951500000
b1110110101 #
b1110110101 /
b10001011000000111 !
b10001011000000111 0
1$
#952000000
b1110110101 (
r1110.9375 ,
r1112.109375 -
b1110110101 +
1%
0$
#952500000
b1110110110 #
b1110110110 /
b10001011001010010 !
b10001011001010010 0
1$
#953000000
b1110110110 (
r1112.109375 ,
r1113.28125 -
b1110110110 +
1%
0$
#953500000
b1110110111 #
b1110110111 /
b10001011010011101 !
b10001011010011101 0
1$
#954000000
b1110110111 (
r1113.28125 ,
r1114.453125 -
b1110110111 +
1%
0$
#954500000
b1110111000 #
b1110111000 /
b10001011011101000 !
b10001011011101000 0
1$
#955000000
b1110111000 (
r1114.453125 ,
r1115.625 -
b1110111000 +
1%
0$
#955500000
b1110111001 #
b1110111001 /
b10001011100110011 !
b10001011100110011 0
1$
#956000000
b1110111001 (
r1115.625 ,
r1116.796875 -
b1110111001 +
1%
0$
#956500000
b1110111010 #
b1110111010 /
b10001011101111110 !
b10001011101111110 0
1$
#957000000
b1110111010 (
r1116.796875 ,
r1117.96875 -
b1110111010 +
1%
0$
#957500000
b1110111011 #
b1110111011 /
b10001011111001001 !
b10001011111001001 0
1$
#958000000
b1110111011 (
r1117.96875 ,
r1119.140625 -
b1110111011 +
1%
0$
#958500000
b1110111100 #
b1110111100 /
b10001100000010100 !
b10001100000010100 0
1$
#959000000
b1110111100 (
r1119.140625 ,
r1120.3125 -
b1110111100 +
1%
0$
#959500000
b1110111101 #
b1110111101 /
b10001100001011111 !
b10001100001011111 0
1$
#960000000
b1110111101 (
r1120.3125 ,
r1121.484375 -
b1110111101 +
1%
0$
#960500000
b1110111110 #
b1110111110 /
b10001100010101010 !
b10001100010101010 0
1$
#961000000
b1110111110 (
r1121.484375 ,
r1122.65625 -
b1110111110 +
1%
0$
#961500000
b1110111111 #
b1110111111 /
b10001100011110101 !
b10001100011110101 0
1$
#962000000
b1110111111 (
r1122.65625 ,
r1123.828125 -
b1110111111 +
1%
0$
#962500000
b1111000000 #
b1111000000 /
b10001100101000000 !
b10001100101000000 0
1$
#963000000
b1111000000 (
r1123.828125 ,
r1125 -
b1111000000 +
1%
0$
#963500000
b1111000001 #
b1111000001 /
b10001100110001011 !
b10001100110001011 0
1$
#964000000
b1111000001 (
r1125 ,
r1126.171875 -
b1111000001 +
1%
0$
#964500000
b1111000010 #
b1111000010 /
b10001100111010110 !
b10001100111010110 0
1$
#965000000
b1111000010 (
r1126.171875 ,
r1127.34375 -
b1111000010 +
1%
0$
#965500000
b1111000011 #
b1111000011 /
b10001101000100001 !
b10001101000100001 0
1$
#966000000
b1111000011 (
r1127.34375 ,
r1128.515625 -
b1111000011 +
1%
0$
#966500000
b1111000100 #
b1111000100 /
b10001101001101100 !
b10001101001101100 0
1$
#967000000
b1111000100 (
r1128.515625 ,
r1129.6875 -
b1111000100 +
1%
0$
#967500000
b1111000101 #
b1111000101 /
b10001101010110111 !
b10001101010110111 0
1$
#968000000
b1111000101 (
r1129.6875 ,
r1130.859375 -
b1111000101 +
1%
0$
#968500000
b1111000110 #
b1111000110 /
b10001101100000010 !
b10001101100000010 0
1$
#969000000
b1111000110 (
r1130.859375 ,
r1132.03125 -
b1111000110 +
1%
0$
#969500000
b1111000111 #
b1111000111 /
b10001101101001101 !
b10001101101001101 0
1$
#970000000
b1111000111 (
r1132.03125 ,
r1133.203125 -
b1111000111 +
1%
0$
#970500000
b1111001000 #
b1111001000 /
b10001101110011000 !
b10001101110011000 0
1$
#971000000
b1111001000 (
r1133.203125 ,
r1134.375 -
b1111001000 +
1%
0$
#971500000
b1111001001 #
b1111001001 /
b10001101111100011 !
b10001101111100011 0
1$
#972000000
b1111001001 (
r1134.375 ,
r1135.546875 -
b1111001001 +
1%
0$
#972500000
b1111001010 #
b1111001010 /
b10001110000101110 !
b10001110000101110 0
1$
#973000000
b1111001010 (
r1135.546875 ,
r1136.71875 -
b1111001010 +
1%
0$
#973500000
b1111001011 #
b1111001011 /
b10001110001111001 !
b10001110001111001 0
1$
#974000000
b1111001011 (
r1136.71875 ,
r1137.890625 -
b1111001011 +
1%
0$
#974500000
b1111001100 #
b1111001100 /
b10001110011000100 !
b10001110011000100 0
1$
#975000000
b1111001100 (
r1137.890625 ,
r1139.0625 -
b1111001100 +
1%
0$
#975500000
b1111001101 #
b1111001101 /
b10001110100001111 !
b10001110100001111 0
1$
#976000000
b1111001101 (
r1139.0625 ,
r1140.234375 -
b1111001101 +
1%
0$
#976500000
b1111001110 #
b1111001110 /
b10001110101011010 !
b10001110101011010 0
1$
#977000000
b1111001110 (
r1140.234375 ,
r1141.40625 -
b1111001110 +
1%
0$
#977500000
b1111001111 #
b1111001111 /
b10001110110100101 !
b10001110110100101 0
1$
#978000000
b1111001111 (
r1141.40625 ,
r1142.578125 -
b1111001111 +
1%
0$
#978500000
b1111010000 #
b1111010000 /
b10001110111110000 !
b10001110111110000 0
1$
#979000000
b1111010000 (
r1142.578125 ,
r1143.75 -
b1111010000 +
1%
0$
#979500000
b1111010001 #
b1111010001 /
b10001111000111011 !
b10001111000111011 0
1$
#980000000
b1111010001 (
r1143.75 ,
r1144.921875 -
b1111010001 +
1%
0$
#980500000
b1111010010 #
b1111010010 /
b10001111010000110 !
b10001111010000110 0
1$
#981000000
b1111010010 (
r1144.921875 ,
r1146.09375 -
b1111010010 +
1%
0$
#981500000
b1111010011 #
b1111010011 /
b10001111011010001 !
b10001111011010001 0
1$
#982000000
b1111010011 (
r1146.09375 ,
r1147.265625 -
b1111010011 +
1%
0$
#982500000
b1111010100 #
b1111010100 /
b10001111100011100 !
b10001111100011100 0
1$
#983000000
b1111010100 (
r1147.265625 ,
r1148.4375 -
b1111010100 +
1%
0$
#983500000
b1111010101 #
b1111010101 /
b10001111101100111 !
b10001111101100111 0
1$
#984000000
b1111010101 (
r1148.4375 ,
r1149.609375 -
b1111010101 +
1%
0$
#984500000
b1111010110 #
b1111010110 /
b10001111110110010 !
b10001111110110010 0
1$
#985000000
b1111010110 (
r1149.609375 ,
r1150.78125 -
b1111010110 +
1%
0$
#985500000
b1111010111 #
b1111010111 /
b10001111111111101 !
b10001111111111101 0
1$
#986000000
b1111010111 (
r1150.78125 ,
r1151.953125 -
b1111010111 +
1%
0$
#986500000
b1111011000 #
b1111011000 /
b10010000001001000 !
b10010000001001000 0
1$
#987000000
b1111011000 (
r1151.953125 ,
r1153.125 -
b1111011000 +
1%
0$
#987500000
b1111011001 #
b1111011001 /
b10010000010010011 !
b10010000010010011 0
1$
#988000000
b1111011001 (
r1153.125 ,
r1154.296875 -
b1111011001 +
1%
0$
#988500000
b1111011010 #
b1111011010 /
b10010000011011110 !
b10010000011011110 0
1$
#989000000
b1111011010 (
r1154.296875 ,
r1155.46875 -
b1111011010 +
1%
0$
#989500000
b1111011011 #
b1111011011 /
b10010000100101001 !
b10010000100101001 0
1$
#990000000
b1111011011 (
r1155.46875 ,
r1156.640625 -
b1111011011 +
1%
0$
#990500000
b1111011100 #
b1111011100 /
b10010000101110100 !
b10010000101110100 0
1$
#991000000
b1111011100 (
r1156.640625 ,
r1157.8125 -
b1111011100 +
1%
0$
#991500000
b1111011101 #
b1111011101 /
b10010000110111111 !
b10010000110111111 0
1$
#992000000
b1111011101 (
r1157.8125 ,
r1158.984375 -
b1111011101 +
1%
0$
#992500000
b1111011110 #
b1111011110 /
b10010001000001010 !
b10010001000001010 0
1$
#993000000
b1111011110 (
r1158.984375 ,
r1160.15625 -
b1111011110 +
1%
0$
#993500000
b1111011111 #
b1111011111 /
b10010001001010101 !
b10010001001010101 0
1$
#994000000
b1111011111 (
r1160.15625 ,
r1161.328125 -
b1111011111 +
1%
0$
#994500000
b1111100000 #
b1111100000 /
b10010001010100000 !
b10010001010100000 0
1$
#995000000
b1111100000 (
r1161.328125 ,
r1162.5 -
b1111100000 +
1%
0$
#995500000
b1111100001 #
b1111100001 /
b10010001011101011 !
b10010001011101011 0
1$
#996000000
b1111100001 (
r1162.5 ,
r1163.671875 -
b1111100001 +
1%
0$
#996500000
b1111100010 #
b1111100010 /
b10010001100110110 !
b10010001100110110 0
1$
#997000000
b1111100010 (
r1163.671875 ,
r1164.84375 -
b1111100010 +
1%
0$
#997500000
b1111100011 #
b1111100011 /
b10010001110000001 !
b10010001110000001 0
1$
#998000000
b1111100011 (
r1164.84375 ,
r1166.015625 -
b1111100011 +
1%
0$
#998500000
b1111100100 #
b1111100100 /
b10010001111001100 !
b10010001111001100 0
1$
#999000000
b1111100100 (
r1166.015625 ,
r1167.1875 -
b1111100100 +
1%
0$
#999500000
b1111100101 #
b1111100101 /
b10010010000010111 !
b10010010000010111 0
1$
#1000000000
b1111100101 (
r1167.1875 ,
r1168.359375 -
b1111100101 +
1%
0$
#1000500000
b1111100110 #
b1111100110 /
b10010010001100010 !
b10010010001100010 0
1$
#1001000000
b1111100110 (
r1168.359375 ,
r1169.53125 -
b1111100110 +
1%
0$
#1001500000
b1111100111 #
b1111100111 /
b10010010010101101 !
b10010010010101101 0
1$
#1002000000
b1111100111 (
r1169.53125 ,
r1170.703125 -
b1111100111 +
1%
0$
#1002500000
b1111101000 #
b1111101000 /
b10010010011111000 !
b10010010011111000 0
1$
#1003000000
b1111101000 (
r1170.703125 ,
r1171.875 -
b1111101000 +
1%
0$
#1003500000
b1111101001 #
b1111101001 /
b10010010101000011 !
b10010010101000011 0
1$
#1004000000
b1111101001 (
r1171.875 ,
r1173.046875 -
b1111101001 +
1%
0$
#1004500000
b1111101010 #
b1111101010 /
b10010010110001110 !
b10010010110001110 0
1$
#1005000000
b1111101010 (
r1173.046875 ,
r1174.21875 -
b1111101010 +
1%
0$
#1005500000
b1111101011 #
b1111101011 /
b10010010111011001 !
b10010010111011001 0
1$
#1006000000
b1111101011 (
r1174.21875 ,
r1175.390625 -
b1111101011 +
1%
0$
#1006500000
b1111101100 #
b1111101100 /
b10010011000100100 !
b10010011000100100 0
1$
#1007000000
b1111101100 (
r1175.390625 ,
r1176.5625 -
b1111101100 +
1%
0$
#1007500000
b1111101101 #
b1111101101 /
b10010011001101111 !
b10010011001101111 0
1$
#1008000000
b1111101101 (
r1176.5625 ,
r1177.734375 -
b1111101101 +
1%
0$
#1008500000
b1111101110 #
b1111101110 /
b10010011010111010 !
b10010011010111010 0
1$
#1009000000
b1111101110 (
r1177.734375 ,
r1178.90625 -
b1111101110 +
1%
0$
#1009500000
b1111101111 #
b1111101111 /
b10010011100000101 !
b10010011100000101 0
1$
#1010000000
b1111101111 (
r1178.90625 ,
r1180.078125 -
b1111101111 +
1%
0$
#1010500000
b1111110000 #
b1111110000 /
b10010011101010000 !
b10010011101010000 0
1$
#1011000000
b1111110000 (
r1180.078125 ,
r1181.25 -
b1111110000 +
1%
0$
#1011500000
b1111110001 #
b1111110001 /
b10010011110011011 !
b10010011110011011 0
1$
#1012000000
b1111110001 (
r1181.25 ,
r1182.421875 -
b1111110001 +
1%
0$
#1012500000
b1111110010 #
b1111110010 /
b10010011111100110 !
b10010011111100110 0
1$
#1013000000
b1111110010 (
r1182.421875 ,
r1183.59375 -
b1111110010 +
1%
0$
#1013500000
b1111110011 #
b1111110011 /
b10010100000110001 !
b10010100000110001 0
1$
#1014000000
b1111110011 (
r1183.59375 ,
r1184.765625 -
b1111110011 +
1%
0$
#1014500000
b1111110100 #
b1111110100 /
b10010100001111100 !
b10010100001111100 0
1$
#1015000000
b1111110100 (
r1184.765625 ,
r1185.9375 -
b1111110100 +
1%
0$
#1015500000
b1111110101 #
b1111110101 /
b10010100011000111 !
b10010100011000111 0
1$
#1016000000
b1111110101 (
r1185.9375 ,
r1187.109375 -
b1111110101 +
1%
0$
#1016500000
b1111110110 #
b1111110110 /
b10010100100010010 !
b10010100100010010 0
1$
#1017000000
b1111110110 (
r1187.109375 ,
r1188.28125 -
b1111110110 +
1%
0$
#1017500000
b1111110111 #
b1111110111 /
b10010100101011101 !
b10010100101011101 0
1$
#1018000000
b1111110111 (
r1188.28125 ,
r1189.453125 -
b1111110111 +
1%
0$
#1018500000
b1111111000 #
b1111111000 /
b10010100110101000 !
b10010100110101000 0
1$
#1019000000
b1111111000 (
r1189.453125 ,
r1190.625 -
b1111111000 +
1%
0$
#1019500000
b1111111001 #
b1111111001 /
b10010100111110011 !
b10010100111110011 0
1$
#1020000000
b1111111001 (
r1190.625 ,
r1191.796875 -
b1111111001 +
1%
0$
#1020500000
b1111111010 #
b1111111010 /
b10010101000111110 !
b10010101000111110 0
1$
#1021000000
b1111111010 (
r1191.796875 ,
r1192.96875 -
b1111111010 +
1%
0$
#1021500000
b1111111011 #
b1111111011 /
b10010101010001001 !
b10010101010001001 0
1$
#1022000000
b1111111011 (
r1192.96875 ,
r1194.140625 -
b1111111011 +
1%
0$
#1022500000
b1111111100 #
b1111111100 /
b10010101011010100 !
b10010101011010100 0
1$
#1023000000
b1111111100 (
r1194.140625 ,
r1195.3125 -
b1111111100 +
1%
0$
#1023500000
b1111111101 #
b1111111101 /
b10010101100011111 !
b10010101100011111 0
1$
#1024000000
b1111111101 (
r1195.3125 ,
r1196.484375 -
b1111111101 +
1%
0$
#1024500000
b1111111110 #
b1111111110 /
b10010101101101010 !
b10010101101101010 0
1$
#1025000000
b1111111110 (
r1196.484375 ,
r1197.65625 -
b1111111110 +
1%
0$
#1025500000
b1111111111 #
b1111111111 /
b10010101110110101 !
b10010101110110101 0
1$
#1026000000
b1111111111 (
r1197.65625 ,
r1198.828125 -
b1111111111 +
1%
0$
#1026500000
b10000000000 #
b10000000000 /
b10010110000000000 !
b10010110000000000 0
1$
#1027000000
b10000000000 (
r1198.828125 ,
r1200 -
b10000000000 +
1%
0$
#1027500000
b10000000001 #
b10000000001 /
b10010110001001011 !
b10010110001001011 0
1$
#1028000000
b10000000001 (
r1200 ,
r1201.171875 -
b10000000001 +
1%
0$
#1028500000
b10000000010 #
b10000000010 /
b10010110010010110 !
b10010110010010110 0
1$
#1029000000
b10000000010 (
r1201.171875 ,
r1202.34375 -
b10000000010 +
1%
0$
#1029500000
b10000000011 #
b10000000011 /
b10010110011100001 !
b10010110011100001 0
1$
#1030000000
b10000000011 (
r1202.34375 ,
r1203.515625 -
b10000000011 +
1%
0$
#1030500000
b10000000100 #
b10000000100 /
b10010110100101100 !
b10010110100101100 0
1$
#1031000000
b10000000100 (
r1203.515625 ,
r1204.6875 -
b10000000100 +
1%
0$
#1031500000
b10000000101 #
b10000000101 /
b10010110101110111 !
b10010110101110111 0
1$
#1032000000
b10000000101 (
r1204.6875 ,
r1205.859375 -
b10000000101 +
1%
0$
#1032500000
b10000000110 #
b10000000110 /
b10010110111000010 !
b10010110111000010 0
1$
#1033000000
b10000000110 (
r1205.859375 ,
r1207.03125 -
b10000000110 +
1%
0$
#1033500000
b10000000111 #
b10000000111 /
b10010111000001101 !
b10010111000001101 0
1$
#1034000000
b10000000111 (
r1207.03125 ,
r1208.203125 -
b10000000111 +
1%
0$
#1034500000
b10000001000 #
b10000001000 /
b10010111001011000 !
b10010111001011000 0
1$
#1035000000
b10000001000 (
r1208.203125 ,
r1209.375 -
b10000001000 +
1%
0$
#1035500000
b10000001001 #
b10000001001 /
b10010111010100011 !
b10010111010100011 0
1$
#1036000000
b10000001001 (
r1209.375 ,
r1210.546875 -
b10000001001 +
1%
0$
#1036500000
b10000001010 #
b10000001010 /
b10010111011101110 !
b10010111011101110 0
1$
#1037000000
b10000001010 (
r1210.546875 ,
r1211.71875 -
b10000001010 +
1%
0$
#1037500000
b10000001011 #
b10000001011 /
b10010111100111001 !
b10010111100111001 0
1$
#1038000000
b10000001011 (
r1211.71875 ,
r1212.890625 -
b10000001011 +
1%
0$
#1038500000
b10000001100 #
b10000001100 /
b10010111110000100 !
b10010111110000100 0
1$
#1039000000
b10000001100 (
r1212.890625 ,
r1214.0625 -
b10000001100 +
1%
0$
#1039500000
b10000001101 #
b10000001101 /
b10010111111001111 !
b10010111111001111 0
1$
#1040000000
b10000001101 (
r1214.0625 ,
r1215.234375 -
b10000001101 +
1%
0$
#1040500000
b10000001110 #
b10000001110 /
b10011000000011010 !
b10011000000011010 0
1$
#1041000000
b10000001110 (
r1215.234375 ,
r1216.40625 -
b10000001110 +
1%
0$
#1041500000
b10000001111 #
b10000001111 /
b10011000001100101 !
b10011000001100101 0
1$
#1042000000
b10000001111 (
r1216.40625 ,
r1217.578125 -
b10000001111 +
1%
0$
#1042500000
b10000010000 #
b10000010000 /
b10011000010110000 !
b10011000010110000 0
1$
#1043000000
b10000010000 (
r1217.578125 ,
r1218.75 -
b10000010000 +
1%
0$
#1043500000
b10000010001 #
b10000010001 /
b10011000011111011 !
b10011000011111011 0
1$
#1044000000
b10000010001 (
r1218.75 ,
r1219.921875 -
b10000010001 +
1%
0$
#1044500000
b10000010010 #
b10000010010 /
b10011000101000110 !
b10011000101000110 0
1$
#1045000000
b10000010010 (
r1219.921875 ,
r1221.09375 -
b10000010010 +
1%
0$
#1045500000
b10000010011 #
b10000010011 /
b10011000110010001 !
b10011000110010001 0
1$
#1046000000
b10000010011 (
r1221.09375 ,
r1222.265625 -
b10000010011 +
1%
0$
#1046500000
b10000010100 #
b10000010100 /
b10011000111011100 !
b10011000111011100 0
1$
#1047000000
b10000010100 (
r1222.265625 ,
r1223.4375 -
b10000010100 +
1%
0$
#1047500000
b10000010101 #
b10000010101 /
b10011001000100111 !
b10011001000100111 0
1$
#1048000000
b10000010101 (
r1223.4375 ,
r1224.609375 -
b10000010101 +
1%
0$
#1048500000
b10000010110 #
b10000010110 /
b10011001001110010 !
b10011001001110010 0
1$
#1049000000
b10000010110 (
r1224.609375 ,
r1225.78125 -
b10000010110 +
1%
0$
#1049500000
b10000010111 #
b10000010111 /
b10011001010111101 !
b10011001010111101 0
1$
#1050000000
b10000010111 (
r1225.78125 ,
r1226.953125 -
b10000010111 +
1%
0$
#1050500000
b10000011000 #
b10000011000 /
b10011001100001000 !
b10011001100001000 0
1$
#1051000000
b10000011000 (
r1226.953125 ,
r1228.125 -
b10000011000 +
1%
0$
#1051500000
b10000011001 #
b10000011001 /
b10011001101010011 !
b10011001101010011 0
1$
#1052000000
b10000011001 (
r1228.125 ,
r1229.296875 -
b10000011001 +
1%
0$
#1052500000
b10000011010 #
b10000011010 /
b10011001110011110 !
b10011001110011110 0
1$
#1053000000
b10000011010 (
r1229.296875 ,
r1230.46875 -
b10000011010 +
1%
0$
#1053500000
b10000011011 #
b10000011011 /
b10011001111101001 !
b10011001111101001 0
1$
#1054000000
b10000011011 (
r1230.46875 ,
r1231.640625 -
b10000011011 +
1%
0$
#1054500000
b10000011100 #
b10000011100 /
b10011010000110100 !
b10011010000110100 0
1$
#1055000000
b10000011100 (
r1231.640625 ,
r1232.8125 -
b10000011100 +
1%
0$
#1055500000
b10000011101 #
b10000011101 /
b10011010001111111 !
b10011010001111111 0
1$
#1056000000
b10000011101 (
r1232.8125 ,
r1233.984375 -
b10000011101 +
1%
0$
#1056500000
b10000011110 #
b10000011110 /
b10011010011001010 !
b10011010011001010 0
1$
#1057000000
b10000011110 (
r1233.984375 ,
r1235.15625 -
b10000011110 +
1%
0$
#1057500000
b10000011111 #
b10000011111 /
b10011010100010101 !
b10011010100010101 0
1$
#1058000000
b10000011111 (
r1235.15625 ,
r1236.328125 -
b10000011111 +
1%
0$
#1058500000
b10000100000 #
b10000100000 /
b10011010101100000 !
b10011010101100000 0
1$
#1059000000
b10000100000 (
r1236.328125 ,
r1237.5 -
b10000100000 +
1%
0$
#1059500000
b10000100001 #
b10000100001 /
b10011010110101011 !
b10011010110101011 0
1$
#1060000000
b10000100001 (
r1237.5 ,
r1238.671875 -
b10000100001 +
1%
0$
#1060500000
b10000100010 #
b10000100010 /
b10011010111110110 !
b10011010111110110 0
1$
#1061000000
b10000100010 (
r1238.671875 ,
r1239.84375 -
b10000100010 +
1%
0$
#1061500000
b10000100011 #
b10000100011 /
b10011011001000001 !
b10011011001000001 0
1$
#1062000000
b10000100011 (
r1239.84375 ,
r1241.015625 -
b10000100011 +
1%
0$
#1062500000
b10000100100 #
b10000100100 /
b10011011010001100 !
b10011011010001100 0
1$
#1063000000
b10000100100 (
r1241.015625 ,
r1242.1875 -
b10000100100 +
1%
0$
#1063500000
b10000100101 #
b10000100101 /
b10011011011010111 !
b10011011011010111 0
1$
#1064000000
b10000100101 (
r1242.1875 ,
r1243.359375 -
b10000100101 +
1%
0$
#1064500000
b10000100110 #
b10000100110 /
b10011011100100010 !
b10011011100100010 0
1$
#1065000000
b10000100110 (
r1243.359375 ,
r1244.53125 -
b10000100110 +
1%
0$
#1065500000
b10000100111 #
b10000100111 /
b10011011101101101 !
b10011011101101101 0
1$
#1066000000
b10000100111 (
r1244.53125 ,
r1245.703125 -
b10000100111 +
1%
0$
#1066500000
b10000101000 #
b10000101000 /
b10011011110111000 !
b10011011110111000 0
1$
#1067000000
b10000101000 (
r1245.703125 ,
r1246.875 -
b10000101000 +
1%
0$
#1067500000
b10000101001 #
b10000101001 /
b10011100000000011 !
b10011100000000011 0
1$
#1068000000
b10000101001 (
r1246.875 ,
r1248.046875 -
b10000101001 +
1%
0$
#1068500000
b10000101010 #
b10000101010 /
b10011100001001110 !
b10011100001001110 0
1$
#1069000000
b10000101010 (
r1248.046875 ,
r1249.21875 -
b10000101010 +
1%
0$
#1069500000
b10000101011 #
b10000101011 /
b10011100010011001 !
b10011100010011001 0
1$
#1070000000
b10000101011 (
r1249.21875 ,
r1250.390625 -
b10000101011 +
1%
0$
#1070500000
b10000101100 #
b10000101100 /
b10011100011100100 !
b10011100011100100 0
1$
#1071000000
b10000101100 (
r1250.390625 ,
r1251.5625 -
b10000101100 +
1%
0$
#1071500000
b10000101101 #
b10000101101 /
b10011100100101111 !
b10011100100101111 0
1$
#1072000000
b10000101101 (
r1251.5625 ,
r1252.734375 -
b10000101101 +
1%
0$
#1072500000
b10000101110 #
b10000101110 /
b10011100101111010 !
b10011100101111010 0
1$
#1073000000
b10000101110 (
r1252.734375 ,
r1253.90625 -
b10000101110 +
1%
0$
#1073500000
b10000101111 #
b10000101111 /
b10011100111000101 !
b10011100111000101 0
1$
#1074000000
b10000101111 (
r1253.90625 ,
r1255.078125 -
b10000101111 +
1%
0$
#1074500000
b10000110000 #
b10000110000 /
b10011101000010000 !
b10011101000010000 0
1$
#1075000000
b10000110000 (
r1255.078125 ,
r1256.25 -
b10000110000 +
1%
0$
#1075500000
b10000110001 #
b10000110001 /
b10011101001011011 !
b10011101001011011 0
1$
#1076000000
b10000110001 (
r1256.25 ,
r1257.421875 -
b10000110001 +
1%
0$
#1076500000
b10000110010 #
b10000110010 /
b10011101010100110 !
b10011101010100110 0
1$
#1077000000
b10000110010 (
r1257.421875 ,
r1258.59375 -
b10000110010 +
1%
0$
#1077500000
b10000110011 #
b10000110011 /
b10011101011110001 !
b10011101011110001 0
1$
#1078000000
b10000110011 (
r1258.59375 ,
r1259.765625 -
b10000110011 +
1%
0$
#1078500000
b10000110100 #
b10000110100 /
b10011101100111100 !
b10011101100111100 0
1$
#1079000000
b10000110100 (
r1259.765625 ,
r1260.9375 -
b10000110100 +
1%
0$
#1079500000
b10000110101 #
b10000110101 /
b10011101110000111 !
b10011101110000111 0
1$
#1080000000
b10000110101 (
r1260.9375 ,
r1262.109375 -
b10000110101 +
1%
0$
#1080500000
b10000110110 #
b10000110110 /
b10011101111010010 !
b10011101111010010 0
1$
#1081000000
b10000110110 (
r1262.109375 ,
r1263.28125 -
b10000110110 +
1%
0$
#1081500000
b10000110111 #
b10000110111 /
b10011110000011101 !
b10011110000011101 0
1$
#1082000000
b10000110111 (
r1263.28125 ,
r1264.453125 -
b10000110111 +
1%
0$
#1082500000
b10000111000 #
b10000111000 /
b10011110001101000 !
b10011110001101000 0
1$
#1083000000
b10000111000 (
r1264.453125 ,
r1265.625 -
b10000111000 +
1%
0$
#1083500000
b10000111001 #
b10000111001 /
b10011110010110011 !
b10011110010110011 0
1$
#1084000000
b10000111001 (
r1265.625 ,
r1266.796875 -
b10000111001 +
1%
0$
#1084500000
b10000111010 #
b10000111010 /
b10011110011111110 !
b10011110011111110 0
1$
#1085000000
b10000111010 (
r1266.796875 ,
r1267.96875 -
b10000111010 +
1%
0$
#1085500000
b10000111011 #
b10000111011 /
b10011110101001001 !
b10011110101001001 0
1$
#1086000000
b10000111011 (
r1267.96875 ,
r1269.140625 -
b10000111011 +
1%
0$
#1086500000
b10000111100 #
b10000111100 /
b10011110110010100 !
b10011110110010100 0
1$
#1087000000
b10000111100 (
r1269.140625 ,
r1270.3125 -
b10000111100 +
1%
0$
#1087500000
b10000111101 #
b10000111101 /
b10011110111011111 !
b10011110111011111 0
1$
#1088000000
b10000111101 (
r1270.3125 ,
r1271.484375 -
b10000111101 +
1%
0$
#1088500000
b10000111110 #
b10000111110 /
b10011111000101010 !
b10011111000101010 0
1$
#1089000000
b10000111110 (
r1271.484375 ,
r1272.65625 -
b10000111110 +
1%
0$
#1089500000
b10000111111 #
b10000111111 /
b10011111001110101 !
b10011111001110101 0
1$
#1090000000
b10000111111 (
r1272.65625 ,
r1273.828125 -
b10000111111 +
1%
0$
#1090500000
b10001000000 #
b10001000000 /
b10011111011000000 !
b10011111011000000 0
1$
#1091000000
b10001000000 (
r1273.828125 ,
r1275 -
b10001000000 +
1%
0$
#1091500000
b10001000001 #
b10001000001 /
b10011111100001011 !
b10011111100001011 0
1$
#1092000000
b10001000001 (
r1275 ,
r1276.171875 -
b10001000001 +
1%
0$
#1092500000
b10001000010 #
b10001000010 /
b10011111101010110 !
b10011111101010110 0
1$
#1093000000
b10001000010 (
r1276.171875 ,
r1277.34375 -
b10001000010 +
1%
0$
#1093500000
b10001000011 #
b10001000011 /
b10011111110100001 !
b10011111110100001 0
1$
#1094000000
b10001000011 (
r1277.34375 ,
r1278.515625 -
b10001000011 +
1%
0$
#1094500000
b10001000100 #
b10001000100 /
b10011111111101100 !
b10011111111101100 0
1$
#1095000000
b10001000100 (
r1278.515625 ,
r1279.6875 -
b10001000100 +
1%
0$
#1095500000
b10001000101 #
b10001000101 /
b10100000000110111 !
b10100000000110111 0
1$
#1096000000
b10001000101 (
r1279.6875 ,
r1280.859375 -
b10001000101 +
1%
0$
#1096500000
b10001000110 #
b10001000110 /
b10100000010000010 !
b10100000010000010 0
1$
#1097000000
b10001000110 (
r1280.859375 ,
r1282.03125 -
b10001000110 +
1%
0$
#1097500000
b10001000111 #
b10001000111 /
b10100000011001101 !
b10100000011001101 0
1$
#1098000000
b10001000111 (
r1282.03125 ,
r1283.203125 -
b10001000111 +
1%
0$
#1098500000
b10001001000 #
b10001001000 /
b10100000100011000 !
b10100000100011000 0
1$
#1099000000
b10001001000 (
r1283.203125 ,
r1284.375 -
b10001001000 +
1%
0$
#1099500000
b10001001001 #
b10001001001 /
b10100000101100011 !
b10100000101100011 0
1$
#1100000000
b10001001001 (
r1284.375 ,
r1285.546875 -
b10001001001 +
1%
0$
#1100500000
b10001001010 #
b10001001010 /
b10100000110101110 !
b10100000110101110 0
1$
#1101000000
b10001001010 (
r1285.546875 ,
r1286.71875 -
b10001001010 +
1%
0$
#1101500000
b10001001011 #
b10001001011 /
b10100000111111001 !
b10100000111111001 0
1$
#1102000000
b10001001011 (
r1286.71875 ,
r1287.890625 -
b10001001011 +
1%
0$
#1102500000
b10001001100 #
b10001001100 /
b10100001001000100 !
b10100001001000100 0
1$
#1103000000
b10001001100 (
r1287.890625 ,
r1289.0625 -
b10001001100 +
1%
0$
#1103500000
b10001001101 #
b10001001101 /
b10100001010001111 !
b10100001010001111 0
1$
#1104000000
b10001001101 (
r1289.0625 ,
r1290.234375 -
b10001001101 +
1%
0$
#1104500000
b10001001110 #
b10001001110 /
b10100001011011010 !
b10100001011011010 0
1$
#1105000000
b10001001110 (
r1290.234375 ,
r1291.40625 -
b10001001110 +
1%
0$
#1105500000
b10001001111 #
b10001001111 /
b10100001100100101 !
b10100001100100101 0
1$
#1106000000
b10001001111 (
r1291.40625 ,
r1292.578125 -
b10001001111 +
1%
0$
#1106500000
b10001010000 #
b10001010000 /
b10100001101110000 !
b10100001101110000 0
1$
#1107000000
b10001010000 (
r1292.578125 ,
r1293.75 -
b10001010000 +
1%
0$
#1107500000
b10001010001 #
b10001010001 /
b10100001110111011 !
b10100001110111011 0
1$
#1108000000
b10001010001 (
r1293.75 ,
r1294.921875 -
b10001010001 +
1%
0$
#1108500000
b10001010010 #
b10001010010 /
b10100010000000110 !
b10100010000000110 0
1$
#1109000000
b10001010010 (
r1294.921875 ,
r1296.09375 -
b10001010010 +
1%
0$
#1109500000
b10001010011 #
b10001010011 /
b10100010001010001 !
b10100010001010001 0
1$
#1110000000
b10001010011 (
r1296.09375 ,
r1297.265625 -
b10001010011 +
1%
0$
#1110500000
b10001010100 #
b10001010100 /
b10100010010011100 !
b10100010010011100 0
1$
#1111000000
b10001010100 (
r1297.265625 ,
r1298.4375 -
b10001010100 +
1%
0$
#1111500000
b10001010101 #
b10001010101 /
b10100010011100111 !
b10100010011100111 0
1$
#1112000000
b10001010101 (
r1298.4375 ,
r1299.609375 -
b10001010101 +
1%
0$
#1112500000
b10001010110 #
b10001010110 /
b10100010100110010 !
b10100010100110010 0
1$
#1113000000
b10001010110 (
r1299.609375 ,
r1300.78125 -
b10001010110 +
1%
0$
#1113500000
b10001010111 #
b10001010111 /
b10100010101111101 !
b10100010101111101 0
1$
#1114000000
b10001010111 (
r1300.78125 ,
r1301.953125 -
b10001010111 +
1%
0$
#1114500000
b10001011000 #
b10001011000 /
b10100010111001000 !
b10100010111001000 0
1$
#1115000000
b10001011000 (
r1301.953125 ,
r1303.125 -
b10001011000 +
1%
0$
#1115500000
b10001011001 #
b10001011001 /
b10100011000010011 !
b10100011000010011 0
1$
#1116000000
b10001011001 (
r1303.125 ,
r1304.296875 -
b10001011001 +
1%
0$
#1116500000
b10001011010 #
b10001011010 /
b10100011001011110 !
b10100011001011110 0
1$
#1117000000
b10001011010 (
r1304.296875 ,
r1305.46875 -
b10001011010 +
1%
0$
#1117500000
b10001011011 #
b10001011011 /
b10100011010101001 !
b10100011010101001 0
1$
#1118000000
b10001011011 (
r1305.46875 ,
r1306.640625 -
b10001011011 +
1%
0$
#1118500000
b10001011100 #
b10001011100 /
b10100011011110100 !
b10100011011110100 0
1$
#1119000000
b10001011100 (
r1306.640625 ,
r1307.8125 -
b10001011100 +
1%
0$
#1119500000
b10001011101 #
b10001011101 /
b10100011100111111 !
b10100011100111111 0
1$
#1120000000
b10001011101 (
r1307.8125 ,
r1308.984375 -
b10001011101 +
1%
0$
#1120500000
b10001011110 #
b10001011110 /
b10100011110001010 !
b10100011110001010 0
1$
#1121000000
b10001011110 (
r1308.984375 ,
r1310.15625 -
b10001011110 +
1%
0$
#1121500000
b10001011111 #
b10001011111 /
b10100011111010101 !
b10100011111010101 0
1$
#1122000000
b10001011111 (
r1310.15625 ,
r1311.328125 -
b10001011111 +
1%
0$
#1122500000
b10001100000 #
b10001100000 /
b10100100000100000 !
b10100100000100000 0
1$
#1123000000
b10001100000 (
r1311.328125 ,
r1312.5 -
b10001100000 +
1%
0$
#1123500000
b10001100001 #
b10001100001 /
b10100100001101011 !
b10100100001101011 0
1$
#1124000000
b10001100001 (
r1312.5 ,
r1313.671875 -
b10001100001 +
1%
0$
#1124500000
b10001100010 #
b10001100010 /
b10100100010110110 !
b10100100010110110 0
1$
#1125000000
b10001100010 (
r1313.671875 ,
r1314.84375 -
b10001100010 +
1%
0$
#1125500000
b10001100011 #
b10001100011 /
b10100100100000001 !
b10100100100000001 0
1$
#1126000000
b10001100011 (
r1314.84375 ,
r1316.015625 -
b10001100011 +
1%
0$
#1126500000
b10001100100 #
b10001100100 /
b10100100101001100 !
b10100100101001100 0
1$
#1127000000
b10001100100 (
r1316.015625 ,
r1317.1875 -
b10001100100 +
1%
0$
#1127500000
b10001100101 #
b10001100101 /
b10100100110010111 !
b10100100110010111 0
1$
#1128000000
b10001100101 (
r1317.1875 ,
r1318.359375 -
b10001100101 +
1%
0$
#1128500000
b10001100110 #
b10001100110 /
b10100100111100010 !
b10100100111100010 0
1$
#1129000000
b10001100110 (
r1318.359375 ,
r1319.53125 -
b10001100110 +
1%
0$
#1129500000
b10001100111 #
b10001100111 /
b10100101000101101 !
b10100101000101101 0
1$
#1130000000
b10001100111 (
r1319.53125 ,
r1320.703125 -
b10001100111 +
1%
0$
#1130500000
b10001101000 #
b10001101000 /
b10100101001111000 !
b10100101001111000 0
1$
#1131000000
b10001101000 (
r1320.703125 ,
r1321.875 -
b10001101000 +
1%
0$
#1131500000
b10001101001 #
b10001101001 /
b10100101011000011 !
b10100101011000011 0
1$
#1132000000
b10001101001 (
r1321.875 ,
r1323.046875 -
b10001101001 +
1%
0$
#1132500000
b10001101010 #
b10001101010 /
b10100101100001110 !
b10100101100001110 0
1$
#1133000000
b10001101010 (
r1323.046875 ,
r1324.21875 -
b10001101010 +
1%
0$
#1133500000
b10001101011 #
b10001101011 /
b10100101101011001 !
b10100101101011001 0
1$
#1134000000
b10001101011 (
r1324.21875 ,
r1325.390625 -
b10001101011 +
1%
0$
#1134500000
b10001101100 #
b10001101100 /
b10100101110100100 !
b10100101110100100 0
1$
#1135000000
b10001101100 (
r1325.390625 ,
r1326.5625 -
b10001101100 +
1%
0$
#1135500000
b10001101101 #
b10001101101 /
b10100101111101111 !
b10100101111101111 0
1$
#1136000000
b10001101101 (
r1326.5625 ,
r1327.734375 -
b10001101101 +
1%
0$
#1136500000
b10001101110 #
b10001101110 /
b10100110000111010 !
b10100110000111010 0
1$
#1137000000
b10001101110 (
r1327.734375 ,
r1328.90625 -
b10001101110 +
1%
0$
#1137500000
b10001101111 #
b10001101111 /
b10100110010000101 !
b10100110010000101 0
1$
#1138000000
b10001101111 (
r1328.90625 ,
r1330.078125 -
b10001101111 +
1%
0$
#1138500000
b10001110000 #
b10001110000 /
b10100110011010000 !
b10100110011010000 0
1$
#1139000000
b10001110000 (
r1330.078125 ,
r1331.25 -
b10001110000 +
1%
0$
#1139500000
b10001110001 #
b10001110001 /
b10100110100011011 !
b10100110100011011 0
1$
#1140000000
b10001110001 (
r1331.25 ,
r1332.421875 -
b10001110001 +
1%
0$
#1140500000
b10001110010 #
b10001110010 /
b10100110101100110 !
b10100110101100110 0
1$
#1141000000
b10001110010 (
r1332.421875 ,
r1333.59375 -
b10001110010 +
1%
0$
#1141500000
b10001110011 #
b10001110011 /
b10100110110110001 !
b10100110110110001 0
1$
#1142000000
b10001110011 (
r1333.59375 ,
r1334.765625 -
b10001110011 +
1%
0$
#1142500000
b10001110100 #
b10001110100 /
b10100110111111100 !
b10100110111111100 0
1$
#1143000000
b10001110100 (
r1334.765625 ,
r1335.9375 -
b10001110100 +
1%
0$
#1143500000
b10001110101 #
b10001110101 /
b10100111001000111 !
b10100111001000111 0
1$
#1144000000
b10001110101 (
r1335.9375 ,
r1337.109375 -
b10001110101 +
1%
0$
#1144500000
b10001110110 #
b10001110110 /
b10100111010010010 !
b10100111010010010 0
1$
#1145000000
b10001110110 (
r1337.109375 ,
r1338.28125 -
b10001110110 +
1%
0$
#1145500000
b10001110111 #
b10001110111 /
b10100111011011101 !
b10100111011011101 0
1$
#1146000000
b10001110111 (
r1338.28125 ,
r1339.453125 -
b10001110111 +
1%
0$
#1146500000
b10001111000 #
b10001111000 /
b10100111100101000 !
b10100111100101000 0
1$
#1147000000
b10001111000 (
r1339.453125 ,
r1340.625 -
b10001111000 +
1%
0$
#1147500000
b10001111001 #
b10001111001 /
b10100111101110011 !
b10100111101110011 0
1$
#1148000000
b10001111001 (
r1340.625 ,
r1341.796875 -
b10001111001 +
1%
0$
#1148500000
b10001111010 #
b10001111010 /
b10100111110111110 !
b10100111110111110 0
1$
#1149000000
b10001111010 (
r1341.796875 ,
r1342.96875 -
b10001111010 +
1%
0$
#1149500000
b10001111011 #
b10001111011 /
b10101000000001001 !
b10101000000001001 0
1$
#1150000000
b10001111011 (
r1342.96875 ,
r1344.140625 -
b10001111011 +
1%
0$
#1150500000
b10001111100 #
b10001111100 /
b10101000001010100 !
b10101000001010100 0
1$
#1151000000
b10001111100 (
r1344.140625 ,
r1345.3125 -
b10001111100 +
1%
0$
#1151500000
b10001111101 #
b10001111101 /
b10101000010011111 !
b10101000010011111 0
1$
#1152000000
b10001111101 (
r1345.3125 ,
r1346.484375 -
b10001111101 +
1%
0$
#1152500000
b10001111110 #
b10001111110 /
b10101000011101010 !
b10101000011101010 0
1$
#1153000000
b10001111110 (
r1346.484375 ,
r1347.65625 -
b10001111110 +
1%
0$
#1153500000
b10001111111 #
b10001111111 /
b10101000100110101 !
b10101000100110101 0
1$
#1154000000
b10001111111 (
r1347.65625 ,
r1348.828125 -
b10001111111 +
1%
0$
#1154500000
b10010000000 #
b10010000000 /
b10101000110000000 !
b10101000110000000 0
1$
#1155000000
b10010000000 (
r1348.828125 ,
r1350 -
b10010000000 +
1%
0$
#1155500000
b10010000001 #
b10010000001 /
b10101000111001011 !
b10101000111001011 0
1$
#1156000000
b10010000001 (
r1350 ,
r1351.171875 -
b10010000001 +
1%
0$
#1156500000
b10010000010 #
b10010000010 /
b10101001000010110 !
b10101001000010110 0
1$
#1157000000
b10010000010 (
r1351.171875 ,
r1352.34375 -
b10010000010 +
1%
0$
#1157500000
b10010000011 #
b10010000011 /
b10101001001100001 !
b10101001001100001 0
1$
#1158000000
b10010000011 (
r1352.34375 ,
r1353.515625 -
b10010000011 +
1%
0$
#1158500000
b10010000100 #
b10010000100 /
b10101001010101100 !
b10101001010101100 0
1$
#1159000000
b10010000100 (
r1353.515625 ,
r1354.6875 -
b10010000100 +
1%
0$
#1159500000
b10010000101 #
b10010000101 /
b10101001011110111 !
b10101001011110111 0
1$
#1160000000
b10010000101 (
r1354.6875 ,
r1355.859375 -
b10010000101 +
1%
0$
#1160500000
b10010000110 #
b10010000110 /
b10101001101000010 !
b10101001101000010 0
1$
#1161000000
b10010000110 (
r1355.859375 ,
r1357.03125 -
b10010000110 +
1%
0$
#1161500000
b10010000111 #
b10010000111 /
b10101001110001101 !
b10101001110001101 0
1$
#1162000000
b10010000111 (
r1357.03125 ,
r1358.203125 -
b10010000111 +
1%
0$
#1162500000
b10010001000 #
b10010001000 /
b10101001111011000 !
b10101001111011000 0
1$
#1163000000
b10010001000 (
r1358.203125 ,
r1359.375 -
b10010001000 +
1%
0$
#1163500000
b10010001001 #
b10010001001 /
b10101010000100011 !
b10101010000100011 0
1$
#1164000000
b10010001001 (
r1359.375 ,
r1360.546875 -
b10010001001 +
1%
0$
#1164500000
b10010001010 #
b10010001010 /
b10101010001101110 !
b10101010001101110 0
1$
#1165000000
b10010001010 (
r1360.546875 ,
r1361.71875 -
b10010001010 +
1%
0$
#1165500000
b10010001011 #
b10010001011 /
b10101010010111001 !
b10101010010111001 0
1$
#1166000000
b10010001011 (
r1361.71875 ,
r1362.890625 -
b10010001011 +
1%
0$
#1166500000
b10010001100 #
b10010001100 /
b10101010100000100 !
b10101010100000100 0
1$
#1167000000
b10010001100 (
r1362.890625 ,
r1364.0625 -
b10010001100 +
1%
0$
#1167500000
b10010001101 #
b10010001101 /
b10101010101001111 !
b10101010101001111 0
1$
#1168000000
b10010001101 (
r1364.0625 ,
r1365.234375 -
b10010001101 +
1%
0$
#1168500000
b10010001110 #
b10010001110 /
b10101010110011010 !
b10101010110011010 0
1$
#1169000000
b10010001110 (
r1365.234375 ,
r1366.40625 -
b10010001110 +
1%
0$
#1169500000
b10010001111 #
b10010001111 /
b10101010111100101 !
b10101010111100101 0
1$
#1170000000
b10010001111 (
r1366.40625 ,
r1367.578125 -
b10010001111 +
1%
0$
#1170500000
b10010010000 #
b10010010000 /
b10101011000110000 !
b10101011000110000 0
1$
#1171000000
b10010010000 (
r1367.578125 ,
r1368.75 -
b10010010000 +
1%
0$
#1171500000
b10010010001 #
b10010010001 /
b10101011001111011 !
b10101011001111011 0
1$
#1172000000
b10010010001 (
r1368.75 ,
r1369.921875 -
b10010010001 +
1%
0$
#1172500000
b10010010010 #
b10010010010 /
b10101011011000110 !
b10101011011000110 0
1$
#1173000000
b10010010010 (
r1369.921875 ,
r1371.09375 -
b10010010010 +
1%
0$
#1173500000
b10010010011 #
b10010010011 /
b10101011100010001 !
b10101011100010001 0
1$
#1174000000
b10010010011 (
r1371.09375 ,
r1372.265625 -
b10010010011 +
1%
0$
#1174500000
b10010010100 #
b10010010100 /
b10101011101011100 !
b10101011101011100 0
1$
#1175000000
b10010010100 (
r1372.265625 ,
r1373.4375 -
b10010010100 +
1%
0$
#1175500000
b10010010101 #
b10010010101 /
b10101011110100111 !
b10101011110100111 0
1$
#1176000000
b10010010101 (
r1373.4375 ,
r1374.609375 -
b10010010101 +
1%
0$
#1176500000
b10010010110 #
b10010010110 /
b10101011111110010 !
b10101011111110010 0
1$
#1177000000
b10010010110 (
r1374.609375 ,
r1375.78125 -
b10010010110 +
1%
0$
#1177500000
b10010010111 #
b10010010111 /
b10101100000111101 !
b10101100000111101 0
1$
#1178000000
b10010010111 (
r1375.78125 ,
r1376.953125 -
b10010010111 +
1%
0$
#1178500000
b10010011000 #
b10010011000 /
b10101100010001000 !
b10101100010001000 0
1$
#1179000000
b10010011000 (
r1376.953125 ,
r1378.125 -
b10010011000 +
1%
0$
#1179500000
b10010011001 #
b10010011001 /
b10101100011010011 !
b10101100011010011 0
1$
#1180000000
b10010011001 (
r1378.125 ,
r1379.296875 -
b10010011001 +
1%
0$
#1180500000
b10010011010 #
b10010011010 /
b10101100100011110 !
b10101100100011110 0
1$
#1181000000
b10010011010 (
r1379.296875 ,
r1380.46875 -
b10010011010 +
1%
0$
#1181500000
b10010011011 #
b10010011011 /
b10101100101101001 !
b10101100101101001 0
1$
#1182000000
b10010011011 (
r1380.46875 ,
r1381.640625 -
b10010011011 +
1%
0$
#1182500000
b10010011100 #
b10010011100 /
b10101100110110100 !
b10101100110110100 0
1$
#1183000000
b10010011100 (
r1381.640625 ,
r1382.8125 -
b10010011100 +
1%
0$
#1183500000
b10010011101 #
b10010011101 /
b10101100111111111 !
b10101100111111111 0
1$
#1184000000
b10010011101 (
r1382.8125 ,
r1383.984375 -
b10010011101 +
1%
0$
#1184500000
b10010011110 #
b10010011110 /
b10101101001001010 !
b10101101001001010 0
1$
#1185000000
b10010011110 (
r1383.984375 ,
r1385.15625 -
b10010011110 +
1%
0$
#1185500000
b10010011111 #
b10010011111 /
b10101101010010101 !
b10101101010010101 0
1$
#1186000000
b10010011111 (
r1385.15625 ,
r1386.328125 -
b10010011111 +
1%
0$
#1186500000
b10010100000 #
b10010100000 /
b10101101011100000 !
b10101101011100000 0
1$
#1187000000
b10010100000 (
r1386.328125 ,
r1387.5 -
b10010100000 +
1%
0$
#1187500000
b10010100001 #
b10010100001 /
b10101101100101011 !
b10101101100101011 0
1$
#1188000000
b10010100001 (
r1387.5 ,
r1388.671875 -
b10010100001 +
1%
0$
#1188500000
b10010100010 #
b10010100010 /
b10101101101110110 !
b10101101101110110 0
1$
#1189000000
b10010100010 (
r1388.671875 ,
r1389.84375 -
b10010100010 +
1%
0$
#1189500000
b10010100011 #
b10010100011 /
b10101101111000001 !
b10101101111000001 0
1$
#1190000000
b10010100011 (
r1389.84375 ,
r1391.015625 -
b10010100011 +
1%
0$
#1190500000
b10010100100 #
b10010100100 /
b10101110000001100 !
b10101110000001100 0
1$
#1191000000
b10010100100 (
r1391.015625 ,
r1392.1875 -
b10010100100 +
1%
0$
#1191500000
b10010100101 #
b10010100101 /
b10101110001010111 !
b10101110001010111 0
1$
#1192000000
b10010100101 (
r1392.1875 ,
r1393.359375 -
b10010100101 +
1%
0$
#1192500000
b10010100110 #
b10010100110 /
b10101110010100010 !
b10101110010100010 0
1$
#1193000000
b10010100110 (
r1393.359375 ,
r1394.53125 -
b10010100110 +
1%
0$
#1193500000
b10010100111 #
b10010100111 /
b10101110011101101 !
b10101110011101101 0
1$
#1194000000
b10010100111 (
r1394.53125 ,
r1395.703125 -
b10010100111 +
1%
0$
#1194500000
b10010101000 #
b10010101000 /
b10101110100111000 !
b10101110100111000 0
1$
#1195000000
b10010101000 (
r1395.703125 ,
r1396.875 -
b10010101000 +
1%
0$
#1195500000
b10010101001 #
b10010101001 /
b10101110110000011 !
b10101110110000011 0
1$
#1196000000
b10010101001 (
r1396.875 ,
r1398.046875 -
b10010101001 +
1%
0$
#1196500000
b10010101010 #
b10010101010 /
b10101110111001110 !
b10101110111001110 0
1$
#1197000000
b10010101010 (
r1398.046875 ,
r1399.21875 -
b10010101010 +
1%
0$
#1197500000
b10010101011 #
b10010101011 /
b10101111000011001 !
b10101111000011001 0
1$
#1198000000
b10010101011 (
r1399.21875 ,
r1400.390625 -
b10010101011 +
1%
0$
#1198500000
b10010101100 #
b10010101100 /
b10101111001100100 !
b10101111001100100 0
1$
#1199000000
b10010101100 (
r1400.390625 ,
r1401.5625 -
b10010101100 +
1%
0$
#1199500000
b10010101101 #
b10010101101 /
b10101111010101111 !
b10101111010101111 0
1$
#1200000000
b10010101101 (
r1401.5625 ,
r1402.734375 -
b10010101101 +
1%
0$
#1200500000
b10010101110 #
b10010101110 /
b10101111011111010 !
b10101111011111010 0
1$
#1201000000
b10010101110 (
r1402.734375 ,
r1403.90625 -
b10010101110 +
1%
0$
#1201500000
b10010101111 #
b10010101111 /
b10101111101000101 !
b10101111101000101 0
1$
#1202000000
b10010101111 (
r1403.90625 ,
r1405.078125 -
b10010101111 +
1%
0$
#1202500000
b10010110000 #
b10010110000 /
b10101111110010000 !
b10101111110010000 0
1$
#1203000000
b10010110000 (
r1405.078125 ,
r1406.25 -
b10010110000 +
1%
0$
#1203500000
b10010110001 #
b10010110001 /
b10101111111011011 !
b10101111111011011 0
1$
#1204000000
b10010110001 (
r1406.25 ,
r1407.421875 -
b10010110001 +
1%
0$
#1204500000
b10010110010 #
b10010110010 /
b10110000000100110 !
b10110000000100110 0
1$
#1205000000
b10010110010 (
r1407.421875 ,
r1408.59375 -
b10010110010 +
1%
0$
#1205500000
b10010110011 #
b10010110011 /
b10110000001110001 !
b10110000001110001 0
1$
#1206000000
b10010110011 (
r1408.59375 ,
r1409.765625 -
b10010110011 +
1%
0$
#1206500000
b10010110100 #
b10010110100 /
b10110000010111100 !
b10110000010111100 0
1$
#1207000000
b10010110100 (
r1409.765625 ,
r1410.9375 -
b10010110100 +
1%
0$
#1207500000
b10010110101 #
b10010110101 /
b10110000100000111 !
b10110000100000111 0
1$
#1208000000
b10010110101 (
r1410.9375 ,
r1412.109375 -
b10010110101 +
1%
0$
#1208500000
b10010110110 #
b10010110110 /
b10110000101010010 !
b10110000101010010 0
1$
#1209000000
b10010110110 (
r1412.109375 ,
r1413.28125 -
b10010110110 +
1%
0$
#1209500000
b10010110111 #
b10010110111 /
b10110000110011101 !
b10110000110011101 0
1$
#1210000000
b10010110111 (
r1413.28125 ,
r1414.453125 -
b10010110111 +
1%
0$
#1210500000
b10010111000 #
b10010111000 /
b10110000111101000 !
b10110000111101000 0
1$
#1211000000
b10010111000 (
r1414.453125 ,
r1415.625 -
b10010111000 +
1%
0$
#1211500000
b10010111001 #
b10010111001 /
b10110001000110011 !
b10110001000110011 0
1$
#1212000000
b10010111001 (
r1415.625 ,
r1416.796875 -
b10010111001 +
1%
0$
#1212500000
b10010111010 #
b10010111010 /
b10110001001111110 !
b10110001001111110 0
1$
#1213000000
b10010111010 (
r1416.796875 ,
r1417.96875 -
b10010111010 +
1%
0$
#1213500000
b10010111011 #
b10010111011 /
b10110001011001001 !
b10110001011001001 0
1$
#1214000000
b10010111011 (
r1417.96875 ,
r1419.140625 -
b10010111011 +
1%
0$
#1214500000
b10010111100 #
b10010111100 /
b10110001100010100 !
b10110001100010100 0
1$
#1215000000
b10010111100 (
r1419.140625 ,
r1420.3125 -
b10010111100 +
1%
0$
#1215500000
b10010111101 #
b10010111101 /
b10110001101011111 !
b10110001101011111 0
1$
#1216000000
b10010111101 (
r1420.3125 ,
r1421.484375 -
b10010111101 +
1%
0$
#1216500000
b10010111110 #
b10010111110 /
b10110001110101010 !
b10110001110101010 0
1$
#1217000000
b10010111110 (
r1421.484375 ,
r1422.65625 -
b10010111110 +
1%
0$
#1217500000
b10010111111 #
b10010111111 /
b10110001111110101 !
b10110001111110101 0
1$
#1218000000
b10010111111 (
r1422.65625 ,
r1423.828125 -
b10010111111 +
1%
0$
#1218500000
b10011000000 #
b10011000000 /
b10110010001000000 !
b10110010001000000 0
1$
#1219000000
b10011000000 (
r1423.828125 ,
r1425 -
b10011000000 +
1%
0$
#1219500000
b10011000001 #
b10011000001 /
b10110010010001011 !
b10110010010001011 0
1$
#1220000000
b10011000001 (
r1425 ,
r1426.171875 -
b10011000001 +
1%
0$
#1220500000
b10011000010 #
b10011000010 /
b10110010011010110 !
b10110010011010110 0
1$
#1221000000
b10011000010 (
r1426.171875 ,
r1427.34375 -
b10011000010 +
1%
0$
#1221500000
b10011000011 #
b10011000011 /
b10110010100100001 !
b10110010100100001 0
1$
#1222000000
b10011000011 (
r1427.34375 ,
r1428.515625 -
b10011000011 +
1%
0$
#1222500000
b10011000100 #
b10011000100 /
b10110010101101100 !
b10110010101101100 0
1$
#1223000000
b10011000100 (
r1428.515625 ,
r1429.6875 -
b10011000100 +
1%
0$
#1223500000
b10011000101 #
b10011000101 /
b10110010110110111 !
b10110010110110111 0
1$
#1224000000
b10011000101 (
r1429.6875 ,
r1430.859375 -
b10011000101 +
1%
0$
#1224500000
b10011000110 #
b10011000110 /
b10110011000000010 !
b10110011000000010 0
1$
#1225000000
b10011000110 (
r1430.859375 ,
r1432.03125 -
b10011000110 +
1%
0$
#1225500000
b10011000111 #
b10011000111 /
b10110011001001101 !
b10110011001001101 0
1$
#1226000000
b10011000111 (
r1432.03125 ,
r1433.203125 -
b10011000111 +
1%
0$
#1226500000
b10011001000 #
b10011001000 /
b10110011010011000 !
b10110011010011000 0
1$
#1227000000
b10011001000 (
r1433.203125 ,
r1434.375 -
b10011001000 +
1%
0$
#1227500000
b10011001001 #
b10011001001 /
b10110011011100011 !
b10110011011100011 0
1$
#1228000000
b10011001001 (
r1434.375 ,
r1435.546875 -
b10011001001 +
1%
0$
#1228500000
b10011001010 #
b10011001010 /
b10110011100101110 !
b10110011100101110 0
1$
#1229000000
b10011001010 (
r1435.546875 ,
r1436.71875 -
b10011001010 +
1%
0$
#1229500000
b10011001011 #
b10011001011 /
b10110011101111001 !
b10110011101111001 0
1$
#1230000000
b10011001011 (
r1436.71875 ,
r1437.890625 -
b10011001011 +
1%
0$
#1230500000
b10011001100 #
b10011001100 /
b10110011111000100 !
b10110011111000100 0
1$
#1231000000
b10011001100 (
r1437.890625 ,
r1439.0625 -
b10011001100 +
1%
0$
#1231500000
b10011001101 #
b10011001101 /
b10110100000001111 !
b10110100000001111 0
1$
#1232000000
b10011001101 (
r1439.0625 ,
r1440.234375 -
b10011001101 +
1%
0$
#1232500000
b10011001110 #
b10011001110 /
b10110100001011010 !
b10110100001011010 0
1$
#1233000000
b10011001110 (
r1440.234375 ,
r1441.40625 -
b10011001110 +
1%
0$
#1233500000
b10011001111 #
b10011001111 /
b10110100010100101 !
b10110100010100101 0
1$
#1234000000
b10011001111 (
r1441.40625 ,
r1442.578125 -
b10011001111 +
1%
0$
#1234500000
b10011010000 #
b10011010000 /
b10110100011110000 !
b10110100011110000 0
1$
#1235000000
b10011010000 (
r1442.578125 ,
r1443.75 -
b10011010000 +
1%
0$
#1235500000
b10011010001 #
b10011010001 /
b10110100100111011 !
b10110100100111011 0
1$
#1236000000
b10011010001 (
r1443.75 ,
r1444.921875 -
b10011010001 +
1%
0$
#1236500000
b10011010010 #
b10011010010 /
b10110100110000110 !
b10110100110000110 0
1$
#1237000000
b10011010010 (
r1444.921875 ,
r1446.09375 -
b10011010010 +
1%
0$
#1237500000
b10011010011 #
b10011010011 /
b10110100111010001 !
b10110100111010001 0
1$
#1238000000
b10011010011 (
r1446.09375 ,
r1447.265625 -
b10011010011 +
1%
0$
#1238500000
b10011010100 #
b10011010100 /
b10110101000011100 !
b10110101000011100 0
1$
#1239000000
b10011010100 (
r1447.265625 ,
r1448.4375 -
b10011010100 +
1%
0$
#1239500000
b10011010101 #
b10011010101 /
b10110101001100111 !
b10110101001100111 0
1$
#1240000000
b10011010101 (
r1448.4375 ,
r1449.609375 -
b10011010101 +
1%
0$
#1240500000
b10011010110 #
b10011010110 /
b10110101010110010 !
b10110101010110010 0
1$
#1241000000
b10011010110 (
r1449.609375 ,
r1450.78125 -
b10011010110 +
1%
0$
#1241500000
b10011010111 #
b10011010111 /
b10110101011111101 !
b10110101011111101 0
1$
#1242000000
b10011010111 (
r1450.78125 ,
r1451.953125 -
b10011010111 +
1%
0$
#1242500000
b10011011000 #
b10011011000 /
b10110101101001000 !
b10110101101001000 0
1$
#1243000000
b10011011000 (
r1451.953125 ,
r1453.125 -
b10011011000 +
1%
0$
#1243500000
b10011011001 #
b10011011001 /
b10110101110010011 !
b10110101110010011 0
1$
#1244000000
b10011011001 (
r1453.125 ,
r1454.296875 -
b10011011001 +
1%
0$
#1244500000
b10011011010 #
b10011011010 /
b10110101111011110 !
b10110101111011110 0
1$
#1245000000
b10011011010 (
r1454.296875 ,
r1455.46875 -
b10011011010 +
1%
0$
#1245500000
b10011011011 #
b10011011011 /
b10110110000101001 !
b10110110000101001 0
1$
#1246000000
b10011011011 (
r1455.46875 ,
r1456.640625 -
b10011011011 +
1%
0$
#1246500000
b10011011100 #
b10011011100 /
b10110110001110100 !
b10110110001110100 0
1$
#1247000000
b10011011100 (
r1456.640625 ,
r1457.8125 -
b10011011100 +
1%
0$
#1247500000
b10011011101 #
b10011011101 /
b10110110010111111 !
b10110110010111111 0
1$
#1248000000
b10011011101 (
r1457.8125 ,
r1458.984375 -
b10011011101 +
1%
0$
#1248500000
b10011011110 #
b10011011110 /
b10110110100001010 !
b10110110100001010 0
1$
#1249000000
b10011011110 (
r1458.984375 ,
r1460.15625 -
b10011011110 +
1%
0$
#1249500000
b10011011111 #
b10011011111 /
b10110110101010101 !
b10110110101010101 0
1$
#1250000000
b10011011111 (
r1460.15625 ,
r1461.328125 -
b10011011111 +
1%
0$
#1250500000
b10011100000 #
b10011100000 /
b10110110110100000 !
b10110110110100000 0
1$
#1251000000
b10011100000 (
r1461.328125 ,
r1462.5 -
b10011100000 +
1%
0$
#1251500000
b10011100001 #
b10011100001 /
b10110110111101011 !
b10110110111101011 0
1$
#1252000000
b10011100001 (
r1462.5 ,
r1463.671875 -
b10011100001 +
1%
0$
#1252500000
b10011100010 #
b10011100010 /
b10110111000110110 !
b10110111000110110 0
1$
#1253000000
b10011100010 (
r1463.671875 ,
r1464.84375 -
b10011100010 +
1%
0$
#1253500000
b10011100011 #
b10011100011 /
b10110111010000001 !
b10110111010000001 0
1$
#1254000000
b10011100011 (
r1464.84375 ,
r1466.015625 -
b10011100011 +
1%
0$
#1254500000
b10011100100 #
b10011100100 /
b10110111011001100 !
b10110111011001100 0
1$
#1255000000
b10011100100 (
r1466.015625 ,
r1467.1875 -
b10011100100 +
1%
0$
#1255500000
b10011100101 #
b10011100101 /
b10110111100010111 !
b10110111100010111 0
1$
#1256000000
b10011100101 (
r1467.1875 ,
r1468.359375 -
b10011100101 +
1%
0$
#1256500000
b10011100110 #
b10011100110 /
b10110111101100010 !
b10110111101100010 0
1$
#1257000000
b10011100110 (
r1468.359375 ,
r1469.53125 -
b10011100110 +
1%
0$
#1257500000
b10011100111 #
b10011100111 /
b10110111110101101 !
b10110111110101101 0
1$
#1258000000
b10011100111 (
r1469.53125 ,
r1470.703125 -
b10011100111 +
1%
0$
#1258500000
b10011101000 #
b10011101000 /
b10110111111111000 !
b10110111111111000 0
1$
#1259000000
b10011101000 (
r1470.703125 ,
r1471.875 -
b10011101000 +
1%
0$
#1259500000
b10011101001 #
b10011101001 /
b10111000001000011 !
b10111000001000011 0
1$
#1260000000
b10011101001 (
r1471.875 ,
r1473.046875 -
b10011101001 +
1%
0$
#1260500000
b10011101010 #
b10011101010 /
b10111000010001110 !
b10111000010001110 0
1$
#1261000000
b10011101010 (
r1473.046875 ,
r1474.21875 -
b10011101010 +
1%
0$
#1261500000
b10011101011 #
b10011101011 /
b10111000011011001 !
b10111000011011001 0
1$
#1262000000
b10011101011 (
r1474.21875 ,
r1475.390625 -
b10011101011 +
1%
0$
#1262500000
b10011101100 #
b10011101100 /
b10111000100100100 !
b10111000100100100 0
1$
#1263000000
b10011101100 (
r1475.390625 ,
r1476.5625 -
b10011101100 +
1%
0$
#1263500000
b10011101101 #
b10011101101 /
b10111000101101111 !
b10111000101101111 0
1$
#1264000000
b10011101101 (
r1476.5625 ,
r1477.734375 -
b10011101101 +
1%
0$
#1264500000
b10011101110 #
b10011101110 /
b10111000110111010 !
b10111000110111010 0
1$
#1265000000
b10011101110 (
r1477.734375 ,
r1478.90625 -
b10011101110 +
1%
0$
#1265500000
b10011101111 #
b10011101111 /
b10111001000000101 !
b10111001000000101 0
1$
#1266000000
b10011101111 (
r1478.90625 ,
r1480.078125 -
b10011101111 +
1%
0$
#1266500000
b10011110000 #
b10011110000 /
b10111001001010000 !
b10111001001010000 0
1$
#1267000000
b10011110000 (
r1480.078125 ,
r1481.25 -
b10011110000 +
1%
0$
#1267500000
b10011110001 #
b10011110001 /
b10111001010011011 !
b10111001010011011 0
1$
#1268000000
b10011110001 (
r1481.25 ,
r1482.421875 -
b10011110001 +
1%
0$
#1268500000
b10011110010 #
b10011110010 /
b10111001011100110 !
b10111001011100110 0
1$
#1269000000
b10011110010 (
r1482.421875 ,
r1483.59375 -
b10011110010 +
1%
0$
#1269500000
b10011110011 #
b10011110011 /
b10111001100110001 !
b10111001100110001 0
1$
#1270000000
b10011110011 (
r1483.59375 ,
r1484.765625 -
b10011110011 +
1%
0$
#1270500000
b10011110100 #
b10011110100 /
b10111001101111100 !
b10111001101111100 0
1$
#1271000000
b10011110100 (
r1484.765625 ,
r1485.9375 -
b10011110100 +
1%
0$
#1271500000
b10011110101 #
b10011110101 /
b10111001111000111 !
b10111001111000111 0
1$
#1272000000
b10011110101 (
r1485.9375 ,
r1487.109375 -
b10011110101 +
1%
0$
#1272500000
b10011110110 #
b10011110110 /
b10111010000010010 !
b10111010000010010 0
1$
#1273000000
b10011110110 (
r1487.109375 ,
r1488.28125 -
b10011110110 +
1%
0$
#1273500000
b10011110111 #
b10011110111 /
b10111010001011101 !
b10111010001011101 0
1$
#1274000000
b10011110111 (
r1488.28125 ,
r1489.453125 -
b10011110111 +
1%
0$
#1274500000
b10011111000 #
b10011111000 /
b10111010010101000 !
b10111010010101000 0
1$
#1275000000
b10011111000 (
r1489.453125 ,
r1490.625 -
b10011111000 +
1%
0$
#1275500000
b10011111001 #
b10011111001 /
b10111010011110011 !
b10111010011110011 0
1$
#1276000000
b10011111001 (
r1490.625 ,
r1491.796875 -
b10011111001 +
1%
0$
#1276500000
b10011111010 #
b10011111010 /
b10111010100111110 !
b10111010100111110 0
1$
#1277000000
b10011111010 (
r1491.796875 ,
r1492.96875 -
b10011111010 +
1%
0$
#1277500000
b10011111011 #
b10011111011 /
b10111010110001001 !
b10111010110001001 0
1$
#1278000000
b10011111011 (
r1492.96875 ,
r1494.140625 -
b10011111011 +
1%
0$
#1278500000
b10011111100 #
b10011111100 /
b10111010111010100 !
b10111010111010100 0
1$
#1279000000
b10011111100 (
r1494.140625 ,
r1495.3125 -
b10011111100 +
1%
0$
#1279500000
b10011111101 #
b10011111101 /
b10111011000011111 !
b10111011000011111 0
1$
#1280000000
b10011111101 (
r1495.3125 ,
r1496.484375 -
b10011111101 +
1%
0$
#1280500000
b10011111110 #
b10011111110 /
b10111011001101010 !
b10111011001101010 0
1$
#1281000000
b10011111110 (
r1496.484375 ,
r1497.65625 -
b10011111110 +
1%
0$
#1281500000
b10011111111 #
b10011111111 /
b10111011010110101 !
b10111011010110101 0
1$
#1282000000
b10011111111 (
r1497.65625 ,
r1498.828125 -
b10011111111 +
1%
0$
#1282500000
b10100000000 #
b10100000000 /
b10111011100000000 !
b10111011100000000 0
1$
#1283000000
b10100000000 (
r1498.828125 ,
r1500 -
b10100000000 +
1%
0$
#1283500000
b10100000001 #
b10100000001 /
b10111011101001011 !
b10111011101001011 0
1$
#1284000000
b10100000001 (
r1500 ,
r1501.171875 -
b10100000001 +
1%
0$
#1284500000
b10100000010 #
b10100000010 /
b10111011110010110 !
b10111011110010110 0
1$
#1285000000
b10100000010 (
r1501.171875 ,
r1502.34375 -
b10100000010 +
1%
0$
#1285500000
b10100000011 #
b10100000011 /
b10111011111100001 !
b10111011111100001 0
1$
#1286000000
b10100000011 (
r1502.34375 ,
r1503.515625 -
b10100000011 +
1%
0$
#1286500000
b10100000100 #
b10100000100 /
b10111100000101100 !
b10111100000101100 0
1$
#1287000000
b10100000100 (
r1503.515625 ,
r1504.6875 -
b10100000100 +
1%
0$
#1287500000
b10100000101 #
b10100000101 /
b10111100001110111 !
b10111100001110111 0
1$
#1288000000
b10100000101 (
r1504.6875 ,
r1505.859375 -
b10100000101 +
1%
0$
#1288500000
b10100000110 #
b10100000110 /
b10111100011000010 !
b10111100011000010 0
1$
#1289000000
b10100000110 (
r1505.859375 ,
r1507.03125 -
b10100000110 +
1%
0$
#1289500000
b10100000111 #
b10100000111 /
b10111100100001101 !
b10111100100001101 0
1$
#1290000000
b10100000111 (
r1507.03125 ,
r1508.203125 -
b10100000111 +
1%
0$
#1290500000
b10100001000 #
b10100001000 /
b10111100101011000 !
b10111100101011000 0
1$
#1291000000
b10100001000 (
r1508.203125 ,
r1509.375 -
b10100001000 +
1%
0$
#1291500000
b10100001001 #
b10100001001 /
b10111100110100011 !
b10111100110100011 0
1$
#1292000000
b10100001001 (
r1509.375 ,
r1510.546875 -
b10100001001 +
1%
0$
#1292500000
b10100001010 #
b10100001010 /
b10111100111101110 !
b10111100111101110 0
1$
#1293000000
b10100001010 (
r1510.546875 ,
r1511.71875 -
b10100001010 +
1%
0$
#1293500000
b10100001011 #
b10100001011 /
b10111101000111001 !
b10111101000111001 0
1$
#1294000000
b10100001011 (
r1511.71875 ,
r1512.890625 -
b10100001011 +
1%
0$
#1294500000
b10100001100 #
b10100001100 /
b10111101010000100 !
b10111101010000100 0
1$
#1295000000
b10100001100 (
r1512.890625 ,
r1514.0625 -
b10100001100 +
1%
0$
#1295500000
b10100001101 #
b10100001101 /
b10111101011001111 !
b10111101011001111 0
1$
#1296000000
b10100001101 (
r1514.0625 ,
r1515.234375 -
b10100001101 +
1%
0$
#1296500000
b10100001110 #
b10100001110 /
b10111101100011010 !
b10111101100011010 0
1$
#1297000000
b10100001110 (
r1515.234375 ,
r1516.40625 -
b10100001110 +
1%
0$
#1297500000
b10100001111 #
b10100001111 /
b10111101101100101 !
b10111101101100101 0
1$
#1298000000
b10100001111 (
r1516.40625 ,
r1517.578125 -
b10100001111 +
1%
0$
#1298500000
b10100010000 #
b10100010000 /
b10111101110110000 !
b10111101110110000 0
1$
#1299000000
b10100010000 (
r1517.578125 ,
r1518.75 -
b10100010000 +
1%
0$
#1299500000
b10100010001 #
b10100010001 /
b10111101111111011 !
b10111101111111011 0
1$
#1300000000
b10100010001 (
r1518.75 ,
r1519.921875 -
b10100010001 +
1%
0$
#1300500000
b10100010010 #
b10100010010 /
b10111110001000110 !
b10111110001000110 0
1$
#1301000000
b10100010010 (
r1519.921875 ,
r1521.09375 -
b10100010010 +
1%
0$
#1301500000
b10100010011 #
b10100010011 /
b10111110010010001 !
b10111110010010001 0
1$
#1302000000
b10100010011 (
r1521.09375 ,
r1522.265625 -
b10100010011 +
1%
0$
#1302500000
b10100010100 #
b10100010100 /
b10111110011011100 !
b10111110011011100 0
1$
#1303000000
b10100010100 (
r1522.265625 ,
r1523.4375 -
b10100010100 +
1%
0$
#1303500000
b10100010101 #
b10100010101 /
b10111110100100111 !
b10111110100100111 0
1$
#1304000000
b10100010101 (
r1523.4375 ,
r1524.609375 -
b10100010101 +
1%
0$
#1304500000
b10100010110 #
b10100010110 /
b10111110101110010 !
b10111110101110010 0
1$
#1305000000
b10100010110 (
r1524.609375 ,
r1525.78125 -
b10100010110 +
1%
0$
#1305500000
b10100010111 #
b10100010111 /
b10111110110111101 !
b10111110110111101 0
1$
#1306000000
b10100010111 (
r1525.78125 ,
r1526.953125 -
b10100010111 +
1%
0$
#1306500000
b10100011000 #
b10100011000 /
b10111111000001000 !
b10111111000001000 0
1$
#1307000000
b10100011000 (
r1526.953125 ,
r1528.125 -
b10100011000 +
1%
0$
#1307500000
b10100011001 #
b10100011001 /
b10111111001010011 !
b10111111001010011 0
1$
#1308000000
b10100011001 (
r1528.125 ,
r1529.296875 -
b10100011001 +
1%
0$
#1308500000
b10100011010 #
b10100011010 /
b10111111010011110 !
b10111111010011110 0
1$
#1309000000
b10100011010 (
r1529.296875 ,
r1530.46875 -
b10100011010 +
1%
0$
#1309500000
b10100011011 #
b10100011011 /
b10111111011101001 !
b10111111011101001 0
1$
#1310000000
b10100011011 (
r1530.46875 ,
r1531.640625 -
b10100011011 +
1%
0$
#1310500000
b10100011100 #
b10100011100 /
b10111111100110100 !
b10111111100110100 0
1$
#1311000000
b10100011100 (
r1531.640625 ,
r1532.8125 -
b10100011100 +
1%
0$
#1311500000
b10100011101 #
b10100011101 /
b10111111101111111 !
b10111111101111111 0
1$
#1312000000
b10100011101 (
r1532.8125 ,
r1533.984375 -
b10100011101 +
1%
0$
#1312500000
b10100011110 #
b10100011110 /
b10111111111001010 !
b10111111111001010 0
1$
#1313000000
b10100011110 (
r1533.984375 ,
r1535.15625 -
b10100011110 +
1%
0$
#1313500000
b10100011111 #
b10100011111 /
b11000000000010101 !
b11000000000010101 0
1$
#1314000000
b10100011111 (
r1535.15625 ,
r1536.328125 -
b10100011111 +
1%
0$
#1314500000
b10100100000 #
b10100100000 /
b11000000001100000 !
b11000000001100000 0
1$
#1315000000
b10100100000 (
r1536.328125 ,
r1537.5 -
b10100100000 +
1%
0$
#1315500000
b10100100001 #
b10100100001 /
b11000000010101011 !
b11000000010101011 0
1$
#1316000000
b10100100001 (
r1537.5 ,
r1538.671875 -
b10100100001 +
1%
0$
#1316500000
b10100100010 #
b10100100010 /
b11000000011110110 !
b11000000011110110 0
1$
#1317000000
b10100100010 (
r1538.671875 ,
r1539.84375 -
b10100100010 +
1%
0$
#1317500000
b10100100011 #
b10100100011 /
b11000000101000001 !
b11000000101000001 0
1$
#1318000000
b10100100011 (
r1539.84375 ,
r1541.015625 -
b10100100011 +
1%
0$
#1318500000
b10100100100 #
b10100100100 /
b11000000110001100 !
b11000000110001100 0
1$
#1319000000
b10100100100 (
r1541.015625 ,
r1542.1875 -
b10100100100 +
1%
0$
#1319500000
b10100100101 #
b10100100101 /
b11000000111010111 !
b11000000111010111 0
1$
#1320000000
b10100100101 (
r1542.1875 ,
r1543.359375 -
b10100100101 +
1%
0$
#1320500000
b10100100110 #
b10100100110 /
b11000001000100010 !
b11000001000100010 0
1$
#1321000000
b10100100110 (
r1543.359375 ,
r1544.53125 -
b10100100110 +
1%
0$
#1321500000
b10100100111 #
b10100100111 /
b11000001001101101 !
b11000001001101101 0
1$
#1322000000
b10100100111 (
r1544.53125 ,
r1545.703125 -
b10100100111 +
1%
0$
#1322500000
b10100101000 #
b10100101000 /
b11000001010111000 !
b11000001010111000 0
1$
#1323000000
b10100101000 (
r1545.703125 ,
r1546.875 -
b10100101000 +
1%
0$
#1323500000
b10100101001 #
b10100101001 /
b11000001100000011 !
b11000001100000011 0
1$
#1324000000
b10100101001 (
r1546.875 ,
r1548.046875 -
b10100101001 +
1%
0$
#1324500000
b10100101010 #
b10100101010 /
b11000001101001110 !
b11000001101001110 0
1$
#1325000000
b10100101010 (
r1548.046875 ,
r1549.21875 -
b10100101010 +
1%
0$
#1325500000
b10100101011 #
b10100101011 /
b11000001110011001 !
b11000001110011001 0
1$
#1326000000
b10100101011 (
r1549.21875 ,
r1550.390625 -
b10100101011 +
1%
0$
#1326500000
b10100101100 #
b10100101100 /
b11000001111100100 !
b11000001111100100 0
1$
#1327000000
b10100101100 (
r1550.390625 ,
r1551.5625 -
b10100101100 +
1%
0$
#1327500000
b10100101101 #
b10100101101 /
b11000010000101111 !
b11000010000101111 0
1$
#1328000000
b10100101101 (
r1551.5625 ,
r1552.734375 -
b10100101101 +
1%
0$
#1328500000
b10100101110 #
b10100101110 /
b11000010001111010 !
b11000010001111010 0
1$
#1329000000
b10100101110 (
r1552.734375 ,
r1553.90625 -
b10100101110 +
1%
0$
#1329500000
b10100101111 #
b10100101111 /
b11000010011000101 !
b11000010011000101 0
1$
#1330000000
b10100101111 (
r1553.90625 ,
r1555.078125 -
b10100101111 +
1%
0$
#1330500000
b10100110000 #
b10100110000 /
b11000010100010000 !
b11000010100010000 0
1$
#1331000000
b10100110000 (
r1555.078125 ,
r1556.25 -
b10100110000 +
1%
0$
#1331500000
b10100110001 #
b10100110001 /
b11000010101011011 !
b11000010101011011 0
1$
#1332000000
b10100110001 (
r1556.25 ,
r1557.421875 -
b10100110001 +
1%
0$
#1332500000
b10100110010 #
b10100110010 /
b11000010110100110 !
b11000010110100110 0
1$
#1333000000
b10100110010 (
r1557.421875 ,
r1558.59375 -
b10100110010 +
1%
0$
#1333500000
b10100110011 #
b10100110011 /
b11000010111110001 !
b11000010111110001 0
1$
#1334000000
b10100110011 (
r1558.59375 ,
r1559.765625 -
b10100110011 +
1%
0$
#1334500000
b10100110100 #
b10100110100 /
b11000011000111100 !
b11000011000111100 0
1$
#1335000000
b10100110100 (
r1559.765625 ,
r1560.9375 -
b10100110100 +
1%
0$
#1335500000
b10100110101 #
b10100110101 /
b11000011010000111 !
b11000011010000111 0
1$
#1336000000
b10100110101 (
r1560.9375 ,
r1562.109375 -
b10100110101 +
1%
0$
#1336500000
b10100110110 #
b10100110110 /
b11000011011010010 !
b11000011011010010 0
1$
#1337000000
b10100110110 (
r1562.109375 ,
r1563.28125 -
b10100110110 +
1%
0$
#1337500000
b10100110111 #
b10100110111 /
b11000011100011101 !
b11000011100011101 0
1$
#1338000000
b10100110111 (
r1563.28125 ,
r1564.453125 -
b10100110111 +
1%
0$
#1338500000
b10100111000 #
b10100111000 /
b11000011101101000 !
b11000011101101000 0
1$
#1339000000
b10100111000 (
r1564.453125 ,
r1565.625 -
b10100111000 +
1%
0$
#1339500000
b10100111001 #
b10100111001 /
b11000011110110011 !
b11000011110110011 0
1$
#1340000000
b10100111001 (
r1565.625 ,
r1566.796875 -
b10100111001 +
1%
0$
#1340500000
b10100111010 #
b10100111010 /
b11000011111111110 !
b11000011111111110 0
1$
#1341000000
b10100111010 (
r1566.796875 ,
r1567.96875 -
b10100111010 +
1%
0$
#1341500000
b10100111011 #
b10100111011 /
b11000100001001001 !
b11000100001001001 0
1$
#1342000000
b10100111011 (
r1567.96875 ,
r1569.140625 -
b10100111011 +
1%
0$
#1342500000
b10100111100 #
b10100111100 /
b11000100010010100 !
b11000100010010100 0
1$
#1343000000
b10100111100 (
r1569.140625 ,
r1570.3125 -
b10100111100 +
1%
0$
#1343500000
b10100111101 #
b10100111101 /
b11000100011011111 !
b11000100011011111 0
1$
#1344000000
b10100111101 (
r1570.3125 ,
r1571.484375 -
b10100111101 +
1%
0$
#1344500000
b10100111110 #
b10100111110 /
b11000100100101010 !
b11000100100101010 0
1$
#1345000000
b10100111110 (
r1571.484375 ,
r1572.65625 -
b10100111110 +
1%
0$
#1345500000
b10100111111 #
b10100111111 /
b11000100101110101 !
b11000100101110101 0
1$
#1346000000
b10100111111 (
r1572.65625 ,
r1573.828125 -
b10100111111 +
1%
0$
#1346500000
b10101000000 #
b10101000000 /
b11000100111000000 !
b11000100111000000 0
1$
#1347000000
b10101000000 (
r1573.828125 ,
r1575 -
b10101000000 +
1%
0$
#1347500000
b10101000001 #
b10101000001 /
b11000101000001011 !
b11000101000001011 0
1$
#1348000000
b10101000001 (
r1575 ,
r1576.171875 -
b10101000001 +
1%
0$
#1348500000
b10101000010 #
b10101000010 /
b11000101001010110 !
b11000101001010110 0
1$
#1349000000
b10101000010 (
r1576.171875 ,
r1577.34375 -
b10101000010 +
1%
0$
#1349500000
b10101000011 #
b10101000011 /
b11000101010100001 !
b11000101010100001 0
1$
#1350000000
b10101000011 (
r1577.34375 ,
r1578.515625 -
b10101000011 +
1%
0$
#1350500000
b10101000100 #
b10101000100 /
b11000101011101100 !
b11000101011101100 0
1$
#1351000000
b10101000100 (
r1578.515625 ,
r1579.6875 -
b10101000100 +
1%
0$
#1351500000
b10101000101 #
b10101000101 /
b11000101100110111 !
b11000101100110111 0
1$
#1352000000
b10101000101 (
r1579.6875 ,
r1580.859375 -
b10101000101 +
1%
0$
#1352500000
b10101000110 #
b10101000110 /
b11000101110000010 !
b11000101110000010 0
1$
#1353000000
b10101000110 (
r1580.859375 ,
r1582.03125 -
b10101000110 +
1%
0$
#1353500000
b10101000111 #
b10101000111 /
b11000101111001101 !
b11000101111001101 0
1$
#1354000000
b10101000111 (
r1582.03125 ,
r1583.203125 -
b10101000111 +
1%
0$
#1354500000
b10101001000 #
b10101001000 /
b11000110000011000 !
b11000110000011000 0
1$
#1355000000
b10101001000 (
r1583.203125 ,
r1584.375 -
b10101001000 +
1%
0$
#1355500000
b10101001001 #
b10101001001 /
b11000110001100011 !
b11000110001100011 0
1$
#1356000000
b10101001001 (
r1584.375 ,
r1585.546875 -
b10101001001 +
1%
0$
#1356500000
b10101001010 #
b10101001010 /
b11000110010101110 !
b11000110010101110 0
1$
#1357000000
b10101001010 (
r1585.546875 ,
r1586.71875 -
b10101001010 +
1%
0$
#1357500000
b10101001011 #
b10101001011 /
b11000110011111001 !
b11000110011111001 0
1$
#1358000000
b10101001011 (
r1586.71875 ,
r1587.890625 -
b10101001011 +
1%
0$
#1358500000
b10101001100 #
b10101001100 /
b11000110101000100 !
b11000110101000100 0
1$
#1359000000
b10101001100 (
r1587.890625 ,
r1589.0625 -
b10101001100 +
1%
0$
#1359500000
b10101001101 #
b10101001101 /
b11000110110001111 !
b11000110110001111 0
1$
#1360000000
b10101001101 (
r1589.0625 ,
r1590.234375 -
b10101001101 +
1%
0$
#1360500000
b10101001110 #
b10101001110 /
b11000110111011010 !
b11000110111011010 0
1$
#1361000000
b10101001110 (
r1590.234375 ,
r1591.40625 -
b10101001110 +
1%
0$
#1361500000
b10101001111 #
b10101001111 /
b11000111000100101 !
b11000111000100101 0
1$
#1362000000
b10101001111 (
r1591.40625 ,
r1592.578125 -
b10101001111 +
1%
0$
#1362500000
b10101010000 #
b10101010000 /
b11000111001110000 !
b11000111001110000 0
1$
#1363000000
b10101010000 (
r1592.578125 ,
r1593.75 -
b10101010000 +
1%
0$
#1363500000
b10101010001 #
b10101010001 /
b11000111010111011 !
b11000111010111011 0
1$
#1364000000
b10101010001 (
r1593.75 ,
r1594.921875 -
b10101010001 +
1%
0$
#1364500000
b10101010010 #
b10101010010 /
b11000111100000110 !
b11000111100000110 0
1$
#1365000000
b10101010010 (
r1594.921875 ,
r1596.09375 -
b10101010010 +
1%
0$
#1365500000
b10101010011 #
b10101010011 /
b11000111101010001 !
b11000111101010001 0
1$
#1366000000
b10101010011 (
r1596.09375 ,
r1597.265625 -
b10101010011 +
1%
0$
#1366500000
b10101010100 #
b10101010100 /
b11000111110011100 !
b11000111110011100 0
1$
#1367000000
b10101010100 (
r1597.265625 ,
r1598.4375 -
b10101010100 +
1%
0$
#1367500000
b10101010101 #
b10101010101 /
b11000111111100111 !
b11000111111100111 0
1$
#1368000000
b10101010101 (
r1598.4375 ,
r1599.609375 -
b10101010101 +
1%
0$
#1368500000
b10101010110 #
b10101010110 /
b11001000000110010 !
b11001000000110010 0
1$
#1369000000
b10101010110 (
r1599.609375 ,
r1600.78125 -
b10101010110 +
1%
0$
#1369500000
b10101010111 #
b10101010111 /
b11001000001111101 !
b11001000001111101 0
1$
#1370000000
b10101010111 (
r1600.78125 ,
r1601.953125 -
b10101010111 +
1%
0$
#1370500000
b10101011000 #
b10101011000 /
b11001000011001000 !
b11001000011001000 0
1$
#1371000000
b10101011000 (
r1601.953125 ,
r1603.125 -
b10101011000 +
1%
0$
#1371500000
b10101011001 #
b10101011001 /
b11001000100010011 !
b11001000100010011 0
1$
#1372000000
b10101011001 (
r1603.125 ,
r1604.296875 -
b10101011001 +
1%
0$
#1372500000
b10101011010 #
b10101011010 /
b11001000101011110 !
b11001000101011110 0
1$
#1373000000
b10101011010 (
r1604.296875 ,
r1605.46875 -
b10101011010 +
1%
0$
#1373500000
b10101011011 #
b10101011011 /
b11001000110101001 !
b11001000110101001 0
1$
#1374000000
b10101011011 (
r1605.46875 ,
r1606.640625 -
b10101011011 +
1%
0$
#1374500000
b10101011100 #
b10101011100 /
b11001000111110100 !
b11001000111110100 0
1$
#1375000000
b10101011100 (
r1606.640625 ,
r1607.8125 -
b10101011100 +
1%
0$
#1375500000
b10101011101 #
b10101011101 /
b11001001000111111 !
b11001001000111111 0
1$
#1376000000
b10101011101 (
r1607.8125 ,
r1608.984375 -
b10101011101 +
1%
0$
#1376500000
b10101011110 #
b10101011110 /
b11001001010001010 !
b11001001010001010 0
1$
#1377000000
b10101011110 (
r1608.984375 ,
r1610.15625 -
b10101011110 +
1%
0$
#1377500000
b10101011111 #
b10101011111 /
b11001001011010101 !
b11001001011010101 0
1$
#1378000000
b10101011111 (
r1610.15625 ,
r1611.328125 -
b10101011111 +
1%
0$
#1378500000
b10101100000 #
b10101100000 /
b11001001100100000 !
b11001001100100000 0
1$
#1379000000
b10101100000 (
r1611.328125 ,
r1612.5 -
b10101100000 +
1%
0$
#1379500000
b10101100001 #
b10101100001 /
b11001001101101011 !
b11001001101101011 0
1$
#1380000000
b10101100001 (
r1612.5 ,
r1613.671875 -
b10101100001 +
1%
0$
#1380500000
b10101100010 #
b10101100010 /
b11001001110110110 !
b11001001110110110 0
1$
#1381000000
b10101100010 (
r1613.671875 ,
r1614.84375 -
b10101100010 +
1%
0$
#1381500000
b10101100011 #
b10101100011 /
b11001010000000001 !
b11001010000000001 0
1$
#1382000000
b10101100011 (
r1614.84375 ,
r1616.015625 -
b10101100011 +
1%
0$
#1382500000
b10101100100 #
b10101100100 /
b11001010001001100 !
b11001010001001100 0
1$
#1383000000
b10101100100 (
r1616.015625 ,
r1617.1875 -
b10101100100 +
1%
0$
#1383500000
b10101100101 #
b10101100101 /
b11001010010010111 !
b11001010010010111 0
1$
#1384000000
b10101100101 (
r1617.1875 ,
r1618.359375 -
b10101100101 +
1%
0$
#1384500000
b10101100110 #
b10101100110 /
b11001010011100010 !
b11001010011100010 0
1$
#1385000000
b10101100110 (
r1618.359375 ,
r1619.53125 -
b10101100110 +
1%
0$
#1385500000
b10101100111 #
b10101100111 /
b11001010100101101 !
b11001010100101101 0
1$
#1386000000
b10101100111 (
r1619.53125 ,
r1620.703125 -
b10101100111 +
1%
0$
#1386500000
b10101101000 #
b10101101000 /
b11001010101111000 !
b11001010101111000 0
1$
#1387000000
b10101101000 (
r1620.703125 ,
r1621.875 -
b10101101000 +
1%
0$
#1387500000
b10101101001 #
b10101101001 /
b11001010111000011 !
b11001010111000011 0
1$
#1388000000
b10101101001 (
r1621.875 ,
r1623.046875 -
b10101101001 +
1%
0$
#1388500000
b10101101010 #
b10101101010 /
b11001011000001110 !
b11001011000001110 0
1$
#1389000000
b10101101010 (
r1623.046875 ,
r1624.21875 -
b10101101010 +
1%
0$
#1389500000
b10101101011 #
b10101101011 /
b11001011001011001 !
b11001011001011001 0
1$
#1390000000
b10101101011 (
r1624.21875 ,
r1625.390625 -
b10101101011 +
1%
0$
#1390500000
b10101101100 #
b10101101100 /
b11001011010100100 !
b11001011010100100 0
1$
#1391000000
b10101101100 (
r1625.390625 ,
r1626.5625 -
b10101101100 +
1%
0$
#1391500000
b10101101101 #
b10101101101 /
b11001011011101111 !
b11001011011101111 0
1$
#1392000000
b10101101101 (
r1626.5625 ,
r1627.734375 -
b10101101101 +
1%
0$
#1392500000
b10101101110 #
b10101101110 /
b11001011100111010 !
b11001011100111010 0
1$
#1393000000
b10101101110 (
r1627.734375 ,
r1628.90625 -
b10101101110 +
1%
0$
#1393500000
b10101101111 #
b10101101111 /
b11001011110000101 !
b11001011110000101 0
1$
#1394000000
b10101101111 (
r1628.90625 ,
r1630.078125 -
b10101101111 +
1%
0$
#1394500000
b10101110000 #
b10101110000 /
b11001011111010000 !
b11001011111010000 0
1$
#1395000000
b10101110000 (
r1630.078125 ,
r1631.25 -
b10101110000 +
1%
0$
#1395500000
b10101110001 #
b10101110001 /
b11001100000011011 !
b11001100000011011 0
1$
#1396000000
b10101110001 (
r1631.25 ,
r1632.421875 -
b10101110001 +
1%
0$
#1396500000
b10101110010 #
b10101110010 /
b11001100001100110 !
b11001100001100110 0
1$
#1397000000
b10101110010 (
r1632.421875 ,
r1633.59375 -
b10101110010 +
1%
0$
#1397500000
b10101110011 #
b10101110011 /
b11001100010110001 !
b11001100010110001 0
1$
#1398000000
b10101110011 (
r1633.59375 ,
r1634.765625 -
b10101110011 +
1%
0$
#1398500000
b10101110100 #
b10101110100 /
b11001100011111100 !
b11001100011111100 0
1$
#1399000000
b10101110100 (
r1634.765625 ,
r1635.9375 -
b10101110100 +
1%
0$
#1399500000
b10101110101 #
b10101110101 /
b11001100101000111 !
b11001100101000111 0
1$
#1400000000
b10101110101 (
r1635.9375 ,
r1637.109375 -
b10101110101 +
1%
0$
#1400500000
b10101110110 #
b10101110110 /
b11001100110010010 !
b11001100110010010 0
1$
#1401000000
b10101110110 (
r1637.109375 ,
r1638.28125 -
b10101110110 +
1%
0$
#1401500000
b10101110111 #
b10101110111 /
b11001100111011101 !
b11001100111011101 0
1$
#1402000000
b10101110111 (
r1638.28125 ,
r1639.453125 -
b10101110111 +
1%
0$
#1402500000
b10101111000 #
b10101111000 /
b11001101000101000 !
b11001101000101000 0
1$
#1403000000
b10101111000 (
r1639.453125 ,
r1640.625 -
b10101111000 +
1%
0$
#1403500000
b10101111001 #
b10101111001 /
b11001101001110011 !
b11001101001110011 0
1$
#1404000000
b10101111001 (
r1640.625 ,
r1641.796875 -
b10101111001 +
1%
0$
#1404500000
b10101111010 #
b10101111010 /
b11001101010111110 !
b11001101010111110 0
1$
#1405000000
b10101111010 (
r1641.796875 ,
r1642.96875 -
b10101111010 +
1%
0$
#1405500000
b10101111011 #
b10101111011 /
b11001101100001001 !
b11001101100001001 0
1$
#1406000000
b10101111011 (
r1642.96875 ,
r1644.140625 -
b10101111011 +
1%
0$
#1406500000
b10101111100 #
b10101111100 /
b11001101101010100 !
b11001101101010100 0
1$
#1407000000
b10101111100 (
r1644.140625 ,
r1645.3125 -
b10101111100 +
1%
0$
#1407500000
b10101111101 #
b10101111101 /
b11001101110011111 !
b11001101110011111 0
1$
#1408000000
b10101111101 (
r1645.3125 ,
r1646.484375 -
b10101111101 +
1%
0$
#1408500000
b10101111110 #
b10101111110 /
b11001101111101010 !
b11001101111101010 0
1$
#1409000000
b10101111110 (
r1646.484375 ,
r1647.65625 -
b10101111110 +
1%
0$
#1409500000
b10101111111 #
b10101111111 /
b11001110000110101 !
b11001110000110101 0
1$
#1410000000
b10101111111 (
r1647.65625 ,
r1648.828125 -
b10101111111 +
1%
0$
#1410500000
b10110000000 #
b10110000000 /
b11001110010000000 !
b11001110010000000 0
1$
#1411000000
b10110000000 (
r1648.828125 ,
r1650 -
b10110000000 +
1%
0$
#1411500000
b10110000001 #
b10110000001 /
b11001110011001011 !
b11001110011001011 0
1$
#1412000000
b10110000001 (
r1650 ,
r1651.171875 -
b10110000001 +
1%
0$
#1412500000
b10110000010 #
b10110000010 /
b11001110100010110 !
b11001110100010110 0
1$
#1413000000
b10110000010 (
r1651.171875 ,
r1652.34375 -
b10110000010 +
1%
0$
#1413500000
b10110000011 #
b10110000011 /
b11001110101100001 !
b11001110101100001 0
1$
#1414000000
b10110000011 (
r1652.34375 ,
r1653.515625 -
b10110000011 +
1%
0$
#1414500000
b10110000100 #
b10110000100 /
b11001110110101100 !
b11001110110101100 0
1$
#1415000000
b10110000100 (
r1653.515625 ,
r1654.6875 -
b10110000100 +
1%
0$
#1415500000
b10110000101 #
b10110000101 /
b11001110111110111 !
b11001110111110111 0
1$
#1416000000
b10110000101 (
r1654.6875 ,
r1655.859375 -
b10110000101 +
1%
0$
#1416500000
b10110000110 #
b10110000110 /
b11001111001000010 !
b11001111001000010 0
1$
#1417000000
b10110000110 (
r1655.859375 ,
r1657.03125 -
b10110000110 +
1%
0$
#1417500000
b10110000111 #
b10110000111 /
b11001111010001101 !
b11001111010001101 0
1$
#1418000000
b10110000111 (
r1657.03125 ,
r1658.203125 -
b10110000111 +
1%
0$
#1418500000
b10110001000 #
b10110001000 /
b11001111011011000 !
b11001111011011000 0
1$
#1419000000
b10110001000 (
r1658.203125 ,
r1659.375 -
b10110001000 +
1%
0$
#1419500000
b10110001001 #
b10110001001 /
b11001111100100011 !
b11001111100100011 0
1$
#1420000000
b10110001001 (
r1659.375 ,
r1660.546875 -
b10110001001 +
1%
0$
#1420500000
b10110001010 #
b10110001010 /
b11001111101101110 !
b11001111101101110 0
1$
#1421000000
b10110001010 (
r1660.546875 ,
r1661.71875 -
b10110001010 +
1%
0$
#1421500000
b10110001011 #
b10110001011 /
b11001111110111001 !
b11001111110111001 0
1$
#1422000000
b10110001011 (
r1661.71875 ,
r1662.890625 -
b10110001011 +
1%
0$
#1422500000
b10110001100 #
b10110001100 /
b11010000000000100 !
b11010000000000100 0
1$
#1423000000
b10110001100 (
r1662.890625 ,
r1664.0625 -
b10110001100 +
1%
0$
#1423500000
b10110001101 #
b10110001101 /
b11010000001001111 !
b11010000001001111 0
1$
#1424000000
b10110001101 (
r1664.0625 ,
r1665.234375 -
b10110001101 +
1%
0$
#1424500000
b10110001110 #
b10110001110 /
b11010000010011010 !
b11010000010011010 0
1$
#1425000000
b10110001110 (
r1665.234375 ,
r1666.40625 -
b10110001110 +
1%
0$
#1425500000
b10110001111 #
b10110001111 /
b11010000011100101 !
b11010000011100101 0
1$
#1426000000
b10110001111 (
r1666.40625 ,
r1667.578125 -
b10110001111 +
1%
0$
#1426500000
b10110010000 #
b10110010000 /
b11010000100110000 !
b11010000100110000 0
1$
#1427000000
b10110010000 (
r1667.578125 ,
r1668.75 -
b10110010000 +
1%
0$
#1427500000
b10110010001 #
b10110010001 /
b11010000101111011 !
b11010000101111011 0
1$
#1428000000
b10110010001 (
r1668.75 ,
r1669.921875 -
b10110010001 +
1%
0$
#1428500000
b10110010010 #
b10110010010 /
b11010000111000110 !
b11010000111000110 0
1$
#1429000000
b10110010010 (
r1669.921875 ,
r1671.09375 -
b10110010010 +
1%
0$
#1429500000
b10110010011 #
b10110010011 /
b11010001000010001 !
b11010001000010001 0
1$
#1430000000
b10110010011 (
r1671.09375 ,
r1672.265625 -
b10110010011 +
1%
0$
#1430500000
b10110010100 #
b10110010100 /
b11010001001011100 !
b11010001001011100 0
1$
#1431000000
b10110010100 (
r1672.265625 ,
r1673.4375 -
b10110010100 +
1%
0$
#1431500000
b10110010101 #
b10110010101 /
b11010001010100111 !
b11010001010100111 0
1$
#1432000000
b10110010101 (
r1673.4375 ,
r1674.609375 -
b10110010101 +
1%
0$
#1432500000
b10110010110 #
b10110010110 /
b11010001011110010 !
b11010001011110010 0
1$
#1433000000
b10110010110 (
r1674.609375 ,
r1675.78125 -
b10110010110 +
1%
0$
#1433500000
b10110010111 #
b10110010111 /
b11010001100111101 !
b11010001100111101 0
1$
#1434000000
b10110010111 (
r1675.78125 ,
r1676.953125 -
b10110010111 +
1%
0$
#1434500000
b10110011000 #
b10110011000 /
b11010001110001000 !
b11010001110001000 0
1$
#1435000000
b10110011000 (
r1676.953125 ,
r1678.125 -
b10110011000 +
1%
0$
#1435500000
b10110011001 #
b10110011001 /
b11010001111010011 !
b11010001111010011 0
1$
#1436000000
b10110011001 (
r1678.125 ,
r1679.296875 -
b10110011001 +
1%
0$
#1436500000
b10110011010 #
b10110011010 /
b11010010000011110 !
b11010010000011110 0
1$
#1437000000
b10110011010 (
r1679.296875 ,
r1680.46875 -
b10110011010 +
1%
0$
#1437500000
b10110011011 #
b10110011011 /
b11010010001101001 !
b11010010001101001 0
1$
#1438000000
b10110011011 (
r1680.46875 ,
r1681.640625 -
b10110011011 +
1%
0$
#1438500000
b10110011100 #
b10110011100 /
b11010010010110100 !
b11010010010110100 0
1$
#1439000000
b10110011100 (
r1681.640625 ,
r1682.8125 -
b10110011100 +
1%
0$
#1439500000
b10110011101 #
b10110011101 /
b11010010011111111 !
b11010010011111111 0
1$
#1440000000
b10110011101 (
r1682.8125 ,
r1683.984375 -
b10110011101 +
1%
0$
#1440500000
b10110011110 #
b10110011110 /
b11010010101001010 !
b11010010101001010 0
1$
#1441000000
b10110011110 (
r1683.984375 ,
r1685.15625 -
b10110011110 +
1%
0$
#1441500000
b10110011111 #
b10110011111 /
b11010010110010101 !
b11010010110010101 0
1$
#1442000000
b10110011111 (
r1685.15625 ,
r1686.328125 -
b10110011111 +
1%
0$
#1442500000
b10110100000 #
b10110100000 /
b11010010111100000 !
b11010010111100000 0
1$
#1443000000
b10110100000 (
r1686.328125 ,
r1687.5 -
b10110100000 +
1%
0$
#1443500000
b10110100001 #
b10110100001 /
b11010011000101011 !
b11010011000101011 0
1$
#1444000000
b10110100001 (
r1687.5 ,
r1688.671875 -
b10110100001 +
1%
0$
#1444500000
b10110100010 #
b10110100010 /
b11010011001110110 !
b11010011001110110 0
1$
#1445000000
b10110100010 (
r1688.671875 ,
r1689.84375 -
b10110100010 +
1%
0$
#1445500000
b10110100011 #
b10110100011 /
b11010011011000001 !
b11010011011000001 0
1$
#1446000000
b10110100011 (
r1689.84375 ,
r1691.015625 -
b10110100011 +
1%
0$
#1446500000
b10110100100 #
b10110100100 /
b11010011100001100 !
b11010011100001100 0
1$
#1447000000
b10110100100 (
r1691.015625 ,
r1692.1875 -
b10110100100 +
1%
0$
#1447500000
b10110100101 #
b10110100101 /
b11010011101010111 !
b11010011101010111 0
1$
#1448000000
b10110100101 (
r1692.1875 ,
r1693.359375 -
b10110100101 +
1%
0$
#1448500000
b10110100110 #
b10110100110 /
b11010011110100010 !
b11010011110100010 0
1$
#1449000000
b10110100110 (
r1693.359375 ,
r1694.53125 -
b10110100110 +
1%
0$
#1449500000
b10110100111 #
b10110100111 /
b11010011111101101 !
b11010011111101101 0
1$
#1450000000
b10110100111 (
r1694.53125 ,
r1695.703125 -
b10110100111 +
1%
0$
#1450500000
b10110101000 #
b10110101000 /
b11010100000111000 !
b11010100000111000 0
1$
#1451000000
b10110101000 (
r1695.703125 ,
r1696.875 -
b10110101000 +
1%
0$
#1451500000
b10110101001 #
b10110101001 /
b11010100010000011 !
b11010100010000011 0
1$
#1452000000
b10110101001 (
r1696.875 ,
r1698.046875 -
b10110101001 +
1%
0$
#1452500000
b10110101010 #
b10110101010 /
b11010100011001110 !
b11010100011001110 0
1$
#1453000000
b10110101010 (
r1698.046875 ,
r1699.21875 -
b10110101010 +
1%
0$
#1453500000
b10110101011 #
b10110101011 /
b11010100100011001 !
b11010100100011001 0
1$
#1454000000
b10110101011 (
r1699.21875 ,
r1700.390625 -
b10110101011 +
1%
0$
#1454500000
b10110101100 #
b10110101100 /
b11010100101100100 !
b11010100101100100 0
1$
#1455000000
b10110101100 (
r1700.390625 ,
r1701.5625 -
b10110101100 +
1%
0$
#1455500000
b10110101101 #
b10110101101 /
b11010100110101111 !
b11010100110101111 0
1$
#1456000000
b10110101101 (
r1701.5625 ,
r1702.734375 -
b10110101101 +
1%
0$
#1456500000
b10110101110 #
b10110101110 /
b11010100111111010 !
b11010100111111010 0
1$
#1457000000
b10110101110 (
r1702.734375 ,
r1703.90625 -
b10110101110 +
1%
0$
#1457500000
b10110101111 #
b10110101111 /
b11010101001000101 !
b11010101001000101 0
1$
#1458000000
b10110101111 (
r1703.90625 ,
r1705.078125 -
b10110101111 +
1%
0$
#1458500000
b10110110000 #
b10110110000 /
b11010101010010000 !
b11010101010010000 0
1$
#1459000000
b10110110000 (
r1705.078125 ,
r1706.25 -
b10110110000 +
1%
0$
#1459500000
b10110110001 #
b10110110001 /
b11010101011011011 !
b11010101011011011 0
1$
#1460000000
b10110110001 (
r1706.25 ,
r1707.421875 -
b10110110001 +
1%
0$
#1460500000
b10110110010 #
b10110110010 /
b11010101100100110 !
b11010101100100110 0
1$
#1461000000
b10110110010 (
r1707.421875 ,
r1708.59375 -
b10110110010 +
1%
0$
#1461500000
b10110110011 #
b10110110011 /
b11010101101110001 !
b11010101101110001 0
1$
#1462000000
b10110110011 (
r1708.59375 ,
r1709.765625 -
b10110110011 +
1%
0$
#1462500000
b10110110100 #
b10110110100 /
b11010101110111100 !
b11010101110111100 0
1$
#1463000000
b10110110100 (
r1709.765625 ,
r1710.9375 -
b10110110100 +
1%
0$
#1463500000
b10110110101 #
b10110110101 /
b11010110000000111 !
b11010110000000111 0
1$
#1464000000
b10110110101 (
r1710.9375 ,
r1712.109375 -
b10110110101 +
1%
0$
#1464500000
b10110110110 #
b10110110110 /
b11010110001010010 !
b11010110001010010 0
1$
#1465000000
b10110110110 (
r1712.109375 ,
r1713.28125 -
b10110110110 +
1%
0$
#1465500000
b10110110111 #
b10110110111 /
b11010110010011101 !
b11010110010011101 0
1$
#1466000000
b10110110111 (
r1713.28125 ,
r1714.453125 -
b10110110111 +
1%
0$
#1466500000
b10110111000 #
b10110111000 /
b11010110011101000 !
b11010110011101000 0
1$
#1467000000
b10110111000 (
r1714.453125 ,
r1715.625 -
b10110111000 +
1%
0$
#1467500000
b10110111001 #
b10110111001 /
b11010110100110011 !
b11010110100110011 0
1$
#1468000000
b10110111001 (
r1715.625 ,
r1716.796875 -
b10110111001 +
1%
0$
#1468500000
b10110111010 #
b10110111010 /
b11010110101111110 !
b11010110101111110 0
1$
#1469000000
b10110111010 (
r1716.796875 ,
r1717.96875 -
b10110111010 +
1%
0$
#1469500000
b10110111011 #
b10110111011 /
b11010110111001001 !
b11010110111001001 0
1$
#1470000000
b10110111011 (
r1717.96875 ,
r1719.140625 -
b10110111011 +
1%
0$
#1470500000
b10110111100 #
b10110111100 /
b11010111000010100 !
b11010111000010100 0
1$
#1471000000
b10110111100 (
r1719.140625 ,
r1720.3125 -
b10110111100 +
1%
0$
#1471500000
b10110111101 #
b10110111101 /
b11010111001011111 !
b11010111001011111 0
1$
#1472000000
b10110111101 (
r1720.3125 ,
r1721.484375 -
b10110111101 +
1%
0$
#1472500000
b10110111110 #
b10110111110 /
b11010111010101010 !
b11010111010101010 0
1$
#1473000000
b10110111110 (
r1721.484375 ,
r1722.65625 -
b10110111110 +
1%
0$
#1473500000
b10110111111 #
b10110111111 /
b11010111011110101 !
b11010111011110101 0
1$
#1474000000
b10110111111 (
r1722.65625 ,
r1723.828125 -
b10110111111 +
1%
0$
#1474500000
b10111000000 #
b10111000000 /
b11010111101000000 !
b11010111101000000 0
1$
#1475000000
b10111000000 (
r1723.828125 ,
r1725 -
b10111000000 +
1%
0$
#1475500000
b10111000001 #
b10111000001 /
b11010111110001011 !
b11010111110001011 0
1$
#1476000000
b10111000001 (
r1725 ,
r1726.171875 -
b10111000001 +
1%
0$
#1476500000
b10111000010 #
b10111000010 /
b11010111111010110 !
b11010111111010110 0
1$
#1477000000
b10111000010 (
r1726.171875 ,
r1727.34375 -
b10111000010 +
1%
0$
#1477500000
b10111000011 #
b10111000011 /
b11011000000100001 !
b11011000000100001 0
1$
#1478000000
b10111000011 (
r1727.34375 ,
r1728.515625 -
b10111000011 +
1%
0$
#1478500000
b10111000100 #
b10111000100 /
b11011000001101100 !
b11011000001101100 0
1$
#1479000000
b10111000100 (
r1728.515625 ,
r1729.6875 -
b10111000100 +
1%
0$
#1479500000
b10111000101 #
b10111000101 /
b11011000010110111 !
b11011000010110111 0
1$
#1480000000
b10111000101 (
r1729.6875 ,
r1730.859375 -
b10111000101 +
1%
0$
#1480500000
b10111000110 #
b10111000110 /
b11011000100000010 !
b11011000100000010 0
1$
#1481000000
b10111000110 (
r1730.859375 ,
r1732.03125 -
b10111000110 +
1%
0$
#1481500000
b10111000111 #
b10111000111 /
b11011000101001101 !
b11011000101001101 0
1$
#1482000000
b10111000111 (
r1732.03125 ,
r1733.203125 -
b10111000111 +
1%
0$
#1482500000
b10111001000 #
b10111001000 /
b11011000110011000 !
b11011000110011000 0
1$
#1483000000
b10111001000 (
r1733.203125 ,
r1734.375 -
b10111001000 +
1%
0$
#1483500000
b10111001001 #
b10111001001 /
b11011000111100011 !
b11011000111100011 0
1$
#1484000000
b10111001001 (
r1734.375 ,
r1735.546875 -
b10111001001 +
1%
0$
#1484500000
b10111001010 #
b10111001010 /
b11011001000101110 !
b11011001000101110 0
1$
#1485000000
b10111001010 (
r1735.546875 ,
r1736.71875 -
b10111001010 +
1%
0$
#1485500000
b10111001011 #
b10111001011 /
b11011001001111001 !
b11011001001111001 0
1$
#1486000000
b10111001011 (
r1736.71875 ,
r1737.890625 -
b10111001011 +
1%
0$
#1486500000
b10111001100 #
b10111001100 /
b11011001011000100 !
b11011001011000100 0
1$
#1487000000
b10111001100 (
r1737.890625 ,
r1739.0625 -
b10111001100 +
1%
0$
#1487500000
b10111001101 #
b10111001101 /
b11011001100001111 !
b11011001100001111 0
1$
#1488000000
b10111001101 (
r1739.0625 ,
r1740.234375 -
b10111001101 +
1%
0$
#1488500000
b10111001110 #
b10111001110 /
b11011001101011010 !
b11011001101011010 0
1$
#1489000000
b10111001110 (
r1740.234375 ,
r1741.40625 -
b10111001110 +
1%
0$
#1489500000
b10111001111 #
b10111001111 /
b11011001110100101 !
b11011001110100101 0
1$
#1490000000
b10111001111 (
r1741.40625 ,
r1742.578125 -
b10111001111 +
1%
0$
#1490500000
b10111010000 #
b10111010000 /
b11011001111110000 !
b11011001111110000 0
1$
#1491000000
b10111010000 (
r1742.578125 ,
r1743.75 -
b10111010000 +
1%
0$
#1491500000
b10111010001 #
b10111010001 /
b11011010000111011 !
b11011010000111011 0
1$
#1492000000
b10111010001 (
r1743.75 ,
r1744.921875 -
b10111010001 +
1%
0$
#1492500000
b10111010010 #
b10111010010 /
b11011010010000110 !
b11011010010000110 0
1$
#1493000000
b10111010010 (
r1744.921875 ,
r1746.09375 -
b10111010010 +
1%
0$
#1493500000
b10111010011 #
b10111010011 /
b11011010011010001 !
b11011010011010001 0
1$
#1494000000
b10111010011 (
r1746.09375 ,
r1747.265625 -
b10111010011 +
1%
0$
#1494500000
b10111010100 #
b10111010100 /
b11011010100011100 !
b11011010100011100 0
1$
#1495000000
b10111010100 (
r1747.265625 ,
r1748.4375 -
b10111010100 +
1%
0$
#1495500000
b10111010101 #
b10111010101 /
b11011010101100111 !
b11011010101100111 0
1$
#1496000000
b10111010101 (
r1748.4375 ,
r1749.609375 -
b10111010101 +
1%
0$
#1496500000
b10111010110 #
b10111010110 /
b11011010110110010 !
b11011010110110010 0
1$
#1497000000
b10111010110 (
r1749.609375 ,
r1750.78125 -
b10111010110 +
1%
0$
#1497500000
b10111010111 #
b10111010111 /
b11011010111111101 !
b11011010111111101 0
1$
#1498000000
b10111010111 (
r1750.78125 ,
r1751.953125 -
b10111010111 +
1%
0$
#1498500000
b10111011000 #
b10111011000 /
b11011011001001000 !
b11011011001001000 0
1$
#1499000000
b10111011000 (
r1751.953125 ,
r1753.125 -
b10111011000 +
1%
0$
#1499500000
b10111011001 #
b10111011001 /
b11011011010010011 !
b11011011010010011 0
1$
#1500000000
b10111011001 (
r1753.125 ,
r1754.296875 -
b10111011001 +
1%
0$
#1500500000
b10111011010 #
b10111011010 /
b11011011011011110 !
b11011011011011110 0
1$
#1501000000
b10111011010 (
r1754.296875 ,
r1755.46875 -
b10111011010 +
1%
0$
#1501500000
b10111011011 #
b10111011011 /
b11011011100101001 !
b11011011100101001 0
1$
#1502000000
b10111011011 (
r1755.46875 ,
r1756.640625 -
b10111011011 +
1%
0$
#1502500000
b10111011100 #
b10111011100 /
b11011011101110100 !
b11011011101110100 0
1$
#1503000000
b10111011100 (
r1756.640625 ,
r1757.8125 -
b10111011100 +
1%
0$
#1503500000
b10111011101 #
b10111011101 /
b11011011110111111 !
b11011011110111111 0
1$
#1504000000
b10111011101 (
r1757.8125 ,
r1758.984375 -
b10111011101 +
1%
0$
#1504500000
b10111011110 #
b10111011110 /
b11011100000001010 !
b11011100000001010 0
1$
#1505000000
b10111011110 (
r1758.984375 ,
r1760.15625 -
b10111011110 +
1%
0$
#1505500000
b10111011111 #
b10111011111 /
b11011100001010101 !
b11011100001010101 0
1$
#1506000000
b10111011111 (
r1760.15625 ,
r1761.328125 -
b10111011111 +
1%
0$
#1506500000
b10111100000 #
b10111100000 /
b11011100010100000 !
b11011100010100000 0
1$
#1507000000
b10111100000 (
r1761.328125 ,
r1762.5 -
b10111100000 +
1%
0$
#1507500000
b10111100001 #
b10111100001 /
b11011100011101011 !
b11011100011101011 0
1$
#1508000000
b10111100001 (
r1762.5 ,
r1763.671875 -
b10111100001 +
1%
0$
#1508500000
b10111100010 #
b10111100010 /
b11011100100110110 !
b11011100100110110 0
1$
#1509000000
b10111100010 (
r1763.671875 ,
r1764.84375 -
b10111100010 +
1%
0$
#1509500000
b10111100011 #
b10111100011 /
b11011100110000001 !
b11011100110000001 0
1$
#1510000000
b10111100011 (
r1764.84375 ,
r1766.015625 -
b10111100011 +
1%
0$
#1510500000
b10111100100 #
b10111100100 /
b11011100111001100 !
b11011100111001100 0
1$
#1511000000
b10111100100 (
r1766.015625 ,
r1767.1875 -
b10111100100 +
1%
0$
#1511500000
b10111100101 #
b10111100101 /
b11011101000010111 !
b11011101000010111 0
1$
#1512000000
b10111100101 (
r1767.1875 ,
r1768.359375 -
b10111100101 +
1%
0$
#1512500000
b10111100110 #
b10111100110 /
b11011101001100010 !
b11011101001100010 0
1$
#1513000000
b10111100110 (
r1768.359375 ,
r1769.53125 -
b10111100110 +
1%
0$
#1513500000
b10111100111 #
b10111100111 /
b11011101010101101 !
b11011101010101101 0
1$
#1514000000
b10111100111 (
r1769.53125 ,
r1770.703125 -
b10111100111 +
1%
0$
#1514500000
b10111101000 #
b10111101000 /
b11011101011111000 !
b11011101011111000 0
1$
#1515000000
b10111101000 (
r1770.703125 ,
r1771.875 -
b10111101000 +
1%
0$
#1515500000
b10111101001 #
b10111101001 /
b11011101101000011 !
b11011101101000011 0
1$
#1516000000
b10111101001 (
r1771.875 ,
r1773.046875 -
b10111101001 +
1%
0$
#1516500000
b10111101010 #
b10111101010 /
b11011101110001110 !
b11011101110001110 0
1$
#1517000000
b10111101010 (
r1773.046875 ,
r1774.21875 -
b10111101010 +
1%
0$
#1517500000
b10111101011 #
b10111101011 /
b11011101111011001 !
b11011101111011001 0
1$
#1518000000
b10111101011 (
r1774.21875 ,
r1775.390625 -
b10111101011 +
1%
0$
#1518500000
b10111101100 #
b10111101100 /
b11011110000100100 !
b11011110000100100 0
1$
#1519000000
b10111101100 (
r1775.390625 ,
r1776.5625 -
b10111101100 +
1%
0$
#1519500000
b10111101101 #
b10111101101 /
b11011110001101111 !
b11011110001101111 0
1$
#1520000000
b10111101101 (
r1776.5625 ,
r1777.734375 -
b10111101101 +
1%
0$
#1520500000
b10111101110 #
b10111101110 /
b11011110010111010 !
b11011110010111010 0
1$
#1521000000
b10111101110 (
r1777.734375 ,
r1778.90625 -
b10111101110 +
1%
0$
#1521500000
b10111101111 #
b10111101111 /
b11011110100000101 !
b11011110100000101 0
1$
#1522000000
b10111101111 (
r1778.90625 ,
r1780.078125 -
b10111101111 +
1%
0$
#1522500000
b10111110000 #
b10111110000 /
b11011110101010000 !
b11011110101010000 0
1$
#1523000000
b10111110000 (
r1780.078125 ,
r1781.25 -
b10111110000 +
1%
0$
#1523500000
b10111110001 #
b10111110001 /
b11011110110011011 !
b11011110110011011 0
1$
#1524000000
b10111110001 (
r1781.25 ,
r1782.421875 -
b10111110001 +
1%
0$
#1524500000
b10111110010 #
b10111110010 /
b11011110111100110 !
b11011110111100110 0
1$
#1525000000
b10111110010 (
r1782.421875 ,
r1783.59375 -
b10111110010 +
1%
0$
#1525500000
b10111110011 #
b10111110011 /
b11011111000110001 !
b11011111000110001 0
1$
#1526000000
b10111110011 (
r1783.59375 ,
r1784.765625 -
b10111110011 +
1%
0$
#1526500000
b10111110100 #
b10111110100 /
b11011111001111100 !
b11011111001111100 0
1$
#1527000000
b10111110100 (
r1784.765625 ,
r1785.9375 -
b10111110100 +
1%
0$
#1527500000
b10111110101 #
b10111110101 /
b11011111011000111 !
b11011111011000111 0
1$
#1528000000
b10111110101 (
r1785.9375 ,
r1787.109375 -
b10111110101 +
1%
0$
#1528500000
b10111110110 #
b10111110110 /
b11011111100010010 !
b11011111100010010 0
1$
#1529000000
b10111110110 (
r1787.109375 ,
r1788.28125 -
b10111110110 +
1%
0$
#1529500000
b10111110111 #
b10111110111 /
b11011111101011101 !
b11011111101011101 0
1$
#1530000000
b10111110111 (
r1788.28125 ,
r1789.453125 -
b10111110111 +
1%
0$
#1530500000
b10111111000 #
b10111111000 /
b11011111110101000 !
b11011111110101000 0
1$
#1531000000
b10111111000 (
r1789.453125 ,
r1790.625 -
b10111111000 +
1%
0$
#1531500000
b10111111001 #
b10111111001 /
b11011111111110011 !
b11011111111110011 0
1$
#1532000000
b10111111001 (
r1790.625 ,
r1791.796875 -
b10111111001 +
1%
0$
#1532500000
b10111111010 #
b10111111010 /
b11100000000111110 !
b11100000000111110 0
1$
#1533000000
b10111111010 (
r1791.796875 ,
r1792.96875 -
b10111111010 +
1%
0$
#1533500000
b10111111011 #
b10111111011 /
b11100000010001001 !
b11100000010001001 0
1$
#1534000000
b10111111011 (
r1792.96875 ,
r1794.140625 -
b10111111011 +
1%
0$
#1534500000
b10111111100 #
b10111111100 /
b11100000011010100 !
b11100000011010100 0
1$
#1535000000
b10111111100 (
r1794.140625 ,
r1795.3125 -
b10111111100 +
1%
0$
#1535500000
b10111111101 #
b10111111101 /
b11100000100011111 !
b11100000100011111 0
1$
#1536000000
b10111111101 (
r1795.3125 ,
r1796.484375 -
b10111111101 +
1%
0$
#1536500000
b10111111110 #
b10111111110 /
b11100000101101010 !
b11100000101101010 0
1$
#1537000000
b10111111110 (
r1796.484375 ,
r1797.65625 -
b10111111110 +
1%
0$
#1537500000
b10111111111 #
b10111111111 /
b11100000110110101 !
b11100000110110101 0
1$
#1538000000
b10111111111 (
r1797.65625 ,
r1798.828125 -
b10111111111 +
1%
0$
#1538500000
b11000000000 #
b11000000000 /
b11100001000000000 !
b11100001000000000 0
1$
#1539000000
b11000000000 (
r1798.828125 ,
r1800 -
b11000000000 +
1%
0$
#1539500000
b11000000001 #
b11000000001 /
b11100001001001011 !
b11100001001001011 0
1$
#1540000000
b11000000001 (
r1800 ,
r1801.171875 -
b11000000001 +
1%
0$
#1540500000
b11000000010 #
b11000000010 /
b11100001010010110 !
b11100001010010110 0
1$
#1541000000
b11000000010 (
r1801.171875 ,
r1802.34375 -
b11000000010 +
1%
0$
#1541500000
b11000000011 #
b11000000011 /
b11100001011100001 !
b11100001011100001 0
1$
#1542000000
b11000000011 (
r1802.34375 ,
r1803.515625 -
b11000000011 +
1%
0$
#1542500000
b11000000100 #
b11000000100 /
b11100001100101100 !
b11100001100101100 0
1$
#1543000000
b11000000100 (
r1803.515625 ,
r1804.6875 -
b11000000100 +
1%
0$
#1543500000
b11000000101 #
b11000000101 /
b11100001101110111 !
b11100001101110111 0
1$
#1544000000
b11000000101 (
r1804.6875 ,
r1805.859375 -
b11000000101 +
1%
0$
#1544500000
b11000000110 #
b11000000110 /
b11100001111000010 !
b11100001111000010 0
1$
#1545000000
b11000000110 (
r1805.859375 ,
r1807.03125 -
b11000000110 +
1%
0$
#1545500000
b11000000111 #
b11000000111 /
b11100010000001101 !
b11100010000001101 0
1$
#1546000000
b11000000111 (
r1807.03125 ,
r1808.203125 -
b11000000111 +
1%
0$
#1546500000
b11000001000 #
b11000001000 /
b11100010001011000 !
b11100010001011000 0
1$
#1547000000
b11000001000 (
r1808.203125 ,
r1809.375 -
b11000001000 +
1%
0$
#1547500000
b11000001001 #
b11000001001 /
b11100010010100011 !
b11100010010100011 0
1$
#1548000000
b11000001001 (
r1809.375 ,
r1810.546875 -
b11000001001 +
1%
0$
#1548500000
b11000001010 #
b11000001010 /
b11100010011101110 !
b11100010011101110 0
1$
#1549000000
b11000001010 (
r1810.546875 ,
r1811.71875 -
b11000001010 +
1%
0$
#1549500000
b11000001011 #
b11000001011 /
b11100010100111001 !
b11100010100111001 0
1$
#1550000000
b11000001011 (
r1811.71875 ,
r1812.890625 -
b11000001011 +
1%
0$
#1550500000
b11000001100 #
b11000001100 /
b11100010110000100 !
b11100010110000100 0
1$
#1551000000
b11000001100 (
r1812.890625 ,
r1814.0625 -
b11000001100 +
1%
0$
#1551500000
b11000001101 #
b11000001101 /
b11100010111001111 !
b11100010111001111 0
1$
#1552000000
b11000001101 (
r1814.0625 ,
r1815.234375 -
b11000001101 +
1%
0$
#1552500000
b11000001110 #
b11000001110 /
b11100011000011010 !
b11100011000011010 0
1$
#1553000000
b11000001110 (
r1815.234375 ,
r1816.40625 -
b11000001110 +
1%
0$
#1553500000
b11000001111 #
b11000001111 /
b11100011001100101 !
b11100011001100101 0
1$
#1554000000
b11000001111 (
r1816.40625 ,
r1817.578125 -
b11000001111 +
1%
0$
#1554500000
b11000010000 #
b11000010000 /
b11100011010110000 !
b11100011010110000 0
1$
#1555000000
b11000010000 (
r1817.578125 ,
r1818.75 -
b11000010000 +
1%
0$
#1555500000
b11000010001 #
b11000010001 /
b11100011011111011 !
b11100011011111011 0
1$
#1556000000
b11000010001 (
r1818.75 ,
r1819.921875 -
b11000010001 +
1%
0$
#1556500000
b11000010010 #
b11000010010 /
b11100011101000110 !
b11100011101000110 0
1$
#1557000000
b11000010010 (
r1819.921875 ,
r1821.09375 -
b11000010010 +
1%
0$
#1557500000
b11000010011 #
b11000010011 /
b11100011110010001 !
b11100011110010001 0
1$
#1558000000
b11000010011 (
r1821.09375 ,
r1822.265625 -
b11000010011 +
1%
0$
#1558500000
b11000010100 #
b11000010100 /
b11100011111011100 !
b11100011111011100 0
1$
#1559000000
b11000010100 (
r1822.265625 ,
r1823.4375 -
b11000010100 +
1%
0$
#1559500000
b11000010101 #
b11000010101 /
b11100100000100111 !
b11100100000100111 0
1$
#1560000000
b11000010101 (
r1823.4375 ,
r1824.609375 -
b11000010101 +
1%
0$
#1560500000
b11000010110 #
b11000010110 /
b11100100001110010 !
b11100100001110010 0
1$
#1561000000
b11000010110 (
r1824.609375 ,
r1825.78125 -
b11000010110 +
1%
0$
#1561500000
b11000010111 #
b11000010111 /
b11100100010111101 !
b11100100010111101 0
1$
#1562000000
b11000010111 (
r1825.78125 ,
r1826.953125 -
b11000010111 +
1%
0$
#1562500000
b11000011000 #
b11000011000 /
b11100100100001000 !
b11100100100001000 0
1$
#1563000000
b11000011000 (
r1826.953125 ,
r1828.125 -
b11000011000 +
1%
0$
#1563500000
b11000011001 #
b11000011001 /
b11100100101010011 !
b11100100101010011 0
1$
#1564000000
b11000011001 (
r1828.125 ,
r1829.296875 -
b11000011001 +
1%
0$
#1564500000
b11000011010 #
b11000011010 /
b11100100110011110 !
b11100100110011110 0
1$
#1565000000
b11000011010 (
r1829.296875 ,
r1830.46875 -
b11000011010 +
1%
0$
#1565500000
b11000011011 #
b11000011011 /
b11100100111101001 !
b11100100111101001 0
1$
#1566000000
b11000011011 (
r1830.46875 ,
r1831.640625 -
b11000011011 +
1%
0$
#1566500000
b11000011100 #
b11000011100 /
b11100101000110100 !
b11100101000110100 0
1$
#1567000000
b11000011100 (
r1831.640625 ,
r1832.8125 -
b11000011100 +
1%
0$
#1567500000
b11000011101 #
b11000011101 /
b11100101001111111 !
b11100101001111111 0
1$
#1568000000
b11000011101 (
r1832.8125 ,
r1833.984375 -
b11000011101 +
1%
0$
#1568500000
b11000011110 #
b11000011110 /
b11100101011001010 !
b11100101011001010 0
1$
#1569000000
b11000011110 (
r1833.984375 ,
r1835.15625 -
b11000011110 +
1%
0$
#1569500000
b11000011111 #
b11000011111 /
b11100101100010101 !
b11100101100010101 0
1$
#1570000000
b11000011111 (
r1835.15625 ,
r1836.328125 -
b11000011111 +
1%
0$
#1570500000
b11000100000 #
b11000100000 /
b11100101101100000 !
b11100101101100000 0
1$
#1571000000
b11000100000 (
r1836.328125 ,
r1837.5 -
b11000100000 +
1%
0$
#1571500000
b11000100001 #
b11000100001 /
b11100101110101011 !
b11100101110101011 0
1$
#1572000000
b11000100001 (
r1837.5 ,
r1838.671875 -
b11000100001 +
1%
0$
#1572500000
b11000100010 #
b11000100010 /
b11100101111110110 !
b11100101111110110 0
1$
#1573000000
b11000100010 (
r1838.671875 ,
r1839.84375 -
b11000100010 +
1%
0$
#1573500000
b11000100011 #
b11000100011 /
b11100110001000001 !
b11100110001000001 0
1$
#1574000000
b11000100011 (
r1839.84375 ,
r1841.015625 -
b11000100011 +
1%
0$
#1574500000
b11000100100 #
b11000100100 /
b11100110010001100 !
b11100110010001100 0
1$
#1575000000
b11000100100 (
r1841.015625 ,
r1842.1875 -
b11000100100 +
1%
0$
#1575500000
b11000100101 #
b11000100101 /
b11100110011010111 !
b11100110011010111 0
1$
#1576000000
b11000100101 (
r1842.1875 ,
r1843.359375 -
b11000100101 +
1%
0$
#1576500000
b11000100110 #
b11000100110 /
b11100110100100010 !
b11100110100100010 0
1$
#1577000000
b11000100110 (
r1843.359375 ,
r1844.53125 -
b11000100110 +
1%
0$
#1577500000
b11000100111 #
b11000100111 /
b11100110101101101 !
b11100110101101101 0
1$
#1578000000
b11000100111 (
r1844.53125 ,
r1845.703125 -
b11000100111 +
1%
0$
#1578500000
b11000101000 #
b11000101000 /
b11100110110111000 !
b11100110110111000 0
1$
#1579000000
b11000101000 (
r1845.703125 ,
r1846.875 -
b11000101000 +
1%
0$
#1579500000
b11000101001 #
b11000101001 /
b11100111000000011 !
b11100111000000011 0
1$
#1580000000
b11000101001 (
r1846.875 ,
r1848.046875 -
b11000101001 +
1%
0$
#1580500000
b11000101010 #
b11000101010 /
b11100111001001110 !
b11100111001001110 0
1$
#1581000000
b11000101010 (
r1848.046875 ,
r1849.21875 -
b11000101010 +
1%
0$
#1581500000
b11000101011 #
b11000101011 /
b11100111010011001 !
b11100111010011001 0
1$
#1582000000
b11000101011 (
r1849.21875 ,
r1850.390625 -
b11000101011 +
1%
0$
#1582500000
b11000101100 #
b11000101100 /
b11100111011100100 !
b11100111011100100 0
1$
#1583000000
b11000101100 (
r1850.390625 ,
r1851.5625 -
b11000101100 +
1%
0$
#1583500000
b11000101101 #
b11000101101 /
b11100111100101111 !
b11100111100101111 0
1$
#1584000000
b11000101101 (
r1851.5625 ,
r1852.734375 -
b11000101101 +
1%
0$
#1584500000
b11000101110 #
b11000101110 /
b11100111101111010 !
b11100111101111010 0
1$
#1585000000
b11000101110 (
r1852.734375 ,
r1853.90625 -
b11000101110 +
1%
0$
#1585500000
b11000101111 #
b11000101111 /
b11100111111000101 !
b11100111111000101 0
1$
#1586000000
b11000101111 (
r1853.90625 ,
r1855.078125 -
b11000101111 +
1%
0$
#1586500000
b11000110000 #
b11000110000 /
b11101000000010000 !
b11101000000010000 0
1$
#1587000000
b11000110000 (
r1855.078125 ,
r1856.25 -
b11000110000 +
1%
0$
#1587500000
b11000110001 #
b11000110001 /
b11101000001011011 !
b11101000001011011 0
1$
#1588000000
b11000110001 (
r1856.25 ,
r1857.421875 -
b11000110001 +
1%
0$
#1588500000
b11000110010 #
b11000110010 /
b11101000010100110 !
b11101000010100110 0
1$
#1589000000
b11000110010 (
r1857.421875 ,
r1858.59375 -
b11000110010 +
1%
0$
#1589500000
b11000110011 #
b11000110011 /
b11101000011110001 !
b11101000011110001 0
1$
#1590000000
b11000110011 (
r1858.59375 ,
r1859.765625 -
b11000110011 +
1%
0$
#1590500000
b11000110100 #
b11000110100 /
b11101000100111100 !
b11101000100111100 0
1$
#1591000000
b11000110100 (
r1859.765625 ,
r1860.9375 -
b11000110100 +
1%
0$
#1591500000
b11000110101 #
b11000110101 /
b11101000110000111 !
b11101000110000111 0
1$
#1592000000
b11000110101 (
r1860.9375 ,
r1862.109375 -
b11000110101 +
1%
0$
#1592500000
b11000110110 #
b11000110110 /
b11101000111010010 !
b11101000111010010 0
1$
#1593000000
b11000110110 (
r1862.109375 ,
r1863.28125 -
b11000110110 +
1%
0$
#1593500000
b11000110111 #
b11000110111 /
b11101001000011101 !
b11101001000011101 0
1$
#1594000000
b11000110111 (
r1863.28125 ,
r1864.453125 -
b11000110111 +
1%
0$
#1594500000
b11000111000 #
b11000111000 /
b11101001001101000 !
b11101001001101000 0
1$
#1595000000
b11000111000 (
r1864.453125 ,
r1865.625 -
b11000111000 +
1%
0$
#1595500000
b11000111001 #
b11000111001 /
b11101001010110011 !
b11101001010110011 0
1$
#1596000000
b11000111001 (
r1865.625 ,
r1866.796875 -
b11000111001 +
1%
0$
#1596500000
b11000111010 #
b11000111010 /
b11101001011111110 !
b11101001011111110 0
1$
#1597000000
b11000111010 (
r1866.796875 ,
r1867.96875 -
b11000111010 +
1%
0$
#1597500000
b11000111011 #
b11000111011 /
b11101001101001001 !
b11101001101001001 0
1$
#1598000000
b11000111011 (
r1867.96875 ,
r1869.140625 -
b11000111011 +
1%
0$
#1598500000
b11000111100 #
b11000111100 /
b11101001110010100 !
b11101001110010100 0
1$
#1599000000
b11000111100 (
r1869.140625 ,
r1870.3125 -
b11000111100 +
1%
0$
#1599500000
b11000111101 #
b11000111101 /
b11101001111011111 !
b11101001111011111 0
1$
#1600000000
b11000111101 (
r1870.3125 ,
r1871.484375 -
b11000111101 +
1%
0$
#1600500000
b11000111110 #
b11000111110 /
b11101010000101010 !
b11101010000101010 0
1$
#1601000000
b11000111110 (
r1871.484375 ,
r1872.65625 -
b11000111110 +
1%
0$
#1601500000
b11000111111 #
b11000111111 /
b11101010001110101 !
b11101010001110101 0
1$
#1602000000
b11000111111 (
r1872.65625 ,
r1873.828125 -
b11000111111 +
1%
0$
#1602500000
b11001000000 #
b11001000000 /
b11101010011000000 !
b11101010011000000 0
1$
#1603000000
b11001000000 (
r1873.828125 ,
r1875 -
b11001000000 +
1%
0$
#1603500000
b11001000001 #
b11001000001 /
b11101010100001011 !
b11101010100001011 0
1$
#1604000000
b11001000001 (
r1875 ,
r1876.171875 -
b11001000001 +
1%
0$
#1604500000
b11001000010 #
b11001000010 /
b11101010101010110 !
b11101010101010110 0
1$
#1605000000
b11001000010 (
r1876.171875 ,
r1877.34375 -
b11001000010 +
1%
0$
#1605500000
b11001000011 #
b11001000011 /
b11101010110100001 !
b11101010110100001 0
1$
#1606000000
b11001000011 (
r1877.34375 ,
r1878.515625 -
b11001000011 +
1%
0$
#1606500000
b11001000100 #
b11001000100 /
b11101010111101100 !
b11101010111101100 0
1$
#1607000000
b11001000100 (
r1878.515625 ,
r1879.6875 -
b11001000100 +
1%
0$
#1607500000
b11001000101 #
b11001000101 /
b11101011000110111 !
b11101011000110111 0
1$
#1608000000
b11001000101 (
r1879.6875 ,
r1880.859375 -
b11001000101 +
1%
0$
#1608500000
b11001000110 #
b11001000110 /
b11101011010000010 !
b11101011010000010 0
1$
#1609000000
b11001000110 (
r1880.859375 ,
r1882.03125 -
b11001000110 +
1%
0$
#1609500000
b11001000111 #
b11001000111 /
b11101011011001101 !
b11101011011001101 0
1$
#1610000000
b11001000111 (
r1882.03125 ,
r1883.203125 -
b11001000111 +
1%
0$
#1610500000
b11001001000 #
b11001001000 /
b11101011100011000 !
b11101011100011000 0
1$
#1611000000
b11001001000 (
r1883.203125 ,
r1884.375 -
b11001001000 +
1%
0$
#1611500000
b11001001001 #
b11001001001 /
b11101011101100011 !
b11101011101100011 0
1$
#1612000000
b11001001001 (
r1884.375 ,
r1885.546875 -
b11001001001 +
1%
0$
#1612500000
b11001001010 #
b11001001010 /
b11101011110101110 !
b11101011110101110 0
1$
#1613000000
b11001001010 (
r1885.546875 ,
r1886.71875 -
b11001001010 +
1%
0$
#1613500000
b11001001011 #
b11001001011 /
b11101011111111001 !
b11101011111111001 0
1$
#1614000000
b11001001011 (
r1886.71875 ,
r1887.890625 -
b11001001011 +
1%
0$
#1614500000
b11001001100 #
b11001001100 /
b11101100001000100 !
b11101100001000100 0
1$
#1615000000
b11001001100 (
r1887.890625 ,
r1889.0625 -
b11001001100 +
1%
0$
#1615500000
b11001001101 #
b11001001101 /
b11101100010001111 !
b11101100010001111 0
1$
#1616000000
b11001001101 (
r1889.0625 ,
r1890.234375 -
b11001001101 +
1%
0$
#1616500000
b11001001110 #
b11001001110 /
b11101100011011010 !
b11101100011011010 0
1$
#1617000000
b11001001110 (
r1890.234375 ,
r1891.40625 -
b11001001110 +
1%
0$
#1617500000
b11001001111 #
b11001001111 /
b11101100100100101 !
b11101100100100101 0
1$
#1618000000
b11001001111 (
r1891.40625 ,
r1892.578125 -
b11001001111 +
1%
0$
#1618500000
b11001010000 #
b11001010000 /
b11101100101110000 !
b11101100101110000 0
1$
#1619000000
b11001010000 (
r1892.578125 ,
r1893.75 -
b11001010000 +
1%
0$
#1619500000
b11001010001 #
b11001010001 /
b11101100110111011 !
b11101100110111011 0
1$
#1620000000
b11001010001 (
r1893.75 ,
r1894.921875 -
b11001010001 +
1%
0$
#1620500000
b11001010010 #
b11001010010 /
b11101101000000110 !
b11101101000000110 0
1$
#1621000000
b11001010010 (
r1894.921875 ,
r1896.09375 -
b11001010010 +
1%
0$
#1621500000
b11001010011 #
b11001010011 /
b11101101001010001 !
b11101101001010001 0
1$
#1622000000
b11001010011 (
r1896.09375 ,
r1897.265625 -
b11001010011 +
1%
0$
#1622500000
b11001010100 #
b11001010100 /
b11101101010011100 !
b11101101010011100 0
1$
#1623000000
b11001010100 (
r1897.265625 ,
r1898.4375 -
b11001010100 +
1%
0$
#1623500000
b11001010101 #
b11001010101 /
b11101101011100111 !
b11101101011100111 0
1$
#1624000000
b11001010101 (
r1898.4375 ,
r1899.609375 -
b11001010101 +
1%
0$
#1624500000
b11001010110 #
b11001010110 /
b11101101100110010 !
b11101101100110010 0
1$
#1625000000
b11001010110 (
r1899.609375 ,
r1900.78125 -
b11001010110 +
1%
0$
#1625500000
b11001010111 #
b11001010111 /
b11101101101111101 !
b11101101101111101 0
1$
#1626000000
b11001010111 (
r1900.78125 ,
r1901.953125 -
b11001010111 +
1%
0$
#1626500000
b11001011000 #
b11001011000 /
b11101101111001000 !
b11101101111001000 0
1$
#1627000000
b11001011000 (
r1901.953125 ,
r1903.125 -
b11001011000 +
1%
0$
#1627500000
b11001011001 #
b11001011001 /
b11101110000010011 !
b11101110000010011 0
1$
#1628000000
b11001011001 (
r1903.125 ,
r1904.296875 -
b11001011001 +
1%
0$
#1628500000
b11001011010 #
b11001011010 /
b11101110001011110 !
b11101110001011110 0
1$
#1629000000
b11001011010 (
r1904.296875 ,
r1905.46875 -
b11001011010 +
1%
0$
#1629500000
b11001011011 #
b11001011011 /
b11101110010101001 !
b11101110010101001 0
1$
#1630000000
b11001011011 (
r1905.46875 ,
r1906.640625 -
b11001011011 +
1%
0$
#1630500000
b11001011100 #
b11001011100 /
b11101110011110100 !
b11101110011110100 0
1$
#1631000000
b11001011100 (
r1906.640625 ,
r1907.8125 -
b11001011100 +
1%
0$
#1631500000
b11001011101 #
b11001011101 /
b11101110100111111 !
b11101110100111111 0
1$
#1632000000
b11001011101 (
r1907.8125 ,
r1908.984375 -
b11001011101 +
1%
0$
#1632500000
b11001011110 #
b11001011110 /
b11101110110001010 !
b11101110110001010 0
1$
#1633000000
b11001011110 (
r1908.984375 ,
r1910.15625 -
b11001011110 +
1%
0$
#1633500000
b11001011111 #
b11001011111 /
b11101110111010101 !
b11101110111010101 0
1$
#1634000000
b11001011111 (
r1910.15625 ,
r1911.328125 -
b11001011111 +
1%
0$
#1634500000
b11001100000 #
b11001100000 /
b11101111000100000 !
b11101111000100000 0
1$
#1635000000
b11001100000 (
r1911.328125 ,
r1912.5 -
b11001100000 +
1%
0$
#1635500000
b11001100001 #
b11001100001 /
b11101111001101011 !
b11101111001101011 0
1$
#1636000000
b11001100001 (
r1912.5 ,
r1913.671875 -
b11001100001 +
1%
0$
#1636500000
b11001100010 #
b11001100010 /
b11101111010110110 !
b11101111010110110 0
1$
#1637000000
b11001100010 (
r1913.671875 ,
r1914.84375 -
b11001100010 +
1%
0$
#1637500000
b11001100011 #
b11001100011 /
b11101111100000001 !
b11101111100000001 0
1$
#1638000000
b11001100011 (
r1914.84375 ,
r1916.015625 -
b11001100011 +
1%
0$
#1638500000
b11001100100 #
b11001100100 /
b11101111101001100 !
b11101111101001100 0
1$
#1639000000
b11001100100 (
r1916.015625 ,
r1917.1875 -
b11001100100 +
1%
0$
#1639500000
b11001100101 #
b11001100101 /
b11101111110010111 !
b11101111110010111 0
1$
#1640000000
b11001100101 (
r1917.1875 ,
r1918.359375 -
b11001100101 +
1%
0$
#1640500000
b11001100110 #
b11001100110 /
b11101111111100010 !
b11101111111100010 0
1$
#1641000000
b11001100110 (
r1918.359375 ,
r1919.53125 -
b11001100110 +
1%
0$
#1641500000
b11001100111 #
b11001100111 /
b11110000000101101 !
b11110000000101101 0
1$
#1642000000
b11001100111 (
r1919.53125 ,
r1920.703125 -
b11001100111 +
1%
0$
#1642500000
b11001101000 #
b11001101000 /
b11110000001111000 !
b11110000001111000 0
1$
#1643000000
b11001101000 (
r1920.703125 ,
r1921.875 -
b11001101000 +
1%
0$
#1643500000
b11001101001 #
b11001101001 /
b11110000011000011 !
b11110000011000011 0
1$
#1644000000
b11001101001 (
r1921.875 ,
r1923.046875 -
b11001101001 +
1%
0$
#1644500000
b11001101010 #
b11001101010 /
b11110000100001110 !
b11110000100001110 0
1$
#1645000000
b11001101010 (
r1923.046875 ,
r1924.21875 -
b11001101010 +
1%
0$
#1645500000
b11001101011 #
b11001101011 /
b11110000101011001 !
b11110000101011001 0
1$
#1646000000
b11001101011 (
r1924.21875 ,
r1925.390625 -
b11001101011 +
1%
0$
#1646500000
b11001101100 #
b11001101100 /
b11110000110100100 !
b11110000110100100 0
1$
#1647000000
b11001101100 (
r1925.390625 ,
r1926.5625 -
b11001101100 +
1%
0$
#1647500000
b11001101101 #
b11001101101 /
b11110000111101111 !
b11110000111101111 0
1$
#1648000000
b11001101101 (
r1926.5625 ,
r1927.734375 -
b11001101101 +
1%
0$
#1648500000
b11001101110 #
b11001101110 /
b11110001000111010 !
b11110001000111010 0
1$
#1649000000
b11001101110 (
r1927.734375 ,
r1928.90625 -
b11001101110 +
1%
0$
#1649500000
b11001101111 #
b11001101111 /
b11110001010000101 !
b11110001010000101 0
1$
#1650000000
b11001101111 (
r1928.90625 ,
r1930.078125 -
b11001101111 +
1%
0$
#1650500000
b11001110000 #
b11001110000 /
b11110001011010000 !
b11110001011010000 0
1$
#1651000000
b11001110000 (
r1930.078125 ,
r1931.25 -
b11001110000 +
1%
0$
#1651500000
b11001110001 #
b11001110001 /
b11110001100011011 !
b11110001100011011 0
1$
#1652000000
b11001110001 (
r1931.25 ,
r1932.421875 -
b11001110001 +
1%
0$
#1652500000
b11001110010 #
b11001110010 /
b11110001101100110 !
b11110001101100110 0
1$
#1653000000
b11001110010 (
r1932.421875 ,
r1933.59375 -
b11001110010 +
1%
0$
#1653500000
b11001110011 #
b11001110011 /
b11110001110110001 !
b11110001110110001 0
1$
#1654000000
b11001110011 (
r1933.59375 ,
r1934.765625 -
b11001110011 +
1%
0$
#1654500000
b11001110100 #
b11001110100 /
b11110001111111100 !
b11110001111111100 0
1$
#1655000000
b11001110100 (
r1934.765625 ,
r1935.9375 -
b11001110100 +
1%
0$
#1655500000
b11001110101 #
b11001110101 /
b11110010001000111 !
b11110010001000111 0
1$
#1656000000
b11001110101 (
r1935.9375 ,
r1937.109375 -
b11001110101 +
1%
0$
#1656500000
b11001110110 #
b11001110110 /
b11110010010010010 !
b11110010010010010 0
1$
#1657000000
b11001110110 (
r1937.109375 ,
r1938.28125 -
b11001110110 +
1%
0$
#1657500000
b11001110111 #
b11001110111 /
b11110010011011101 !
b11110010011011101 0
1$
#1658000000
b11001110111 (
r1938.28125 ,
r1939.453125 -
b11001110111 +
1%
0$
#1658500000
b11001111000 #
b11001111000 /
b11110010100101000 !
b11110010100101000 0
1$
#1659000000
b11001111000 (
r1939.453125 ,
r1940.625 -
b11001111000 +
1%
0$
#1659500000
b11001111001 #
b11001111001 /
b11110010101110011 !
b11110010101110011 0
1$
#1660000000
b11001111001 (
r1940.625 ,
r1941.796875 -
b11001111001 +
1%
0$
#1660500000
b11001111010 #
b11001111010 /
b11110010110111110 !
b11110010110111110 0
1$
#1661000000
b11001111010 (
r1941.796875 ,
r1942.96875 -
b11001111010 +
1%
0$
#1661500000
b11001111011 #
b11001111011 /
b11110011000001001 !
b11110011000001001 0
1$
#1662000000
b11001111011 (
r1942.96875 ,
r1944.140625 -
b11001111011 +
1%
0$
#1662500000
b11001111100 #
b11001111100 /
b11110011001010100 !
b11110011001010100 0
1$
#1663000000
b11001111100 (
r1944.140625 ,
r1945.3125 -
b11001111100 +
1%
0$
#1663500000
b11001111101 #
b11001111101 /
b11110011010011111 !
b11110011010011111 0
1$
#1664000000
b11001111101 (
r1945.3125 ,
r1946.484375 -
b11001111101 +
1%
0$
#1664500000
b11001111110 #
b11001111110 /
b11110011011101010 !
b11110011011101010 0
1$
#1665000000
b11001111110 (
r1946.484375 ,
r1947.65625 -
b11001111110 +
1%
0$
#1665500000
b11001111111 #
b11001111111 /
b11110011100110101 !
b11110011100110101 0
1$
#1666000000
b11001111111 (
r1947.65625 ,
r1948.828125 -
b11001111111 +
1%
0$
#1666500000
b11010000000 #
b11010000000 /
b11110011110000000 !
b11110011110000000 0
1$
#1667000000
b11010000000 (
r1948.828125 ,
r1950 -
b11010000000 +
1%
0$
#1667500000
b11010000001 #
b11010000001 /
b11110011111001011 !
b11110011111001011 0
1$
#1668000000
b11010000001 (
r1950 ,
r1951.171875 -
b11010000001 +
1%
0$
#1668500000
b11010000010 #
b11010000010 /
b11110100000010110 !
b11110100000010110 0
1$
#1669000000
b11010000010 (
r1951.171875 ,
r1952.34375 -
b11010000010 +
1%
0$
#1669500000
b11010000011 #
b11010000011 /
b11110100001100001 !
b11110100001100001 0
1$
#1670000000
b11010000011 (
r1952.34375 ,
r1953.515625 -
b11010000011 +
1%
0$
#1670500000
b11010000100 #
b11010000100 /
b11110100010101100 !
b11110100010101100 0
1$
#1671000000
b11010000100 (
r1953.515625 ,
r1954.6875 -
b11010000100 +
1%
0$
#1671500000
b11010000101 #
b11010000101 /
b11110100011110111 !
b11110100011110111 0
1$
#1672000000
b11010000101 (
r1954.6875 ,
r1955.859375 -
b11010000101 +
1%
0$
#1672500000
b11010000110 #
b11010000110 /
b11110100101000010 !
b11110100101000010 0
1$
#1673000000
b11010000110 (
r1955.859375 ,
r1957.03125 -
b11010000110 +
1%
0$
#1673500000
b11010000111 #
b11010000111 /
b11110100110001101 !
b11110100110001101 0
1$
#1674000000
b11010000111 (
r1957.03125 ,
r1958.203125 -
b11010000111 +
1%
0$
#1674500000
b11010001000 #
b11010001000 /
b11110100111011000 !
b11110100111011000 0
1$
#1675000000
b11010001000 (
r1958.203125 ,
r1959.375 -
b11010001000 +
1%
0$
#1675500000
b11010001001 #
b11010001001 /
b11110101000100011 !
b11110101000100011 0
1$
#1676000000
b11010001001 (
r1959.375 ,
r1960.546875 -
b11010001001 +
1%
0$
#1676500000
b11010001010 #
b11010001010 /
b11110101001101110 !
b11110101001101110 0
1$
#1677000000
b11010001010 (
r1960.546875 ,
r1961.71875 -
b11010001010 +
1%
0$
#1677500000
b11010001011 #
b11010001011 /
b11110101010111001 !
b11110101010111001 0
1$
#1678000000
b11010001011 (
r1961.71875 ,
r1962.890625 -
b11010001011 +
1%
0$
#1678500000
b11010001100 #
b11010001100 /
b11110101100000100 !
b11110101100000100 0
1$
#1679000000
b11010001100 (
r1962.890625 ,
r1964.0625 -
b11010001100 +
1%
0$
#1679500000
b11010001101 #
b11010001101 /
b11110101101001111 !
b11110101101001111 0
1$
#1680000000
b11010001101 (
r1964.0625 ,
r1965.234375 -
b11010001101 +
1%
0$
#1680500000
b11010001110 #
b11010001110 /
b11110101110011010 !
b11110101110011010 0
1$
#1681000000
b11010001110 (
r1965.234375 ,
r1966.40625 -
b11010001110 +
1%
0$
#1681500000
b11010001111 #
b11010001111 /
b11110101111100101 !
b11110101111100101 0
1$
#1682000000
b11010001111 (
r1966.40625 ,
r1967.578125 -
b11010001111 +
1%
0$
#1682500000
b11010010000 #
b11010010000 /
b11110110000110000 !
b11110110000110000 0
1$
#1683000000
b11010010000 (
r1967.578125 ,
r1968.75 -
b11010010000 +
1%
0$
#1683500000
b11010010001 #
b11010010001 /
b11110110001111011 !
b11110110001111011 0
1$
#1684000000
b11010010001 (
r1968.75 ,
r1969.921875 -
b11010010001 +
1%
0$
#1684500000
b11010010010 #
b11010010010 /
b11110110011000110 !
b11110110011000110 0
1$
#1685000000
b11010010010 (
r1969.921875 ,
r1971.09375 -
b11010010010 +
1%
0$
#1685500000
b11010010011 #
b11010010011 /
b11110110100010001 !
b11110110100010001 0
1$
#1686000000
b11010010011 (
r1971.09375 ,
r1972.265625 -
b11010010011 +
1%
0$
#1686500000
b11010010100 #
b11010010100 /
b11110110101011100 !
b11110110101011100 0
1$
#1687000000
b11010010100 (
r1972.265625 ,
r1973.4375 -
b11010010100 +
1%
0$
#1687500000
b11010010101 #
b11010010101 /
b11110110110100111 !
b11110110110100111 0
1$
#1688000000
b11010010101 (
r1973.4375 ,
r1974.609375 -
b11010010101 +
1%
0$
#1688500000
b11010010110 #
b11010010110 /
b11110110111110010 !
b11110110111110010 0
1$
#1689000000
b11010010110 (
r1974.609375 ,
r1975.78125 -
b11010010110 +
1%
0$
#1689500000
b11010010111 #
b11010010111 /
b11110111000111101 !
b11110111000111101 0
1$
#1690000000
b11010010111 (
r1975.78125 ,
r1976.953125 -
b11010010111 +
1%
0$
#1690500000
b11010011000 #
b11010011000 /
b11110111010001000 !
b11110111010001000 0
1$
#1691000000
b11010011000 (
r1976.953125 ,
r1978.125 -
b11010011000 +
1%
0$
#1691500000
b11010011001 #
b11010011001 /
b11110111011010011 !
b11110111011010011 0
1$
#1692000000
b11010011001 (
r1978.125 ,
r1979.296875 -
b11010011001 +
1%
0$
#1692500000
b11010011010 #
b11010011010 /
b11110111100011110 !
b11110111100011110 0
1$
#1693000000
b11010011010 (
r1979.296875 ,
r1980.46875 -
b11010011010 +
1%
0$
#1693500000
b11010011011 #
b11010011011 /
b11110111101101001 !
b11110111101101001 0
1$
#1694000000
b11010011011 (
r1980.46875 ,
r1981.640625 -
b11010011011 +
1%
0$
#1694500000
b11010011100 #
b11010011100 /
b11110111110110100 !
b11110111110110100 0
1$
#1695000000
b11010011100 (
r1981.640625 ,
r1982.8125 -
b11010011100 +
1%
0$
#1695500000
b11010011101 #
b11010011101 /
b11110111111111111 !
b11110111111111111 0
1$
#1696000000
b11010011101 (
r1982.8125 ,
r1983.984375 -
b11010011101 +
1%
0$
#1696500000
b11010011110 #
b11010011110 /
b11111000001001010 !
b11111000001001010 0
1$
#1697000000
b11010011110 (
r1983.984375 ,
r1985.15625 -
b11010011110 +
1%
0$
#1697500000
b11010011111 #
b11010011111 /
b11111000010010101 !
b11111000010010101 0
1$
#1698000000
b11010011111 (
r1985.15625 ,
r1986.328125 -
b11010011111 +
1%
0$
#1698500000
b11010100000 #
b11010100000 /
b11111000011100000 !
b11111000011100000 0
1$
#1699000000
b11010100000 (
r1986.328125 ,
r1987.5 -
b11010100000 +
1%
0$
#1699500000
b11010100001 #
b11010100001 /
b11111000100101011 !
b11111000100101011 0
1$
#1700000000
b11010100001 (
r1987.5 ,
r1988.671875 -
b11010100001 +
1%
0$
#1700500000
b11010100010 #
b11010100010 /
b11111000101110110 !
b11111000101110110 0
1$
#1701000000
b11010100010 (
r1988.671875 ,
r1989.84375 -
b11010100010 +
1%
0$
#1701500000
b11010100011 #
b11010100011 /
b11111000111000001 !
b11111000111000001 0
1$
#1702000000
b11010100011 (
r1989.84375 ,
r1991.015625 -
b11010100011 +
1%
0$
#1702500000
b11010100100 #
b11010100100 /
b11111001000001100 !
b11111001000001100 0
1$
#1703000000
b11010100100 (
r1991.015625 ,
r1992.1875 -
b11010100100 +
1%
0$
#1703500000
b11010100101 #
b11010100101 /
b11111001001010111 !
b11111001001010111 0
1$
#1704000000
b11010100101 (
r1992.1875 ,
r1993.359375 -
b11010100101 +
1%
0$
#1704500000
b11010100110 #
b11010100110 /
b11111001010100010 !
b11111001010100010 0
1$
#1705000000
b11010100110 (
r1993.359375 ,
r1994.53125 -
b11010100110 +
1%
0$
#1705500000
b11010100111 #
b11010100111 /
b11111001011101101 !
b11111001011101101 0
1$
#1706000000
b11010100111 (
r1994.53125 ,
r1995.703125 -
b11010100111 +
1%
0$
#1706500000
b11010101000 #
b11010101000 /
b11111001100111000 !
b11111001100111000 0
1$
#1707000000
b11010101000 (
r1995.703125 ,
r1996.875 -
b11010101000 +
1%
0$
#1707500000
b11010101001 #
b11010101001 /
b11111001110000011 !
b11111001110000011 0
1$
#1708000000
b11010101001 (
r1996.875 ,
r1998.046875 -
b11010101001 +
1%
0$
#1708500000
b11010101010 #
b11010101010 /
b11111001111001110 !
b11111001111001110 0
1$
#1709000000
b11010101010 (
r1998.046875 ,
r1999.21875 -
b11010101010 +
1%
0$
#1709500000
b11010101011 #
b11010101011 /
b11111010000011001 !
b11111010000011001 0
1$
#1710000000
b11010101011 (
r1999.21875 ,
r2000.390625 -
b11010101011 +
1%
0$
#1710500000
b11010101100 #
b11010101100 /
b11111010001100100 !
b11111010001100100 0
1$
#1711000000
b11010101100 (
r2000.390625 ,
r2001.5625 -
b11010101100 +
1%
0$
#1711500000
b11010101101 #
b11010101101 /
b11111010010101111 !
b11111010010101111 0
1$
#1712000000
b11010101101 (
r2001.5625 ,
r2002.734375 -
b11010101101 +
1%
0$
#1712500000
b11010101110 #
b11010101110 /
b11111010011111010 !
b11111010011111010 0
1$
#1713000000
b11010101110 (
r2002.734375 ,
r2003.90625 -
b11010101110 +
1%
0$
#1713500000
b11010101111 #
b11010101111 /
b11111010101000101 !
b11111010101000101 0
1$
#1714000000
b11010101111 (
r2003.90625 ,
r2005.078125 -
b11010101111 +
1%
0$
#1714500000
b11010110000 #
b11010110000 /
b11111010110010000 !
b11111010110010000 0
1$
#1715000000
b11010110000 (
r2005.078125 ,
r2006.25 -
b11010110000 +
1%
0$
#1715500000
b11010110001 #
b11010110001 /
b11111010111011011 !
b11111010111011011 0
1$
#1716000000
b11010110001 (
r2006.25 ,
r2007.421875 -
b11010110001 +
1%
0$
#1716500000
b11010110010 #
b11010110010 /
b11111011000100110 !
b11111011000100110 0
1$
#1717000000
b11010110010 (
r2007.421875 ,
r2008.59375 -
b11010110010 +
1%
0$
#1717500000
b11010110011 #
b11010110011 /
b11111011001110001 !
b11111011001110001 0
1$
#1718000000
b11010110011 (
r2008.59375 ,
r2009.765625 -
b11010110011 +
1%
0$
#1718500000
b11010110100 #
b11010110100 /
b11111011010111100 !
b11111011010111100 0
1$
#1719000000
b11010110100 (
r2009.765625 ,
r2010.9375 -
b11010110100 +
1%
0$
#1719500000
b11010110101 #
b11010110101 /
b11111011100000111 !
b11111011100000111 0
1$
#1720000000
b11010110101 (
r2010.9375 ,
r2012.109375 -
b11010110101 +
1%
0$
#1720500000
b11010110110 #
b11010110110 /
b11111011101010010 !
b11111011101010010 0
1$
#1721000000
b11010110110 (
r2012.109375 ,
r2013.28125 -
b11010110110 +
1%
0$
#1721500000
b11010110111 #
b11010110111 /
b11111011110011101 !
b11111011110011101 0
1$
#1722000000
b11010110111 (
r2013.28125 ,
r2014.453125 -
b11010110111 +
1%
0$
#1722500000
b11010111000 #
b11010111000 /
b11111011111101000 !
b11111011111101000 0
1$
#1723000000
b11010111000 (
r2014.453125 ,
r2015.625 -
b11010111000 +
1%
0$
#1723500000
b11010111001 #
b11010111001 /
b11111100000110011 !
b11111100000110011 0
1$
#1724000000
b11010111001 (
r2015.625 ,
r2016.796875 -
b11010111001 +
1%
0$
#1724500000
b11010111010 #
b11010111010 /
b11111100001111110 !
b11111100001111110 0
1$
#1725000000
b11010111010 (
r2016.796875 ,
r2017.96875 -
b11010111010 +
1%
0$
#1725500000
b11010111011 #
b11010111011 /
b11111100011001001 !
b11111100011001001 0
1$
#1726000000
b11010111011 (
r2017.96875 ,
r2019.140625 -
b11010111011 +
1%
0$
#1726500000
b11010111100 #
b11010111100 /
b11111100100010100 !
b11111100100010100 0
1$
#1727000000
b11010111100 (
r2019.140625 ,
r2020.3125 -
b11010111100 +
1%
0$
#1727500000
b11010111101 #
b11010111101 /
b11111100101011111 !
b11111100101011111 0
1$
#1728000000
b11010111101 (
r2020.3125 ,
r2021.484375 -
b11010111101 +
1%
0$
#1728500000
b11010111110 #
b11010111110 /
b11111100110101010 !
b11111100110101010 0
1$
#1729000000
b11010111110 (
r2021.484375 ,
r2022.65625 -
b11010111110 +
1%
0$
#1729500000
b11010111111 #
b11010111111 /
b11111100111110101 !
b11111100111110101 0
1$
#1730000000
b11010111111 (
r2022.65625 ,
r2023.828125 -
b11010111111 +
1%
0$
#1730500000
b11011000000 #
b11011000000 /
b11111101001000000 !
b11111101001000000 0
1$
#1731000000
b11011000000 (
r2023.828125 ,
r2025 -
b11011000000 +
1%
0$
#1731500000
b11011000001 #
b11011000001 /
b11111101010001011 !
b11111101010001011 0
1$
#1732000000
b11011000001 (
r2025 ,
r2026.171875 -
b11011000001 +
1%
0$
#1732500000
b11011000010 #
b11011000010 /
b11111101011010110 !
b11111101011010110 0
1$
#1733000000
b11011000010 (
r2026.171875 ,
r2027.34375 -
b11011000010 +
1%
0$
#1733500000
b11011000011 #
b11011000011 /
b11111101100100001 !
b11111101100100001 0
1$
#1734000000
b11011000011 (
r2027.34375 ,
r2028.515625 -
b11011000011 +
1%
0$
#1734500000
b11011000100 #
b11011000100 /
b11111101101101100 !
b11111101101101100 0
1$
#1735000000
b11011000100 (
r2028.515625 ,
r2029.6875 -
b11011000100 +
1%
0$
#1735500000
b11011000101 #
b11011000101 /
b11111101110110111 !
b11111101110110111 0
1$
#1736000000
b11011000101 (
r2029.6875 ,
r2030.859375 -
b11011000101 +
1%
0$
#1736500000
b11011000110 #
b11011000110 /
b11111110000000010 !
b11111110000000010 0
1$
#1737000000
b11011000110 (
r2030.859375 ,
r2032.03125 -
b11011000110 +
1%
0$
#1737500000
b11011000111 #
b11011000111 /
b11111110001001101 !
b11111110001001101 0
1$
#1738000000
b11011000111 (
r2032.03125 ,
r2033.203125 -
b11011000111 +
1%
0$
#1738500000
b11011001000 #
b11011001000 /
b11111110010011000 !
b11111110010011000 0
1$
#1739000000
b11011001000 (
r2033.203125 ,
r2034.375 -
b11011001000 +
1%
0$
#1739500000
b11011001001 #
b11011001001 /
b11111110011100011 !
b11111110011100011 0
1$
#1740000000
b11011001001 (
r2034.375 ,
r2035.546875 -
b11011001001 +
1%
0$
#1740500000
b11011001010 #
b11011001010 /
b11111110100101110 !
b11111110100101110 0
1$
#1741000000
b11011001010 (
r2035.546875 ,
r2036.71875 -
b11011001010 +
1%
0$
#1741500000
b11011001011 #
b11011001011 /
b11111110101111001 !
b11111110101111001 0
1$
#1742000000
b11011001011 (
r2036.71875 ,
r2037.890625 -
b11011001011 +
1%
0$
#1742500000
b11011001100 #
b11011001100 /
b11111110111000100 !
b11111110111000100 0
1$
#1743000000
b11011001100 (
r2037.890625 ,
r2039.0625 -
b11011001100 +
1%
0$
#1743500000
b11011001101 #
b11011001101 /
b11111111000001111 !
b11111111000001111 0
1$
#1744000000
b11011001101 (
r2039.0625 ,
r2040.234375 -
b11011001101 +
1%
0$
#1744500000
b11011001110 #
b11011001110 /
b11111111001011010 !
b11111111001011010 0
1$
#1745000000
b11011001110 (
r2040.234375 ,
r2041.40625 -
b11011001110 +
1%
0$
#1745500000
b11011001111 #
b11011001111 /
b11111111010100101 !
b11111111010100101 0
1$
#1746000000
b11011001111 (
r2041.40625 ,
r2042.578125 -
b11011001111 +
1%
0$
#1746500000
b11011010000 #
b11011010000 /
b11111111011110000 !
b11111111011110000 0
1$
#1747000000
b11011010000 (
r2042.578125 ,
r2043.75 -
b11011010000 +
1%
0$
#1747500000
b11011010001 #
b11011010001 /
b11111111100111011 !
b11111111100111011 0
1$
#1748000000
b11011010001 (
r2043.75 ,
r2044.921875 -
b11011010001 +
1%
0$
#1748500000
b11011010010 #
b11011010010 /
b11111111110000110 !
b11111111110000110 0
1$
#1749000000
b11011010010 (
r2044.921875 ,
r2046.09375 -
b11011010010 +
1%
0$
#1749500000
b11011010011 #
b11011010011 /
b11111111111010001 !
b11111111111010001 0
1$
#1750000000
b11011010011 (
r2046.09375 ,
r2047.265625 -
b11011010011 +
1%
0$
#1750500000
b11011010100 #
b11011010100 /
b100000000000011100 !
b100000000000011100 0
1$
#1751000000
b11011010100 (
r2047.265625 ,
r2048.4375 -
b11011010100 +
1%
0$
#1751500000
b11011010101 #
b11011010101 /
b100000000001100111 !
b100000000001100111 0
1$
#1752000000
b11011010101 (
r2048.4375 ,
r2049.609375 -
b11011010101 +
1%
0$
#1752500000
b11011010110 #
b11011010110 /
b100000000010110010 !
b100000000010110010 0
1$
#1753000000
b11011010110 (
r2049.609375 ,
r2050.78125 -
b11011010110 +
1%
0$
#1753500000
b11011010111 #
b11011010111 /
b100000000011111101 !
b100000000011111101 0
1$
#1754000000
b11011010111 (
r2050.78125 ,
r2051.953125 -
b11011010111 +
1%
0$
#1754500000
b11011011000 #
b11011011000 /
b100000000101001000 !
b100000000101001000 0
1$
#1755000000
b11011011000 (
r2051.953125 ,
r2053.125 -
b11011011000 +
1%
0$
#1755500000
b11011011001 #
b11011011001 /
b100000000110010011 !
b100000000110010011 0
1$
#1756000000
b11011011001 (
r2053.125 ,
r2054.296875 -
b11011011001 +
1%
0$
#1756500000
b11011011010 #
b11011011010 /
b100000000111011110 !
b100000000111011110 0
1$
#1757000000
b11011011010 (
r2054.296875 ,
r2055.46875 -
b11011011010 +
1%
0$
#1757500000
b11011011011 #
b11011011011 /
b100000001000101001 !
b100000001000101001 0
1$
#1758000000
b11011011011 (
r2055.46875 ,
r2056.640625 -
b11011011011 +
1%
0$
#1758500000
b11011011100 #
b11011011100 /
b100000001001110100 !
b100000001001110100 0
1$
#1759000000
b11011011100 (
r2056.640625 ,
r2057.8125 -
b11011011100 +
1%
0$
#1759500000
b11011011101 #
b11011011101 /
b100000001010111111 !
b100000001010111111 0
1$
#1760000000
b11011011101 (
r2057.8125 ,
r2058.984375 -
b11011011101 +
1%
0$
#1760500000
b11011011110 #
b11011011110 /
b100000001100001010 !
b100000001100001010 0
1$
#1761000000
b11011011110 (
r2058.984375 ,
r2060.15625 -
b11011011110 +
1%
0$
#1761500000
b11011011111 #
b11011011111 /
b100000001101010101 !
b100000001101010101 0
1$
#1762000000
b11011011111 (
r2060.15625 ,
r2061.328125 -
b11011011111 +
1%
0$
#1762500000
b11011100000 #
b11011100000 /
b100000001110100000 !
b100000001110100000 0
1$
#1763000000
b11011100000 (
r2061.328125 ,
r2062.5 -
b11011100000 +
1%
0$
#1763500000
b11011100001 #
b11011100001 /
b100000001111101011 !
b100000001111101011 0
1$
#1764000000
b11011100001 (
r2062.5 ,
r2063.671875 -
b11011100001 +
1%
0$
#1764500000
b11011100010 #
b11011100010 /
b100000010000110110 !
b100000010000110110 0
1$
#1765000000
b11011100010 (
r2063.671875 ,
r2064.84375 -
b11011100010 +
1%
0$
#1765500000
b11011100011 #
b11011100011 /
b100000010010000001 !
b100000010010000001 0
1$
#1766000000
b11011100011 (
r2064.84375 ,
r2066.015625 -
b11011100011 +
1%
0$
#1766500000
b11011100100 #
b11011100100 /
b100000010011001100 !
b100000010011001100 0
1$
#1767000000
b11011100100 (
r2066.015625 ,
r2067.1875 -
b11011100100 +
1%
0$
#1767500000
b11011100101 #
b11011100101 /
b100000010100010111 !
b100000010100010111 0
1$
#1768000000
b11011100101 (
r2067.1875 ,
r2068.359375 -
b11011100101 +
1%
0$
#1768500000
b11011100110 #
b11011100110 /
b100000010101100010 !
b100000010101100010 0
1$
#1769000000
b11011100110 (
r2068.359375 ,
r2069.53125 -
b11011100110 +
1%
0$
#1769500000
b11011100111 #
b11011100111 /
b100000010110101101 !
b100000010110101101 0
1$
#1770000000
b11011100111 (
r2069.53125 ,
r2070.703125 -
b11011100111 +
1%
0$
#1770500000
b11011101000 #
b11011101000 /
b100000010111111000 !
b100000010111111000 0
1$
#1771000000
b11011101000 (
r2070.703125 ,
r2071.875 -
b11011101000 +
1%
0$
#1771500000
b11011101001 #
b11011101001 /
b100000011001000011 !
b100000011001000011 0
1$
#1772000000
b11011101001 (
r2071.875 ,
r2073.046875 -
b11011101001 +
1%
0$
#1772500000
b11011101010 #
b11011101010 /
b100000011010001110 !
b100000011010001110 0
1$
#1773000000
b11011101010 (
r2073.046875 ,
r2074.21875 -
b11011101010 +
1%
0$
#1773500000
b11011101011 #
b11011101011 /
b100000011011011001 !
b100000011011011001 0
1$
#1774000000
b11011101011 (
r2074.21875 ,
r2075.390625 -
b11011101011 +
1%
0$
#1774500000
b11011101100 #
b11011101100 /
b100000011100100100 !
b100000011100100100 0
1$
#1775000000
b11011101100 (
r2075.390625 ,
r2076.5625 -
b11011101100 +
1%
0$
#1775500000
b11011101101 #
b11011101101 /
b100000011101101111 !
b100000011101101111 0
1$
#1776000000
b11011101101 (
r2076.5625 ,
r2077.734375 -
b11011101101 +
1%
0$
#1776500000
b11011101110 #
b11011101110 /
b100000011110111010 !
b100000011110111010 0
1$
#1777000000
b11011101110 (
r2077.734375 ,
r2078.90625 -
b11011101110 +
1%
0$
#1777500000
b11011101111 #
b11011101111 /
b100000100000000101 !
b100000100000000101 0
1$
#1778000000
b11011101111 (
r2078.90625 ,
r2080.078125 -
b11011101111 +
1%
0$
#1778500000
b11011110000 #
b11011110000 /
b100000100001010000 !
b100000100001010000 0
1$
#1779000000
b11011110000 (
r2080.078125 ,
r2081.25 -
b11011110000 +
1%
0$
#1779500000
b11011110001 #
b11011110001 /
b100000100010011011 !
b100000100010011011 0
1$
#1780000000
b11011110001 (
r2081.25 ,
r2082.421875 -
b11011110001 +
1%
0$
#1780500000
b11011110010 #
b11011110010 /
b100000100011100110 !
b100000100011100110 0
1$
#1781000000
b11011110010 (
r2082.421875 ,
r2083.59375 -
b11011110010 +
1%
0$
#1781500000
b11011110011 #
b11011110011 /
b100000100100110001 !
b100000100100110001 0
1$
#1782000000
b11011110011 (
r2083.59375 ,
r2084.765625 -
b11011110011 +
1%
0$
#1782500000
b11011110100 #
b11011110100 /
b100000100101111100 !
b100000100101111100 0
1$
#1783000000
b11011110100 (
r2084.765625 ,
r2085.9375 -
b11011110100 +
1%
0$
#1783500000
b11011110101 #
b11011110101 /
b100000100111000111 !
b100000100111000111 0
1$
#1784000000
b11011110101 (
r2085.9375 ,
r2087.109375 -
b11011110101 +
1%
0$
#1784500000
b11011110110 #
b11011110110 /
b100000101000010010 !
b100000101000010010 0
1$
#1785000000
b11011110110 (
r2087.109375 ,
r2088.28125 -
b11011110110 +
1%
0$
#1785500000
b11011110111 #
b11011110111 /
b100000101001011101 !
b100000101001011101 0
1$
#1786000000
b11011110111 (
r2088.28125 ,
r2089.453125 -
b11011110111 +
1%
0$
#1786500000
b11011111000 #
b11011111000 /
b100000101010101000 !
b100000101010101000 0
1$
#1787000000
b11011111000 (
r2089.453125 ,
r2090.625 -
b11011111000 +
1%
0$
#1787500000
b11011111001 #
b11011111001 /
b100000101011110011 !
b100000101011110011 0
1$
#1788000000
b11011111001 (
r2090.625 ,
r2091.796875 -
b11011111001 +
1%
0$
#1788500000
b11011111010 #
b11011111010 /
b100000101100111110 !
b100000101100111110 0
1$
#1789000000
b11011111010 (
r2091.796875 ,
r2092.96875 -
b11011111010 +
1%
0$
#1789500000
b11011111011 #
b11011111011 /
b100000101110001001 !
b100000101110001001 0
1$
#1790000000
b11011111011 (
r2092.96875 ,
r2094.140625 -
b11011111011 +
1%
0$
#1790500000
b11011111100 #
b11011111100 /
b100000101111010100 !
b100000101111010100 0
1$
#1791000000
b11011111100 (
r2094.140625 ,
r2095.3125 -
b11011111100 +
1%
0$
#1791500000
b11011111101 #
b11011111101 /
b100000110000011111 !
b100000110000011111 0
1$
#1792000000
b11011111101 (
r2095.3125 ,
r2096.484375 -
b11011111101 +
1%
0$
#1792500000
b11011111110 #
b11011111110 /
b100000110001101010 !
b100000110001101010 0
1$
#1793000000
b11011111110 (
r2096.484375 ,
r2097.65625 -
b11011111110 +
1%
0$
#1793500000
b11011111111 #
b11011111111 /
b100000110010110101 !
b100000110010110101 0
1$
#1794000000
b11011111111 (
r2097.65625 ,
r2098.828125 -
b11011111111 +
1%
0$
#1794500000
b11100000000 #
b11100000000 /
b100000110100000000 !
b100000110100000000 0
1$
#1795000000
b11100000000 (
r2098.828125 ,
r2100 -
b11100000000 +
1%
0$
#1795500000
b11100000001 #
b11100000001 /
b100000110101001011 !
b100000110101001011 0
1$
#1796000000
b11100000001 (
r2100 ,
r2101.171875 -
b11100000001 +
1%
0$
#1796500000
b11100000010 #
b11100000010 /
b100000110110010110 !
b100000110110010110 0
1$
#1797000000
b11100000010 (
r2101.171875 ,
r2102.34375 -
b11100000010 +
1%
0$
#1797500000
b11100000011 #
b11100000011 /
b100000110111100001 !
b100000110111100001 0
1$
#1798000000
b11100000011 (
r2102.34375 ,
r2103.515625 -
b11100000011 +
1%
0$
#1798500000
b11100000100 #
b11100000100 /
b100000111000101100 !
b100000111000101100 0
1$
#1799000000
b11100000100 (
r2103.515625 ,
r2104.6875 -
b11100000100 +
1%
0$
#1799500000
b11100000101 #
b11100000101 /
b100000111001110111 !
b100000111001110111 0
1$
#1800000000
b11100000101 (
r2104.6875 ,
r2105.859375 -
b11100000101 +
1%
0$
#1800500000
b11100000110 #
b11100000110 /
b100000111011000010 !
b100000111011000010 0
1$
#1801000000
b11100000110 (
r2105.859375 ,
r2107.03125 -
b11100000110 +
1%
0$
#1801500000
b11100000111 #
b11100000111 /
b100000111100001101 !
b100000111100001101 0
1$
#1802000000
b11100000111 (
r2107.03125 ,
r2108.203125 -
b11100000111 +
1%
0$
#1802500000
b11100001000 #
b11100001000 /
b100000111101011000 !
b100000111101011000 0
1$
#1803000000
b11100001000 (
r2108.203125 ,
r2109.375 -
b11100001000 +
1%
0$
#1803500000
b11100001001 #
b11100001001 /
b100000111110100011 !
b100000111110100011 0
1$
#1804000000
b11100001001 (
r2109.375 ,
r2110.546875 -
b11100001001 +
1%
0$
#1804500000
b11100001010 #
b11100001010 /
b100000111111101110 !
b100000111111101110 0
1$
#1805000000
b11100001010 (
r2110.546875 ,
r2111.71875 -
b11100001010 +
1%
0$
#1805500000
b11100001011 #
b11100001011 /
b100001000000111001 !
b100001000000111001 0
1$
#1806000000
b11100001011 (
r2111.71875 ,
r2112.890625 -
b11100001011 +
1%
0$
#1806500000
b11100001100 #
b11100001100 /
b100001000010000100 !
b100001000010000100 0
1$
#1807000000
b11100001100 (
r2112.890625 ,
r2114.0625 -
b11100001100 +
1%
0$
#1807500000
b11100001101 #
b11100001101 /
b100001000011001111 !
b100001000011001111 0
1$
#1808000000
b11100001101 (
r2114.0625 ,
r2115.234375 -
b11100001101 +
1%
0$
#1808500000
b11100001110 #
b11100001110 /
b100001000100011010 !
b100001000100011010 0
1$
#1809000000
b11100001110 (
r2115.234375 ,
r2116.40625 -
b11100001110 +
1%
0$
#1809500000
b11100001111 #
b11100001111 /
b100001000101100101 !
b100001000101100101 0
1$
#1810000000
b11100001111 (
r2116.40625 ,
r2117.578125 -
b11100001111 +
1%
0$
#1810500000
b11100010000 #
b11100010000 /
b100001000110110000 !
b100001000110110000 0
1$
#1811000000
b11100010000 (
r2117.578125 ,
r2118.75 -
b11100010000 +
1%
0$
#1811500000
b11100010001 #
b11100010001 /
b100001000111111011 !
b100001000111111011 0
1$
#1812000000
b11100010001 (
r2118.75 ,
r2119.921875 -
b11100010001 +
1%
0$
#1812500000
b11100010010 #
b11100010010 /
b100001001001000110 !
b100001001001000110 0
1$
#1813000000
b11100010010 (
r2119.921875 ,
r2121.09375 -
b11100010010 +
1%
0$
#1813500000
b11100010011 #
b11100010011 /
b100001001010010001 !
b100001001010010001 0
1$
#1814000000
b11100010011 (
r2121.09375 ,
r2122.265625 -
b11100010011 +
1%
0$
#1814500000
b11100010100 #
b11100010100 /
b100001001011011100 !
b100001001011011100 0
1$
#1815000000
b11100010100 (
r2122.265625 ,
r2123.4375 -
b11100010100 +
1%
0$
#1815500000
b11100010101 #
b11100010101 /
b100001001100100111 !
b100001001100100111 0
1$
#1816000000
b11100010101 (
r2123.4375 ,
r2124.609375 -
b11100010101 +
1%
0$
#1816500000
b11100010110 #
b11100010110 /
b100001001101110010 !
b100001001101110010 0
1$
#1817000000
b11100010110 (
r2124.609375 ,
r2125.78125 -
b11100010110 +
1%
0$
#1817500000
b11100010111 #
b11100010111 /
b100001001110111101 !
b100001001110111101 0
1$
#1818000000
b11100010111 (
r2125.78125 ,
r2126.953125 -
b11100010111 +
1%
0$
#1818500000
b11100011000 #
b11100011000 /
b100001010000001000 !
b100001010000001000 0
1$
#1819000000
b11100011000 (
r2126.953125 ,
r2128.125 -
b11100011000 +
1%
0$
#1819500000
b11100011001 #
b11100011001 /
b100001010001010011 !
b100001010001010011 0
1$
#1820000000
b11100011001 (
r2128.125 ,
r2129.296875 -
b11100011001 +
1%
0$
#1820500000
b11100011010 #
b11100011010 /
b100001010010011110 !
b100001010010011110 0
1$
#1821000000
b11100011010 (
r2129.296875 ,
r2130.46875 -
b11100011010 +
1%
0$
#1821500000
b11100011011 #
b11100011011 /
b100001010011101001 !
b100001010011101001 0
1$
#1822000000
b11100011011 (
r2130.46875 ,
r2131.640625 -
b11100011011 +
1%
0$
#1822500000
b11100011100 #
b11100011100 /
b100001010100110100 !
b100001010100110100 0
1$
#1823000000
b11100011100 (
r2131.640625 ,
r2132.8125 -
b11100011100 +
1%
0$
#1823500000
b11100011101 #
b11100011101 /
b100001010101111111 !
b100001010101111111 0
1$
#1824000000
b11100011101 (
r2132.8125 ,
r2133.984375 -
b11100011101 +
1%
0$
#1824500000
b11100011110 #
b11100011110 /
b100001010111001010 !
b100001010111001010 0
1$
#1825000000
b11100011110 (
r2133.984375 ,
r2135.15625 -
b11100011110 +
1%
0$
#1825500000
b11100011111 #
b11100011111 /
b100001011000010101 !
b100001011000010101 0
1$
#1826000000
b11100011111 (
r2135.15625 ,
r2136.328125 -
b11100011111 +
1%
0$
#1826500000
b11100100000 #
b11100100000 /
b100001011001100000 !
b100001011001100000 0
1$
#1827000000
b11100100000 (
r2136.328125 ,
r2137.5 -
b11100100000 +
1%
0$
#1827500000
b11100100001 #
b11100100001 /
b100001011010101011 !
b100001011010101011 0
1$
#1828000000
b11100100001 (
r2137.5 ,
r2138.671875 -
b11100100001 +
1%
0$
#1828500000
b11100100010 #
b11100100010 /
b100001011011110110 !
b100001011011110110 0
1$
#1829000000
b11100100010 (
r2138.671875 ,
r2139.84375 -
b11100100010 +
1%
0$
#1829500000
b11100100011 #
b11100100011 /
b100001011101000001 !
b100001011101000001 0
1$
#1830000000
b11100100011 (
r2139.84375 ,
r2141.015625 -
b11100100011 +
1%
0$
#1830500000
b11100100100 #
b11100100100 /
b100001011110001100 !
b100001011110001100 0
1$
#1831000000
b11100100100 (
r2141.015625 ,
r2142.1875 -
b11100100100 +
1%
0$
#1831500000
b11100100101 #
b11100100101 /
b100001011111010111 !
b100001011111010111 0
1$
#1832000000
b11100100101 (
r2142.1875 ,
r2143.359375 -
b11100100101 +
1%
0$
#1832500000
b11100100110 #
b11100100110 /
b100001100000100010 !
b100001100000100010 0
1$
#1833000000
b11100100110 (
r2143.359375 ,
r2144.53125 -
b11100100110 +
1%
0$
#1833500000
b11100100111 #
b11100100111 /
b100001100001101101 !
b100001100001101101 0
1$
#1834000000
b11100100111 (
r2144.53125 ,
r2145.703125 -
b11100100111 +
1%
0$
#1834500000
b11100101000 #
b11100101000 /
b100001100010111000 !
b100001100010111000 0
1$
#1835000000
b11100101000 (
r2145.703125 ,
r2146.875 -
b11100101000 +
1%
0$
#1835500000
b11100101001 #
b11100101001 /
b100001100100000011 !
b100001100100000011 0
1$
#1836000000
b11100101001 (
r2146.875 ,
r2148.046875 -
b11100101001 +
1%
0$
#1836500000
b11100101010 #
b11100101010 /
b100001100101001110 !
b100001100101001110 0
1$
#1837000000
b11100101010 (
r2148.046875 ,
r2149.21875 -
b11100101010 +
1%
0$
#1837500000
b11100101011 #
b11100101011 /
b100001100110011001 !
b100001100110011001 0
1$
#1838000000
b11100101011 (
r2149.21875 ,
r2150.390625 -
b11100101011 +
1%
0$
#1838500000
b11100101100 #
b11100101100 /
b100001100111100100 !
b100001100111100100 0
1$
#1839000000
b11100101100 (
r2150.390625 ,
r2151.5625 -
b11100101100 +
1%
0$
#1839500000
b11100101101 #
b11100101101 /
b100001101000101111 !
b100001101000101111 0
1$
#1840000000
b11100101101 (
r2151.5625 ,
r2152.734375 -
b11100101101 +
1%
0$
#1840500000
b11100101110 #
b11100101110 /
b100001101001111010 !
b100001101001111010 0
1$
#1841000000
b11100101110 (
r2152.734375 ,
r2153.90625 -
b11100101110 +
1%
0$
#1841500000
b11100101111 #
b11100101111 /
b100001101011000101 !
b100001101011000101 0
1$
#1842000000
b11100101111 (
r2153.90625 ,
r2155.078125 -
b11100101111 +
1%
0$
#1842500000
b11100110000 #
b11100110000 /
b100001101100010000 !
b100001101100010000 0
1$
#1843000000
b11100110000 (
r2155.078125 ,
r2156.25 -
b11100110000 +
1%
0$
#1843500000
b11100110001 #
b11100110001 /
b100001101101011011 !
b100001101101011011 0
1$
#1844000000
b11100110001 (
r2156.25 ,
r2157.421875 -
b11100110001 +
1%
0$
#1844500000
b11100110010 #
b11100110010 /
b100001101110100110 !
b100001101110100110 0
1$
#1845000000
b11100110010 (
r2157.421875 ,
r2158.59375 -
b11100110010 +
1%
0$
#1845500000
b11100110011 #
b11100110011 /
b100001101111110001 !
b100001101111110001 0
1$
#1846000000
b11100110011 (
r2158.59375 ,
r2159.765625 -
b11100110011 +
1%
0$
#1846500000
b11100110100 #
b11100110100 /
b100001110000111100 !
b100001110000111100 0
1$
#1847000000
b11100110100 (
r2159.765625 ,
r2160.9375 -
b11100110100 +
1%
0$
#1847500000
b11100110101 #
b11100110101 /
b100001110010000111 !
b100001110010000111 0
1$
#1848000000
b11100110101 (
r2160.9375 ,
r2162.109375 -
b11100110101 +
1%
0$
#1848500000
b11100110110 #
b11100110110 /
b100001110011010010 !
b100001110011010010 0
1$
#1849000000
b11100110110 (
r2162.109375 ,
r2163.28125 -
b11100110110 +
1%
0$
#1849500000
b11100110111 #
b11100110111 /
b100001110100011101 !
b100001110100011101 0
1$
#1850000000
b11100110111 (
r2163.28125 ,
r2164.453125 -
b11100110111 +
1%
0$
#1850500000
b11100111000 #
b11100111000 /
b100001110101101000 !
b100001110101101000 0
1$
#1851000000
b11100111000 (
r2164.453125 ,
r2165.625 -
b11100111000 +
1%
0$
#1851500000
b11100111001 #
b11100111001 /
b100001110110110011 !
b100001110110110011 0
1$
#1852000000
b11100111001 (
r2165.625 ,
r2166.796875 -
b11100111001 +
1%
0$
#1852500000
b11100111010 #
b11100111010 /
b100001110111111110 !
b100001110111111110 0
1$
#1853000000
b11100111010 (
r2166.796875 ,
r2167.96875 -
b11100111010 +
1%
0$
#1853500000
b11100111011 #
b11100111011 /
b100001111001001001 !
b100001111001001001 0
1$
#1854000000
b11100111011 (
r2167.96875 ,
r2169.140625 -
b11100111011 +
1%
0$
#1854500000
b11100111100 #
b11100111100 /
b100001111010010100 !
b100001111010010100 0
1$
#1855000000
b11100111100 (
r2169.140625 ,
r2170.3125 -
b11100111100 +
1%
0$
#1855500000
b11100111101 #
b11100111101 /
b100001111011011111 !
b100001111011011111 0
1$
#1856000000
b11100111101 (
r2170.3125 ,
r2171.484375 -
b11100111101 +
1%
0$
#1856500000
b11100111110 #
b11100111110 /
b100001111100101010 !
b100001111100101010 0
1$
#1857000000
b11100111110 (
r2171.484375 ,
r2172.65625 -
b11100111110 +
1%
0$
#1857500000
b11100111111 #
b11100111111 /
b100001111101110101 !
b100001111101110101 0
1$
#1858000000
b11100111111 (
r2172.65625 ,
r2173.828125 -
b11100111111 +
1%
0$
#1858500000
b11101000000 #
b11101000000 /
b100001111111000000 !
b100001111111000000 0
1$
#1859000000
b11101000000 (
r2173.828125 ,
r2175 -
b11101000000 +
1%
0$
#1859500000
b11101000001 #
b11101000001 /
b100010000000001011 !
b100010000000001011 0
1$
#1860000000
b11101000001 (
r2175 ,
r2176.171875 -
b11101000001 +
1%
0$
#1860500000
b11101000010 #
b11101000010 /
b100010000001010110 !
b100010000001010110 0
1$
#1861000000
b11101000010 (
r2176.171875 ,
r2177.34375 -
b11101000010 +
1%
0$
#1861500000
b11101000011 #
b11101000011 /
b100010000010100001 !
b100010000010100001 0
1$
#1862000000
b11101000011 (
r2177.34375 ,
r2178.515625 -
b11101000011 +
1%
0$
#1862500000
b11101000100 #
b11101000100 /
b100010000011101100 !
b100010000011101100 0
1$
#1863000000
b11101000100 (
r2178.515625 ,
r2179.6875 -
b11101000100 +
1%
0$
#1863500000
b11101000101 #
b11101000101 /
b100010000100110111 !
b100010000100110111 0
1$
#1864000000
b11101000101 (
r2179.6875 ,
r2180.859375 -
b11101000101 +
1%
0$
#1864500000
b11101000110 #
b11101000110 /
b100010000110000010 !
b100010000110000010 0
1$
#1865000000
b11101000110 (
r2180.859375 ,
r2182.03125 -
b11101000110 +
1%
0$
#1865500000
b11101000111 #
b11101000111 /
b100010000111001101 !
b100010000111001101 0
1$
#1866000000
b11101000111 (
r2182.03125 ,
r2183.203125 -
b11101000111 +
1%
0$
#1866500000
b11101001000 #
b11101001000 /
b100010001000011000 !
b100010001000011000 0
1$
#1867000000
b11101001000 (
r2183.203125 ,
r2184.375 -
b11101001000 +
1%
0$
#1867500000
b11101001001 #
b11101001001 /
b100010001001100011 !
b100010001001100011 0
1$
#1868000000
b11101001001 (
r2184.375 ,
r2185.546875 -
b11101001001 +
1%
0$
#1868500000
b11101001010 #
b11101001010 /
b100010001010101110 !
b100010001010101110 0
1$
#1869000000
b11101001010 (
r2185.546875 ,
r2186.71875 -
b11101001010 +
1%
0$
#1869500000
b11101001011 #
b11101001011 /
b100010001011111001 !
b100010001011111001 0
1$
#1870000000
b11101001011 (
r2186.71875 ,
r2187.890625 -
b11101001011 +
1%
0$
#1870500000
b11101001100 #
b11101001100 /
b100010001101000100 !
b100010001101000100 0
1$
#1871000000
b11101001100 (
r2187.890625 ,
r2189.0625 -
b11101001100 +
1%
0$
#1871500000
b11101001101 #
b11101001101 /
b100010001110001111 !
b100010001110001111 0
1$
#1872000000
b11101001101 (
r2189.0625 ,
r2190.234375 -
b11101001101 +
1%
0$
#1872500000
b11101001110 #
b11101001110 /
b100010001111011010 !
b100010001111011010 0
1$
#1873000000
b11101001110 (
r2190.234375 ,
r2191.40625 -
b11101001110 +
1%
0$
#1873500000
b11101001111 #
b11101001111 /
b100010010000100101 !
b100010010000100101 0
1$
#1874000000
b11101001111 (
r2191.40625 ,
r2192.578125 -
b11101001111 +
1%
0$
#1874500000
b11101010000 #
b11101010000 /
b100010010001110000 !
b100010010001110000 0
1$
#1875000000
b11101010000 (
r2192.578125 ,
r2193.75 -
b11101010000 +
1%
0$
#1875500000
b11101010001 #
b11101010001 /
b100010010010111011 !
b100010010010111011 0
1$
#1876000000
b11101010001 (
r2193.75 ,
r2194.921875 -
b11101010001 +
1%
0$
#1876500000
b11101010010 #
b11101010010 /
b100010010100000110 !
b100010010100000110 0
1$
#1877000000
b11101010010 (
r2194.921875 ,
r2196.09375 -
b11101010010 +
1%
0$
#1877500000
b11101010011 #
b11101010011 /
b100010010101010001 !
b100010010101010001 0
1$
#1878000000
b11101010011 (
r2196.09375 ,
r2197.265625 -
b11101010011 +
1%
0$
#1878500000
b11101010100 #
b11101010100 /
b100010010110011100 !
b100010010110011100 0
1$
#1879000000
b11101010100 (
r2197.265625 ,
r2198.4375 -
b11101010100 +
1%
0$
#1879500000
b11101010101 #
b11101010101 /
b100010010111100111 !
b100010010111100111 0
1$
#1880000000
b11101010101 (
r2198.4375 ,
r2199.609375 -
b11101010101 +
1%
0$
#1880500000
b11101010110 #
b11101010110 /
b100010011000110010 !
b100010011000110010 0
1$
#1881000000
b11101010110 (
r2199.609375 ,
r2200.78125 -
b11101010110 +
1%
0$
#1881500000
b11101010111 #
b11101010111 /
b100010011001111101 !
b100010011001111101 0
1$
#1882000000
b11101010111 (
r2200.78125 ,
r2201.953125 -
b11101010111 +
1%
0$
#1882500000
b11101011000 #
b11101011000 /
b100010011011001000 !
b100010011011001000 0
1$
#1883000000
b11101011000 (
r2201.953125 ,
r2203.125 -
b11101011000 +
1%
0$
#1883500000
b11101011001 #
b11101011001 /
b100010011100010011 !
b100010011100010011 0
1$
#1884000000
b11101011001 (
r2203.125 ,
r2204.296875 -
b11101011001 +
1%
0$
#1884500000
b11101011010 #
b11101011010 /
b100010011101011110 !
b100010011101011110 0
1$
#1885000000
b11101011010 (
r2204.296875 ,
r2205.46875 -
b11101011010 +
1%
0$
#1885500000
b11101011011 #
b11101011011 /
b100010011110101001 !
b100010011110101001 0
1$
#1886000000
b11101011011 (
r2205.46875 ,
r2206.640625 -
b11101011011 +
1%
0$
#1886500000
b11101011100 #
b11101011100 /
b100010011111110100 !
b100010011111110100 0
1$
#1887000000
b11101011100 (
r2206.640625 ,
r2207.8125 -
b11101011100 +
1%
0$
#1887500000
b11101011101 #
b11101011101 /
b100010100000111111 !
b100010100000111111 0
1$
#1888000000
b11101011101 (
r2207.8125 ,
r2208.984375 -
b11101011101 +
1%
0$
#1888500000
b11101011110 #
b11101011110 /
b100010100010001010 !
b100010100010001010 0
1$
#1889000000
b11101011110 (
r2208.984375 ,
r2210.15625 -
b11101011110 +
1%
0$
#1889500000
b11101011111 #
b11101011111 /
b100010100011010101 !
b100010100011010101 0
1$
#1890000000
b11101011111 (
r2210.15625 ,
r2211.328125 -
b11101011111 +
1%
0$
#1890500000
b11101100000 #
b11101100000 /
b100010100100100000 !
b100010100100100000 0
1$
#1891000000
b11101100000 (
r2211.328125 ,
r2212.5 -
b11101100000 +
1%
0$
#1891500000
b11101100001 #
b11101100001 /
b100010100101101011 !
b100010100101101011 0
1$
#1892000000
b11101100001 (
r2212.5 ,
r2213.671875 -
b11101100001 +
1%
0$
#1892500000
b11101100010 #
b11101100010 /
b100010100110110110 !
b100010100110110110 0
1$
#1893000000
b11101100010 (
r2213.671875 ,
r2214.84375 -
b11101100010 +
1%
0$
#1893500000
b11101100011 #
b11101100011 /
b100010101000000001 !
b100010101000000001 0
1$
#1894000000
b11101100011 (
r2214.84375 ,
r2216.015625 -
b11101100011 +
1%
0$
#1894500000
b11101100100 #
b11101100100 /
b100010101001001100 !
b100010101001001100 0
1$
#1895000000
b11101100100 (
r2216.015625 ,
r2217.1875 -
b11101100100 +
1%
0$
#1895500000
b11101100101 #
b11101100101 /
b100010101010010111 !
b100010101010010111 0
1$
#1896000000
b11101100101 (
r2217.1875 ,
r2218.359375 -
b11101100101 +
1%
0$
#1896500000
b11101100110 #
b11101100110 /
b100010101011100010 !
b100010101011100010 0
1$
#1897000000
b11101100110 (
r2218.359375 ,
r2219.53125 -
b11101100110 +
1%
0$
#1897500000
b11101100111 #
b11101100111 /
b100010101100101101 !
b100010101100101101 0
1$
#1898000000
b11101100111 (
r2219.53125 ,
r2220.703125 -
b11101100111 +
1%
0$
#1898500000
b11101101000 #
b11101101000 /
b100010101101111000 !
b100010101101111000 0
1$
#1899000000
b11101101000 (
r2220.703125 ,
r2221.875 -
b11101101000 +
1%
0$
#1899500000
b11101101001 #
b11101101001 /
b100010101111000011 !
b100010101111000011 0
1$
#1900000000
b11101101001 (
r2221.875 ,
r2223.046875 -
b11101101001 +
1%
0$
#1900500000
b11101101010 #
b11101101010 /
b100010110000001110 !
b100010110000001110 0
1$
#1901000000
b11101101010 (
r2223.046875 ,
r2224.21875 -
b11101101010 +
1%
0$
#1901500000
b11101101011 #
b11101101011 /
b100010110001011001 !
b100010110001011001 0
1$
#1902000000
b11101101011 (
r2224.21875 ,
r2225.390625 -
b11101101011 +
1%
0$
#1902500000
b11101101100 #
b11101101100 /
b100010110010100100 !
b100010110010100100 0
1$
#1903000000
b11101101100 (
r2225.390625 ,
r2226.5625 -
b11101101100 +
1%
0$
#1903500000
b11101101101 #
b11101101101 /
b100010110011101111 !
b100010110011101111 0
1$
#1904000000
b11101101101 (
r2226.5625 ,
r2227.734375 -
b11101101101 +
1%
0$
#1904500000
b11101101110 #
b11101101110 /
b100010110100111010 !
b100010110100111010 0
1$
#1905000000
b11101101110 (
r2227.734375 ,
r2228.90625 -
b11101101110 +
1%
0$
#1905500000
b11101101111 #
b11101101111 /
b100010110110000101 !
b100010110110000101 0
1$
#1906000000
b11101101111 (
r2228.90625 ,
r2230.078125 -
b11101101111 +
1%
0$
#1906500000
b11101110000 #
b11101110000 /
b100010110111010000 !
b100010110111010000 0
1$
#1907000000
b11101110000 (
r2230.078125 ,
r2231.25 -
b11101110000 +
1%
0$
#1907500000
b11101110001 #
b11101110001 /
b100010111000011011 !
b100010111000011011 0
1$
#1908000000
b11101110001 (
r2231.25 ,
r2232.421875 -
b11101110001 +
1%
0$
#1908500000
b11101110010 #
b11101110010 /
b100010111001100110 !
b100010111001100110 0
1$
#1909000000
b11101110010 (
r2232.421875 ,
r2233.59375 -
b11101110010 +
1%
0$
#1909500000
b11101110011 #
b11101110011 /
b100010111010110001 !
b100010111010110001 0
1$
#1910000000
b11101110011 (
r2233.59375 ,
r2234.765625 -
b11101110011 +
1%
0$
#1910500000
b11101110100 #
b11101110100 /
b100010111011111100 !
b100010111011111100 0
1$
#1911000000
b11101110100 (
r2234.765625 ,
r2235.9375 -
b11101110100 +
1%
0$
#1911500000
b11101110101 #
b11101110101 /
b100010111101000111 !
b100010111101000111 0
1$
#1912000000
b11101110101 (
r2235.9375 ,
r2237.109375 -
b11101110101 +
1%
0$
#1912500000
b11101110110 #
b11101110110 /
b100010111110010010 !
b100010111110010010 0
1$
#1913000000
b11101110110 (
r2237.109375 ,
r2238.28125 -
b11101110110 +
1%
0$
#1913500000
b11101110111 #
b11101110111 /
b100010111111011101 !
b100010111111011101 0
1$
#1914000000
b11101110111 (
r2238.28125 ,
r2239.453125 -
b11101110111 +
1%
0$
#1914500000
b11101111000 #
b11101111000 /
b100011000000101000 !
b100011000000101000 0
1$
#1915000000
b11101111000 (
r2239.453125 ,
r2240.625 -
b11101111000 +
1%
0$
#1915500000
b11101111001 #
b11101111001 /
b100011000001110011 !
b100011000001110011 0
1$
#1916000000
b11101111001 (
r2240.625 ,
r2241.796875 -
b11101111001 +
1%
0$
#1916500000
b11101111010 #
b11101111010 /
b100011000010111110 !
b100011000010111110 0
1$
#1917000000
b11101111010 (
r2241.796875 ,
r2242.96875 -
b11101111010 +
1%
0$
#1917500000
b11101111011 #
b11101111011 /
b100011000100001001 !
b100011000100001001 0
1$
#1918000000
b11101111011 (
r2242.96875 ,
r2244.140625 -
b11101111011 +
1%
0$
#1918500000
b11101111100 #
b11101111100 /
b100011000101010100 !
b100011000101010100 0
1$
#1919000000
b11101111100 (
r2244.140625 ,
r2245.3125 -
b11101111100 +
1%
0$
#1919500000
b11101111101 #
b11101111101 /
b100011000110011111 !
b100011000110011111 0
1$
#1920000000
b11101111101 (
r2245.3125 ,
r2246.484375 -
b11101111101 +
1%
0$
#1920500000
b11101111110 #
b11101111110 /
b100011000111101010 !
b100011000111101010 0
1$
#1921000000
b11101111110 (
r2246.484375 ,
r2247.65625 -
b11101111110 +
1%
0$
#1921500000
b11101111111 #
b11101111111 /
b100011001000110101 !
b100011001000110101 0
1$
#1922000000
b11101111111 (
r2247.65625 ,
r2248.828125 -
b11101111111 +
1%
0$
#1922500000
b11110000000 #
b11110000000 /
b100011001010000000 !
b100011001010000000 0
1$
#1923000000
b11110000000 (
r2248.828125 ,
r2250 -
b11110000000 +
1%
0$
#1923500000
b11110000001 #
b11110000001 /
b100011001011001011 !
b100011001011001011 0
1$
#1924000000
b11110000001 (
r2250 ,
r2251.171875 -
b11110000001 +
1%
0$
#1924500000
b11110000010 #
b11110000010 /
b100011001100010110 !
b100011001100010110 0
1$
#1925000000
b11110000010 (
r2251.171875 ,
r2252.34375 -
b11110000010 +
1%
0$
#1925500000
b11110000011 #
b11110000011 /
b100011001101100001 !
b100011001101100001 0
1$
#1926000000
b11110000011 (
r2252.34375 ,
r2253.515625 -
b11110000011 +
1%
0$
#1926500000
b11110000100 #
b11110000100 /
b100011001110101100 !
b100011001110101100 0
1$
#1927000000
b11110000100 (
r2253.515625 ,
r2254.6875 -
b11110000100 +
1%
0$
#1927500000
b11110000101 #
b11110000101 /
b100011001111110111 !
b100011001111110111 0
1$
#1928000000
b11110000101 (
r2254.6875 ,
r2255.859375 -
b11110000101 +
1%
0$
#1928500000
b11110000110 #
b11110000110 /
b100011010001000010 !
b100011010001000010 0
1$
#1929000000
b11110000110 (
r2255.859375 ,
r2257.03125 -
b11110000110 +
1%
0$
#1929500000
b11110000111 #
b11110000111 /
b100011010010001101 !
b100011010010001101 0
1$
#1930000000
b11110000111 (
r2257.03125 ,
r2258.203125 -
b11110000111 +
1%
0$
#1930500000
b11110001000 #
b11110001000 /
b100011010011011000 !
b100011010011011000 0
1$
#1931000000
b11110001000 (
r2258.203125 ,
r2259.375 -
b11110001000 +
1%
0$
#1931500000
b11110001001 #
b11110001001 /
b100011010100100011 !
b100011010100100011 0
1$
#1932000000
b11110001001 (
r2259.375 ,
r2260.546875 -
b11110001001 +
1%
0$
#1932500000
b11110001010 #
b11110001010 /
b100011010101101110 !
b100011010101101110 0
1$
#1933000000
b11110001010 (
r2260.546875 ,
r2261.71875 -
b11110001010 +
1%
0$
#1933500000
b11110001011 #
b11110001011 /
b100011010110111001 !
b100011010110111001 0
1$
#1934000000
b11110001011 (
r2261.71875 ,
r2262.890625 -
b11110001011 +
1%
0$
#1934500000
b11110001100 #
b11110001100 /
b100011011000000100 !
b100011011000000100 0
1$
#1935000000
b11110001100 (
r2262.890625 ,
r2264.0625 -
b11110001100 +
1%
0$
#1935500000
b11110001101 #
b11110001101 /
b100011011001001111 !
b100011011001001111 0
1$
#1936000000
b11110001101 (
r2264.0625 ,
r2265.234375 -
b11110001101 +
1%
0$
#1936500000
b11110001110 #
b11110001110 /
b100011011010011010 !
b100011011010011010 0
1$
#1937000000
b11110001110 (
r2265.234375 ,
r2266.40625 -
b11110001110 +
1%
0$
#1937500000
b11110001111 #
b11110001111 /
b100011011011100101 !
b100011011011100101 0
1$
#1938000000
b11110001111 (
r2266.40625 ,
r2267.578125 -
b11110001111 +
1%
0$
#1938500000
b11110010000 #
b11110010000 /
b100011011100110000 !
b100011011100110000 0
1$
#1939000000
b11110010000 (
r2267.578125 ,
r2268.75 -
b11110010000 +
1%
0$
#1939500000
b11110010001 #
b11110010001 /
b100011011101111011 !
b100011011101111011 0
1$
#1940000000
b11110010001 (
r2268.75 ,
r2269.921875 -
b11110010001 +
1%
0$
#1940500000
b11110010010 #
b11110010010 /
b100011011111000110 !
b100011011111000110 0
1$
#1941000000
b11110010010 (
r2269.921875 ,
r2271.09375 -
b11110010010 +
1%
0$
#1941500000
b11110010011 #
b11110010011 /
b100011100000010001 !
b100011100000010001 0
1$
#1942000000
b11110010011 (
r2271.09375 ,
r2272.265625 -
b11110010011 +
1%
0$
#1942500000
b11110010100 #
b11110010100 /
b100011100001011100 !
b100011100001011100 0
1$
#1943000000
b11110010100 (
r2272.265625 ,
r2273.4375 -
b11110010100 +
1%
0$
#1943500000
b11110010101 #
b11110010101 /
b100011100010100111 !
b100011100010100111 0
1$
#1944000000
b11110010101 (
r2273.4375 ,
r2274.609375 -
b11110010101 +
1%
0$
#1944500000
b11110010110 #
b11110010110 /
b100011100011110010 !
b100011100011110010 0
1$
#1945000000
b11110010110 (
r2274.609375 ,
r2275.78125 -
b11110010110 +
1%
0$
#1945500000
b11110010111 #
b11110010111 /
b100011100100111101 !
b100011100100111101 0
1$
#1946000000
b11110010111 (
r2275.78125 ,
r2276.953125 -
b11110010111 +
1%
0$
#1946500000
b11110011000 #
b11110011000 /
b100011100110001000 !
b100011100110001000 0
1$
#1947000000
b11110011000 (
r2276.953125 ,
r2278.125 -
b11110011000 +
1%
0$
#1947500000
b11110011001 #
b11110011001 /
b100011100111010011 !
b100011100111010011 0
1$
#1948000000
b11110011001 (
r2278.125 ,
r2279.296875 -
b11110011001 +
1%
0$
#1948500000
b11110011010 #
b11110011010 /
b100011101000011110 !
b100011101000011110 0
1$
#1949000000
b11110011010 (
r2279.296875 ,
r2280.46875 -
b11110011010 +
1%
0$
#1949500000
b11110011011 #
b11110011011 /
b100011101001101001 !
b100011101001101001 0
1$
#1950000000
b11110011011 (
r2280.46875 ,
r2281.640625 -
b11110011011 +
1%
0$
#1950500000
b11110011100 #
b11110011100 /
b100011101010110100 !
b100011101010110100 0
1$
#1951000000
b11110011100 (
r2281.640625 ,
r2282.8125 -
b11110011100 +
1%
0$
#1951500000
b11110011101 #
b11110011101 /
b100011101011111111 !
b100011101011111111 0
1$
#1952000000
b11110011101 (
r2282.8125 ,
r2283.984375 -
b11110011101 +
1%
0$
#1952500000
b11110011110 #
b11110011110 /
b100011101101001010 !
b100011101101001010 0
1$
#1953000000
b11110011110 (
r2283.984375 ,
r2285.15625 -
b11110011110 +
1%
0$
#1953500000
b11110011111 #
b11110011111 /
b100011101110010101 !
b100011101110010101 0
1$
#1954000000
b11110011111 (
r2285.15625 ,
r2286.328125 -
b11110011111 +
1%
0$
#1954500000
b11110100000 #
b11110100000 /
b100011101111100000 !
b100011101111100000 0
1$
#1955000000
b11110100000 (
r2286.328125 ,
r2287.5 -
b11110100000 +
1%
0$
#1955500000
b11110100001 #
b11110100001 /
b100011110000101011 !
b100011110000101011 0
1$
#1956000000
b11110100001 (
r2287.5 ,
r2288.671875 -
b11110100001 +
1%
0$
#1956500000
b11110100010 #
b11110100010 /
b100011110001110110 !
b100011110001110110 0
1$
#1957000000
b11110100010 (
r2288.671875 ,
r2289.84375 -
b11110100010 +
1%
0$
#1957500000
b11110100011 #
b11110100011 /
b100011110011000001 !
b100011110011000001 0
1$
#1958000000
b11110100011 (
r2289.84375 ,
r2291.015625 -
b11110100011 +
1%
0$
#1958500000
b11110100100 #
b11110100100 /
b100011110100001100 !
b100011110100001100 0
1$
#1959000000
b11110100100 (
r2291.015625 ,
r2292.1875 -
b11110100100 +
1%
0$
#1959500000
b11110100101 #
b11110100101 /
b100011110101010111 !
b100011110101010111 0
1$
#1960000000
b11110100101 (
r2292.1875 ,
r2293.359375 -
b11110100101 +
1%
0$
#1960500000
b11110100110 #
b11110100110 /
b100011110110100010 !
b100011110110100010 0
1$
#1961000000
b11110100110 (
r2293.359375 ,
r2294.53125 -
b11110100110 +
1%
0$
#1961500000
b11110100111 #
b11110100111 /
b100011110111101101 !
b100011110111101101 0
1$
#1962000000
b11110100111 (
r2294.53125 ,
r2295.703125 -
b11110100111 +
1%
0$
#1962500000
b11110101000 #
b11110101000 /
b100011111000111000 !
b100011111000111000 0
1$
#1963000000
b11110101000 (
r2295.703125 ,
r2296.875 -
b11110101000 +
1%
0$
#1963500000
b11110101001 #
b11110101001 /
b100011111010000011 !
b100011111010000011 0
1$
#1964000000
b11110101001 (
r2296.875 ,
r2298.046875 -
b11110101001 +
1%
0$
#1964500000
b11110101010 #
b11110101010 /
b100011111011001110 !
b100011111011001110 0
1$
#1965000000
b11110101010 (
r2298.046875 ,
r2299.21875 -
b11110101010 +
1%
0$
#1965500000
b11110101011 #
b11110101011 /
b100011111100011001 !
b100011111100011001 0
1$
#1966000000
b11110101011 (
r2299.21875 ,
r2300.390625 -
b11110101011 +
1%
0$
#1966500000
b11110101100 #
b11110101100 /
b100011111101100100 !
b100011111101100100 0
1$
#1967000000
b11110101100 (
r2300.390625 ,
r2301.5625 -
b11110101100 +
1%
0$
#1967500000
b11110101101 #
b11110101101 /
b100011111110101111 !
b100011111110101111 0
1$
#1968000000
b11110101101 (
r2301.5625 ,
r2302.734375 -
b11110101101 +
1%
0$
#1968500000
b11110101110 #
b11110101110 /
b100011111111111010 !
b100011111111111010 0
1$
#1969000000
b11110101110 (
r2302.734375 ,
r2303.90625 -
b11110101110 +
1%
0$
#1969500000
b11110101111 #
b11110101111 /
b100100000001000101 !
b100100000001000101 0
1$
#1970000000
b11110101111 (
r2303.90625 ,
r2305.078125 -
b11110101111 +
1%
0$
#1970500000
b11110110000 #
b11110110000 /
b100100000010010000 !
b100100000010010000 0
1$
#1971000000
b11110110000 (
r2305.078125 ,
r2306.25 -
b11110110000 +
1%
0$
#1971500000
b11110110001 #
b11110110001 /
b100100000011011011 !
b100100000011011011 0
1$
#1972000000
b11110110001 (
r2306.25 ,
r2307.421875 -
b11110110001 +
1%
0$
#1972500000
b11110110010 #
b11110110010 /
b100100000100100110 !
b100100000100100110 0
1$
#1973000000
b11110110010 (
r2307.421875 ,
r2308.59375 -
b11110110010 +
1%
0$
#1973500000
b11110110011 #
b11110110011 /
b100100000101110001 !
b100100000101110001 0
1$
#1974000000
b11110110011 (
r2308.59375 ,
r2309.765625 -
b11110110011 +
1%
0$
#1974500000
b11110110100 #
b11110110100 /
b100100000110111100 !
b100100000110111100 0
1$
#1975000000
b11110110100 (
r2309.765625 ,
r2310.9375 -
b11110110100 +
1%
0$
#1975500000
b11110110101 #
b11110110101 /
b100100001000000111 !
b100100001000000111 0
1$
#1976000000
b11110110101 (
r2310.9375 ,
r2312.109375 -
b11110110101 +
1%
0$
#1976500000
b11110110110 #
b11110110110 /
b100100001001010010 !
b100100001001010010 0
1$
#1977000000
b11110110110 (
r2312.109375 ,
r2313.28125 -
b11110110110 +
1%
0$
#1977500000
b11110110111 #
b11110110111 /
b100100001010011101 !
b100100001010011101 0
1$
#1978000000
b11110110111 (
r2313.28125 ,
r2314.453125 -
b11110110111 +
1%
0$
#1978500000
b11110111000 #
b11110111000 /
b100100001011101000 !
b100100001011101000 0
1$
#1979000000
b11110111000 (
r2314.453125 ,
r2315.625 -
b11110111000 +
1%
0$
#1979500000
b11110111001 #
b11110111001 /
b100100001100110011 !
b100100001100110011 0
1$
#1980000000
b11110111001 (
r2315.625 ,
r2316.796875 -
b11110111001 +
1%
0$
#1980500000
b11110111010 #
b11110111010 /
b100100001101111110 !
b100100001101111110 0
1$
#1981000000
b11110111010 (
r2316.796875 ,
r2317.96875 -
b11110111010 +
1%
0$
#1981500000
b11110111011 #
b11110111011 /
b100100001111001001 !
b100100001111001001 0
1$
#1982000000
b11110111011 (
r2317.96875 ,
r2319.140625 -
b11110111011 +
1%
0$
#1982500000
b11110111100 #
b11110111100 /
b100100010000010100 !
b100100010000010100 0
1$
#1983000000
b11110111100 (
r2319.140625 ,
r2320.3125 -
b11110111100 +
1%
0$
#1983500000
b11110111101 #
b11110111101 /
b100100010001011111 !
b100100010001011111 0
1$
#1984000000
b11110111101 (
r2320.3125 ,
r2321.484375 -
b11110111101 +
1%
0$
#1984500000
b11110111110 #
b11110111110 /
b100100010010101010 !
b100100010010101010 0
1$
#1985000000
b11110111110 (
r2321.484375 ,
r2322.65625 -
b11110111110 +
1%
0$
#1985500000
b11110111111 #
b11110111111 /
b100100010011110101 !
b100100010011110101 0
1$
#1986000000
b11110111111 (
r2322.65625 ,
r2323.828125 -
b11110111111 +
1%
0$
#1986500000
b11111000000 #
b11111000000 /
b100100010101000000 !
b100100010101000000 0
1$
#1987000000
b11111000000 (
r2323.828125 ,
r2325 -
b11111000000 +
1%
0$
#1987500000
b11111000001 #
b11111000001 /
b100100010110001011 !
b100100010110001011 0
1$
#1988000000
b11111000001 (
r2325 ,
r2326.171875 -
b11111000001 +
1%
0$
#1988500000
b11111000010 #
b11111000010 /
b100100010111010110 !
b100100010111010110 0
1$
#1989000000
b11111000010 (
r2326.171875 ,
r2327.34375 -
b11111000010 +
1%
0$
#1989500000
b11111000011 #
b11111000011 /
b100100011000100001 !
b100100011000100001 0
1$
#1990000000
b11111000011 (
r2327.34375 ,
r2328.515625 -
b11111000011 +
1%
0$
#1990500000
b11111000100 #
b11111000100 /
b100100011001101100 !
b100100011001101100 0
1$
#1991000000
b11111000100 (
r2328.515625 ,
r2329.6875 -
b11111000100 +
1%
0$
#1991500000
b11111000101 #
b11111000101 /
b100100011010110111 !
b100100011010110111 0
1$
#1992000000
b11111000101 (
r2329.6875 ,
r2330.859375 -
b11111000101 +
1%
0$
#1992500000
b11111000110 #
b11111000110 /
b100100011100000010 !
b100100011100000010 0
1$
#1993000000
b11111000110 (
r2330.859375 ,
r2332.03125 -
b11111000110 +
1%
0$
#1993500000
b11111000111 #
b11111000111 /
b100100011101001101 !
b100100011101001101 0
1$
#1994000000
b11111000111 (
r2332.03125 ,
r2333.203125 -
b11111000111 +
1%
0$
#1994500000
b11111001000 #
b11111001000 /
b100100011110011000 !
b100100011110011000 0
1$
#1995000000
b11111001000 (
r2333.203125 ,
r2334.375 -
b11111001000 +
1%
0$
#1995500000
b11111001001 #
b11111001001 /
b100100011111100011 !
b100100011111100011 0
1$
#1996000000
b11111001001 (
r2334.375 ,
r2335.546875 -
b11111001001 +
1%
0$
#1996500000
b11111001010 #
b11111001010 /
b100100100000101110 !
b100100100000101110 0
1$
#1997000000
b11111001010 (
r2335.546875 ,
r2336.71875 -
b11111001010 +
1%
0$
#1997500000
b11111001011 #
b11111001011 /
b100100100001111001 !
b100100100001111001 0
1$
#1998000000
b11111001011 (
r2336.71875 ,
r2337.890625 -
b11111001011 +
1%
0$
#1998500000
b11111001100 #
b11111001100 /
b100100100011000100 !
b100100100011000100 0
1$
#1999000000
b11111001100 (
r2337.890625 ,
r2339.0625 -
b11111001100 +
1%
0$
#1999500000
b11111001101 #
b11111001101 /
b100100100100001111 !
b100100100100001111 0
1$
#2000000000
b11111001101 (
r2339.0625 ,
r2340.234375 -
b11111001101 +
1%
0$
#2000500000
b11111001110 #
b11111001110 /
b100100100101011010 !
b100100100101011010 0
1$
#2001000000
b11111001110 (
r2340.234375 ,
r2341.40625 -
b11111001110 +
1%
0$
#2001500000
b11111001111 #
b11111001111 /
b100100100110100101 !
b100100100110100101 0
1$
#2002000000
b11111001111 (
r2341.40625 ,
r2342.578125 -
b11111001111 +
1%
0$
#2002500000
b11111010000 #
b11111010000 /
b100100100111110000 !
b100100100111110000 0
1$
#2003000000
b11111010000 (
r2342.578125 ,
r2343.75 -
b11111010000 +
1%
0$
#2003500000
b11111010001 #
b11111010001 /
b100100101000111011 !
b100100101000111011 0
1$
#2004000000
b11111010001 (
r2343.75 ,
r2344.921875 -
b11111010001 +
1%
0$
#2004500000
b11111010010 #
b11111010010 /
b100100101010000110 !
b100100101010000110 0
1$
#2005000000
b11111010010 (
r2344.921875 ,
r2346.09375 -
b11111010010 +
1%
0$
#2005500000
b11111010011 #
b11111010011 /
b100100101011010001 !
b100100101011010001 0
1$
#2006000000
b11111010011 (
r2346.09375 ,
r2347.265625 -
b11111010011 +
1%
0$
#2006500000
b11111010100 #
b11111010100 /
b100100101100011100 !
b100100101100011100 0
1$
#2007000000
b11111010100 (
r2347.265625 ,
r2348.4375 -
b11111010100 +
1%
0$
#2007500000
b11111010101 #
b11111010101 /
b100100101101100111 !
b100100101101100111 0
1$
#2008000000
b11111010101 (
r2348.4375 ,
r2349.609375 -
b11111010101 +
1%
0$
#2008500000
b11111010110 #
b11111010110 /
b100100101110110010 !
b100100101110110010 0
1$
#2009000000
b11111010110 (
r2349.609375 ,
r2350.78125 -
b11111010110 +
1%
0$
#2009500000
b11111010111 #
b11111010111 /
b100100101111111101 !
b100100101111111101 0
1$
#2010000000
b11111010111 (
r2350.78125 ,
r2351.953125 -
b11111010111 +
1%
0$
#2010500000
b11111011000 #
b11111011000 /
b100100110001001000 !
b100100110001001000 0
1$
#2011000000
b11111011000 (
r2351.953125 ,
r2353.125 -
b11111011000 +
1%
0$
#2011500000
b11111011001 #
b11111011001 /
b100100110010010011 !
b100100110010010011 0
1$
#2012000000
b11111011001 (
r2353.125 ,
r2354.296875 -
b11111011001 +
1%
0$
#2012500000
b11111011010 #
b11111011010 /
b100100110011011110 !
b100100110011011110 0
1$
#2013000000
b11111011010 (
r2354.296875 ,
r2355.46875 -
b11111011010 +
1%
0$
#2013500000
b11111011011 #
b11111011011 /
b100100110100101001 !
b100100110100101001 0
1$
#2014000000
b11111011011 (
r2355.46875 ,
r2356.640625 -
b11111011011 +
1%
0$
#2014500000
b11111011100 #
b11111011100 /
b100100110101110100 !
b100100110101110100 0
1$
#2015000000
b11111011100 (
r2356.640625 ,
r2357.8125 -
b11111011100 +
1%
0$
#2015500000
b11111011101 #
b11111011101 /
b100100110110111111 !
b100100110110111111 0
1$
#2016000000
b11111011101 (
r2357.8125 ,
r2358.984375 -
b11111011101 +
1%
0$
#2016500000
b11111011110 #
b11111011110 /
b100100111000001010 !
b100100111000001010 0
1$
#2017000000
b11111011110 (
r2358.984375 ,
r2360.15625 -
b11111011110 +
1%
0$
#2017500000
b11111011111 #
b11111011111 /
b100100111001010101 !
b100100111001010101 0
1$
#2018000000
b11111011111 (
r2360.15625 ,
r2361.328125 -
b11111011111 +
1%
0$
#2018500000
b11111100000 #
b11111100000 /
b100100111010100000 !
b100100111010100000 0
1$
#2019000000
b11111100000 (
r2361.328125 ,
r2362.5 -
b11111100000 +
1%
0$
#2019500000
b11111100001 #
b11111100001 /
b100100111011101011 !
b100100111011101011 0
1$
#2020000000
b11111100001 (
r2362.5 ,
r2363.671875 -
b11111100001 +
1%
0$
#2020500000
b11111100010 #
b11111100010 /
b100100111100110110 !
b100100111100110110 0
1$
#2021000000
b11111100010 (
r2363.671875 ,
r2364.84375 -
b11111100010 +
1%
0$
#2021500000
b11111100011 #
b11111100011 /
b100100111110000001 !
b100100111110000001 0
1$
#2022000000
b11111100011 (
r2364.84375 ,
r2366.015625 -
b11111100011 +
1%
0$
#2022500000
b11111100100 #
b11111100100 /
b100100111111001100 !
b100100111111001100 0
1$
#2023000000
b11111100100 (
r2366.015625 ,
r2367.1875 -
b11111100100 +
1%
0$
#2023500000
b11111100101 #
b11111100101 /
b100101000000010111 !
b100101000000010111 0
1$
#2024000000
b11111100101 (
r2367.1875 ,
r2368.359375 -
b11111100101 +
1%
0$
#2024500000
b11111100110 #
b11111100110 /
b100101000001100010 !
b100101000001100010 0
1$
#2025000000
b11111100110 (
r2368.359375 ,
r2369.53125 -
b11111100110 +
1%
0$
#2025500000
b11111100111 #
b11111100111 /
b100101000010101101 !
b100101000010101101 0
1$
#2026000000
b11111100111 (
r2369.53125 ,
r2370.703125 -
b11111100111 +
1%
0$
#2026500000
b11111101000 #
b11111101000 /
b100101000011111000 !
b100101000011111000 0
1$
#2027000000
b11111101000 (
r2370.703125 ,
r2371.875 -
b11111101000 +
1%
0$
#2027500000
b11111101001 #
b11111101001 /
b100101000101000011 !
b100101000101000011 0
1$
#2028000000
b11111101001 (
r2371.875 ,
r2373.046875 -
b11111101001 +
1%
0$
#2028500000
b11111101010 #
b11111101010 /
b100101000110001110 !
b100101000110001110 0
1$
#2029000000
b11111101010 (
r2373.046875 ,
r2374.21875 -
b11111101010 +
1%
0$
#2029500000
b11111101011 #
b11111101011 /
b100101000111011001 !
b100101000111011001 0
1$
#2030000000
b11111101011 (
r2374.21875 ,
r2375.390625 -
b11111101011 +
1%
0$
#2030500000
b11111101100 #
b11111101100 /
b100101001000100100 !
b100101001000100100 0
1$
#2031000000
b11111101100 (
r2375.390625 ,
r2376.5625 -
b11111101100 +
1%
0$
#2031500000
b11111101101 #
b11111101101 /
b100101001001101111 !
b100101001001101111 0
1$
#2032000000
b11111101101 (
r2376.5625 ,
r2377.734375 -
b11111101101 +
1%
0$
#2032500000
b11111101110 #
b11111101110 /
b100101001010111010 !
b100101001010111010 0
1$
#2033000000
b11111101110 (
r2377.734375 ,
r2378.90625 -
b11111101110 +
1%
0$
#2033500000
b11111101111 #
b11111101111 /
b100101001100000101 !
b100101001100000101 0
1$
#2034000000
b11111101111 (
r2378.90625 ,
r2380.078125 -
b11111101111 +
1%
0$
#2034500000
b11111110000 #
b11111110000 /
b100101001101010000 !
b100101001101010000 0
1$
#2035000000
b11111110000 (
r2380.078125 ,
r2381.25 -
b11111110000 +
1%
0$
#2035500000
b11111110001 #
b11111110001 /
b100101001110011011 !
b100101001110011011 0
1$
#2036000000
b11111110001 (
r2381.25 ,
r2382.421875 -
b11111110001 +
1%
0$
#2036500000
b11111110010 #
b11111110010 /
b100101001111100110 !
b100101001111100110 0
1$
#2037000000
b11111110010 (
r2382.421875 ,
r2383.59375 -
b11111110010 +
1%
0$
#2037500000
b11111110011 #
b11111110011 /
b100101010000110001 !
b100101010000110001 0
1$
#2038000000
b11111110011 (
r2383.59375 ,
r2384.765625 -
b11111110011 +
1%
0$
#2038500000
b11111110100 #
b11111110100 /
b100101010001111100 !
b100101010001111100 0
1$
#2039000000
b11111110100 (
r2384.765625 ,
r2385.9375 -
b11111110100 +
1%
0$
#2039500000
b11111110101 #
b11111110101 /
b100101010011000111 !
b100101010011000111 0
1$
#2040000000
b11111110101 (
r2385.9375 ,
r2387.109375 -
b11111110101 +
1%
0$
#2040500000
b11111110110 #
b11111110110 /
b100101010100010010 !
b100101010100010010 0
1$
#2041000000
b11111110110 (
r2387.109375 ,
r2388.28125 -
b11111110110 +
1%
0$
#2041500000
b11111110111 #
b11111110111 /
b100101010101011101 !
b100101010101011101 0
1$
#2042000000
b11111110111 (
r2388.28125 ,
r2389.453125 -
b11111110111 +
1%
0$
#2042500000
b11111111000 #
b11111111000 /
b100101010110101000 !
b100101010110101000 0
1$
#2043000000
b11111111000 (
r2389.453125 ,
r2390.625 -
b11111111000 +
1%
0$
#2043500000
b11111111001 #
b11111111001 /
b100101010111110011 !
b100101010111110011 0
1$
#2044000000
b11111111001 (
r2390.625 ,
r2391.796875 -
b11111111001 +
1%
0$
#2044500000
b11111111010 #
b11111111010 /
b100101011000111110 !
b100101011000111110 0
1$
#2045000000
b11111111010 (
r2391.796875 ,
r2392.96875 -
b11111111010 +
1%
0$
#2045500000
b11111111011 #
b11111111011 /
b100101011010001001 !
b100101011010001001 0
1$
#2046000000
b11111111011 (
r2392.96875 ,
r2394.140625 -
b11111111011 +
1%
0$
#2046500000
b11111111100 #
b11111111100 /
b100101011011010100 !
b100101011011010100 0
1$
#2047000000
b11111111100 (
r2394.140625 ,
r2395.3125 -
b11111111100 +
1%
0$
#2047500000
b11111111101 #
b11111111101 /
b100101011100011111 !
b100101011100011111 0
1$
#2048000000
b11111111101 (
r2395.3125 ,
r2396.484375 -
b11111111101 +
1%
0$
#2048500000
b11111111110 #
b11111111110 /
b100101011101101010 !
b100101011101101010 0
1$
#2049000000
b11111111110 (
r2396.484375 ,
r2397.65625 -
b11111111110 +
1%
0$
#2049500000
b11111111111 #
b11111111111 /
b100101011110110101 !
b100101011110110101 0
1$
#2050000000
b11111111111 (
r2397.65625 ,
r2398.828125 -
b11111111111 +
1%
0$
#2050500000
1"
b100101100000000000 !
b100101100000000000 0
1$
#2051000000
r2398.828125 ,
r2400 -
b100000000000 +
1%
0$
#2051500000
b100101100001001011 !
b100101100001001011 0
1$
#2052000000
r2400 ,
r2401.171875 -
b100000000001 +
1%
0$
#2052500000
b100101100010010110 !
b100101100010010110 0
1$
#2053000000
r2401.171875 ,
r2402.34375 -
b100000000010 +
1%
0$
#2053500000
b100101100011100001 !
b100101100011100001 0
1$
#2054000000
r2402.34375 ,
r2403.515625 -
b100000000011 +
1%
0$
#2054500000
b100101100100101100 !
b100101100100101100 0
1$
#2055000000
r2403.515625 ,
r2404.6875 -
b100000000100 +
1%
0$
#2055500000
b100101100101110111 !
b100101100101110111 0
1$
#2056000000
r2404.6875 ,
r2405.859375 -
b100000000101 +
1%
0$
#2056500000
b100101100111000010 !
b100101100111000010 0
1$
#2057000000
r2405.859375 ,
r2407.03125 -
b100000000110 +
1%
0$
#2057500000
b100101101000001101 !
b100101101000001101 0
1$
#2058000000
r2407.03125 ,
r2408.203125 -
b100000000111 +
1%
0$
#2058500000
b100101101001011000 !
b100101101001011000 0
1$
#2059000000
r2408.203125 ,
r2409.375 -
b100000001000 +
1%
0$
#2059500000
b100101101010100011 !
b100101101010100011 0
1$
#2060000000
r2409.375 ,
r2410.546875 -
b100000001001 +
1%
0$
#2060500000
b100101101011101110 !
b100101101011101110 0
1$
#2061000000
r2410.546875 ,
r2411.71875 -
b100000001010 +
1%
0$
#2061500000
b100101101100111001 !
b100101101100111001 0
1$
#2062000000
r2411.71875 ,
r2412.890625 -
b100000001011 +
1%
0$
#2062500000
b100101101110000100 !
b100101101110000100 0
1$
#2063000000
r2412.890625 ,
r2414.0625 -
b100000001100 +
1%
0$
#2063500000
b100101101111001111 !
b100101101111001111 0
1$
#2064000000
r2414.0625 ,
r2415.234375 -
b100000001101 +
1%
0$
#2064500000
b100101110000011010 !
b100101110000011010 0
1$
#2065000000
r2415.234375 ,
r2416.40625 -
b100000001110 +
1%
0$
#2065500000
b100101110001100101 !
b100101110001100101 0
1$
#2066000000
r2416.40625 ,
r2417.578125 -
b100000001111 +
1%
0$
#2066500000
b100101110010110000 !
b100101110010110000 0
1$
#2067000000
r2417.578125 ,
r2418.75 -
b100000010000 +
1%
0$
#2067500000
b100101110011111011 !
b100101110011111011 0
1$
#2068000000
r2418.75 ,
r2419.921875 -
b100000010001 +
1%
0$
#2068500000
b100101110101000110 !
b100101110101000110 0
1$
#2069000000
r2419.921875 ,
r2421.09375 -
b100000010010 +
1%
0$
#2069500000
b100101110110010001 !
b100101110110010001 0
1$
#2070000000
r2421.09375 ,
r2422.265625 -
b100000010011 +
1%
0$
#2070500000
b100101110111011100 !
b100101110111011100 0
1$
#2071000000
r2422.265625 ,
r2423.4375 -
b100000010100 +
1%
0$
#2071500000
b100101111000100111 !
b100101111000100111 0
1$
#2072000000
r2423.4375 ,
r2424.609375 -
b100000010101 +
1%
0$
#2072500000
b100101111001110010 !
b100101111001110010 0
1$
#2073000000
r2424.609375 ,
r2425.78125 -
b100000010110 +
1%
0$
#2073500000
b100101111010111101 !
b100101111010111101 0
1$
#2074000000
r2425.78125 ,
r2426.953125 -
b100000010111 +
1%
0$
#2074500000
b100101111100001000 !
b100101111100001000 0
1$
#2075000000
r2426.953125 ,
r2428.125 -
b100000011000 +
1%
0$
#2075500000
b100101111101010011 !
b100101111101010011 0
1$
#2076000000
r2428.125 ,
r2429.296875 -
b100000011001 +
1%
0$
#2076500000
b100101111110011110 !
b100101111110011110 0
1$
#2077000000
r2429.296875 ,
r2430.46875 -
b100000011010 +
1%
0$
#2077500000
b100101111111101001 !
b100101111111101001 0
1$
#2078000000
r2430.46875 ,
r2431.640625 -
b100000011011 +
1%
0$
#2078500000
b100110000000110100 !
b100110000000110100 0
1$
#2079000000
r2431.640625 ,
r2432.8125 -
b100000011100 +
1%
0$
#2079500000
b100110000001111111 !
b100110000001111111 0
1$
#2080000000
r2432.8125 ,
r2433.984375 -
b100000011101 +
1%
0$
#2080500000
b100110000011001010 !
b100110000011001010 0
1$
#2081000000
r2433.984375 ,
r2435.15625 -
b100000011110 +
1%
0$
#2081500000
b100110000100010101 !
b100110000100010101 0
1$
#2082000000
r2435.15625 ,
r2436.328125 -
b100000011111 +
1%
0$
#2082500000
b100110000101100000 !
b100110000101100000 0
1$
#2083000000
r2436.328125 ,
r2437.5 -
b100000100000 +
1%
0$
#2083500000
b100110000110101011 !
b100110000110101011 0
1$
#2084000000
r2437.5 ,
r2438.671875 -
b100000100001 +
1%
0$
#2084500000
b100110000111110110 !
b100110000111110110 0
1$
#2085000000
r2438.671875 ,
r2439.84375 -
b100000100010 +
1%
0$
#2085500000
b100110001001000001 !
b100110001001000001 0
1$
#2086000000
r2439.84375 ,
r2441.015625 -
b100000100011 +
1%
0$
#2086500000
b100110001010001100 !
b100110001010001100 0
1$
#2087000000
r2441.015625 ,
r2442.1875 -
b100000100100 +
1%
0$
#2087500000
b100110001011010111 !
b100110001011010111 0
1$
#2088000000
r2442.1875 ,
r2443.359375 -
b100000100101 +
1%
0$
#2088500000
b100110001100100010 !
b100110001100100010 0
1$
#2089000000
r2443.359375 ,
r2444.53125 -
b100000100110 +
1%
0$
#2089500000
b100110001101101101 !
b100110001101101101 0
1$
#2090000000
r2444.53125 ,
r2445.703125 -
b100000100111 +
1%
0$
#2090500000
b100110001110111000 !
b100110001110111000 0
1$
#2091000000
r2445.703125 ,
r2446.875 -
b100000101000 +
1%
0$
#2091500000
b100110010000000011 !
b100110010000000011 0
1$
#2092000000
r2446.875 ,
r2448.046875 -
b100000101001 +
1%
0$
#2092500000
b100110010001001110 !
b100110010001001110 0
1$
#2093000000
r2448.046875 ,
r2449.21875 -
b100000101010 +
1%
0$
#2093500000
b100110010010011001 !
b100110010010011001 0
1$
#2094000000
r2449.21875 ,
r2450.390625 -
b100000101011 +
1%
0$
#2094500000
b100110010011100100 !
b100110010011100100 0
1$
#2095000000
r2450.390625 ,
r2451.5625 -
b100000101100 +
1%
0$
#2095500000
b100110010100101111 !
b100110010100101111 0
1$
#2096000000
r2451.5625 ,
r2452.734375 -
b100000101101 +
1%
0$
#2096500000
b100110010101111010 !
b100110010101111010 0
1$
#2097000000
r2452.734375 ,
r2453.90625 -
b100000101110 +
1%
0$
#2097500000
b100110010111000101 !
b100110010111000101 0
1$
#2098000000
r2453.90625 ,
r2455.078125 -
b100000101111 +
1%
0$
#2098500000
b100110011000010000 !
b100110011000010000 0
1$
#2099000000
r2455.078125 ,
r2456.25 -
b100000110000 +
1%
0$
#2099500000
b100110011001011011 !
b100110011001011011 0
1$
#2100000000
r2456.25 ,
r2457.421875 -
b100000110001 +
1%
0$
#2100500000
b100110011010100110 !
b100110011010100110 0
1$
#2101000000
r2457.421875 ,
r2458.59375 -
b100000110010 +
1%
0$
#2101500000
b100110011011110001 !
b100110011011110001 0
1$
#2102000000
r2458.59375 ,
r2459.765625 -
b100000110011 +
1%
0$
#2102500000
b100110011100111100 !
b100110011100111100 0
1$
#2103000000
r2459.765625 ,
r2460.9375 -
b100000110100 +
1%
0$
#2103500000
b100110011110000111 !
b100110011110000111 0
1$
#2104000000
r2460.9375 ,
r2462.109375 -
b100000110101 +
1%
0$
#2104500000
b100110011111010010 !
b100110011111010010 0
1$
#2105000000
r2462.109375 ,
r2463.28125 -
b100000110110 +
1%
0$
#2105500000
b100110100000011101 !
b100110100000011101 0
1$
#2106000000
r2463.28125 ,
r2464.453125 -
b100000110111 +
1%
0$
#2106500000
b100110100001101000 !
b100110100001101000 0
1$
#2107000000
r2464.453125 ,
r2465.625 -
b100000111000 +
1%
0$
#2107500000
b100110100010110011 !
b100110100010110011 0
1$
#2108000000
r2465.625 ,
r2466.796875 -
b100000111001 +
1%
0$
#2108500000
b100110100011111110 !
b100110100011111110 0
1$
#2109000000
r2466.796875 ,
r2467.96875 -
b100000111010 +
1%
0$
#2109500000
b100110100101001001 !
b100110100101001001 0
1$
#2110000000
r2467.96875 ,
r2469.140625 -
b100000111011 +
1%
0$
#2110500000
b100110100110010100 !
b100110100110010100 0
1$
#2111000000
r2469.140625 ,
r2470.3125 -
b100000111100 +
1%
0$
#2111500000
b100110100111011111 !
b100110100111011111 0
1$
#2112000000
r2470.3125 ,
r2471.484375 -
b100000111101 +
1%
0$
#2112500000
b100110101000101010 !
b100110101000101010 0
1$
#2113000000
r2471.484375 ,
r2472.65625 -
b100000111110 +
1%
0$
#2113500000
b100110101001110101 !
b100110101001110101 0
1$
#2114000000
r2472.65625 ,
r2473.828125 -
b100000111111 +
1%
0$
#2114500000
b100110101011000000 !
b100110101011000000 0
1$
#2115000000
r2473.828125 ,
r2475 -
b100001000000 +
1%
0$
#2115500000
b100110101100001011 !
b100110101100001011 0
1$
#2116000000
r2475 ,
r2476.171875 -
b100001000001 +
1%
0$
#2116500000
b100110101101010110 !
b100110101101010110 0
1$
#2117000000
r2476.171875 ,
r2477.34375 -
b100001000010 +
1%
0$
#2117500000
b100110101110100001 !
b100110101110100001 0
1$
#2118000000
r2477.34375 ,
r2478.515625 -
b100001000011 +
1%
0$
#2118500000
b100110101111101100 !
b100110101111101100 0
1$
#2119000000
r2478.515625 ,
r2479.6875 -
b100001000100 +
1%
0$
#2119500000
b100110110000110111 !
b100110110000110111 0
1$
#2120000000
r2479.6875 ,
r2480.859375 -
b100001000101 +
1%
0$
#2120500000
b100110110010000010 !
b100110110010000010 0
1$
#2121000000
r2480.859375 ,
r2482.03125 -
b100001000110 +
1%
0$
#2121500000
b100110110011001101 !
b100110110011001101 0
1$
#2122000000
r2482.03125 ,
r2483.203125 -
b100001000111 +
1%
0$
#2122500000
b100110110100011000 !
b100110110100011000 0
1$
#2123000000
r2483.203125 ,
r2484.375 -
b100001001000 +
1%
0$
#2123500000
b100110110101100011 !
b100110110101100011 0
1$
#2124000000
r2484.375 ,
r2485.546875 -
b100001001001 +
1%
0$
#2124500000
b100110110110101110 !
b100110110110101110 0
1$
#2125000000
r2485.546875 ,
r2486.71875 -
b100001001010 +
1%
0$
#2125500000
b100110110111111001 !
b100110110111111001 0
1$
#2126000000
r2486.71875 ,
r2487.890625 -
b100001001011 +
1%
0$
#2126500000
b100110111001000100 !
b100110111001000100 0
1$
#2127000000
r2487.890625 ,
r2489.0625 -
b100001001100 +
1%
0$
#2127500000
b100110111010001111 !
b100110111010001111 0
1$
#2128000000
r2489.0625 ,
r2490.234375 -
b100001001101 +
1%
0$
#2128500000
b100110111011011010 !
b100110111011011010 0
1$
#2129000000
r2490.234375 ,
r2491.40625 -
b100001001110 +
1%
0$
#2129500000
b100110111100100101 !
b100110111100100101 0
1$
#2130000000
r2491.40625 ,
r2492.578125 -
b100001001111 +
1%
0$
#2130500000
b100110111101110000 !
b100110111101110000 0
1$
#2131000000
r2492.578125 ,
r2493.75 -
b100001010000 +
1%
0$
#2131500000
b100110111110111011 !
b100110111110111011 0
1$
#2132000000
r2493.75 ,
r2494.921875 -
b100001010001 +
1%
0$
#2132500000
b100111000000000110 !
b100111000000000110 0
1$
#2133000000
r2494.921875 ,
r2496.09375 -
b100001010010 +
1%
0$
#2133500000
b100111000001010001 !
b100111000001010001 0
1$
#2134000000
r2496.09375 ,
r2497.265625 -
b100001010011 +
1%
0$
#2134500000
b100111000010011100 !
b100111000010011100 0
1$
#2135000000
r2497.265625 ,
r2498.4375 -
b100001010100 +
1%
0$
#2135500000
b100111000011100111 !
b100111000011100111 0
1$
#2136000000
r2498.4375 ,
r2499.609375 -
b100001010101 +
1%
0$
#2136500000
b100111000100110010 !
b100111000100110010 0
1$
#2137000000
r2499.609375 ,
r2500.78125 -
b100001010110 +
1%
0$
#2137500000
b100111000101111101 !
b100111000101111101 0
1$
#2138000000
r2500.78125 ,
r2501.953125 -
b100001010111 +
1%
0$
#2138500000
b100111000111001000 !
b100111000111001000 0
1$
#2139000000
r2501.953125 ,
r2503.125 -
b100001011000 +
1%
0$
#2139500000
b100111001000010011 !
b100111001000010011 0
1$
#2140000000
r2503.125 ,
r2504.296875 -
b100001011001 +
1%
0$
#2140500000
b100111001001011110 !
b100111001001011110 0
1$
#2141000000
r2504.296875 ,
r2505.46875 -
b100001011010 +
1%
0$
#2141500000
b100111001010101001 !
b100111001010101001 0
1$
#2142000000
r2505.46875 ,
r2506.640625 -
b100001011011 +
1%
0$
#2142500000
b100111001011110100 !
b100111001011110100 0
1$
#2143000000
r2506.640625 ,
r2507.8125 -
b100001011100 +
1%
0$
#2143500000
b100111001100111111 !
b100111001100111111 0
1$
#2144000000
r2507.8125 ,
r2508.984375 -
b100001011101 +
1%
0$
#2144500000
b100111001110001010 !
b100111001110001010 0
1$
#2145000000
r2508.984375 ,
r2510.15625 -
b100001011110 +
1%
0$
#2145500000
b100111001111010101 !
b100111001111010101 0
1$
#2146000000
r2510.15625 ,
r2511.328125 -
b100001011111 +
1%
0$
#2146500000
b100111010000100000 !
b100111010000100000 0
1$
#2147000000
r2511.328125 ,
r2512.5 -
b100001100000 +
1%
0$
#2147500000
b100111010001101011 !
b100111010001101011 0
1$
#2148000000
r2512.5 ,
r2513.671875 -
b100001100001 +
1%
0$
#2148500000
b100111010010110110 !
b100111010010110110 0
1$
#2149000000
r2513.671875 ,
r2514.84375 -
b100001100010 +
1%
0$
#2149500000
b100111010100000001 !
b100111010100000001 0
1$
#2150000000
r2514.84375 ,
r2516.015625 -
b100001100011 +
1%
0$
#2150500000
b100111010101001100 !
b100111010101001100 0
1$
#2151000000
r2516.015625 ,
r2517.1875 -
b100001100100 +
1%
0$
#2151500000
b100111010110010111 !
b100111010110010111 0
1$
#2152000000
r2517.1875 ,
r2518.359375 -
b100001100101 +
1%
0$
#2152500000
b100111010111100010 !
b100111010111100010 0
1$
#2153000000
r2518.359375 ,
r2519.53125 -
b100001100110 +
1%
0$
#2153500000
b100111011000101101 !
b100111011000101101 0
1$
#2154000000
r2519.53125 ,
r2520.703125 -
b100001100111 +
1%
0$
#2154500000
b100111011001111000 !
b100111011001111000 0
1$
#2155000000
r2520.703125 ,
r2521.875 -
b100001101000 +
1%
0$
#2155500000
b100111011011000011 !
b100111011011000011 0
1$
#2156000000
r2521.875 ,
r2523.046875 -
b100001101001 +
1%
0$
#2156500000
b100111011100001110 !
b100111011100001110 0
1$
#2157000000
r2523.046875 ,
r2524.21875 -
b100001101010 +
1%
0$
#2157500000
b100111011101011001 !
b100111011101011001 0
1$
#2158000000
r2524.21875 ,
r2525.390625 -
b100001101011 +
1%
0$
#2158500000
b100111011110100100 !
b100111011110100100 0
1$
#2159000000
r2525.390625 ,
r2526.5625 -
b100001101100 +
1%
0$
#2159500000
b100111011111101111 !
b100111011111101111 0
1$
#2160000000
r2526.5625 ,
r2527.734375 -
b100001101101 +
1%
0$
#2160500000
b100111100000111010 !
b100111100000111010 0
1$
#2161000000
r2527.734375 ,
r2528.90625 -
b100001101110 +
1%
0$
#2161500000
b100111100010000101 !
b100111100010000101 0
1$
#2162000000
r2528.90625 ,
r2530.078125 -
b100001101111 +
1%
0$
#2162500000
b100111100011010000 !
b100111100011010000 0
1$
#2163000000
r2530.078125 ,
r2531.25 -
b100001110000 +
1%
0$
#2163500000
b100111100100011011 !
b100111100100011011 0
1$
#2164000000
r2531.25 ,
r2532.421875 -
b100001110001 +
1%
0$
#2164500000
b100111100101100110 !
b100111100101100110 0
1$
#2165000000
r2532.421875 ,
r2533.59375 -
b100001110010 +
1%
0$
#2165500000
b100111100110110001 !
b100111100110110001 0
1$
#2166000000
r2533.59375 ,
r2534.765625 -
b100001110011 +
1%
0$
#2166500000
b100111100111111100 !
b100111100111111100 0
1$
#2167000000
r2534.765625 ,
r2535.9375 -
b100001110100 +
1%
0$
#2167500000
b100111101001000111 !
b100111101001000111 0
1$
#2168000000
r2535.9375 ,
r2537.109375 -
b100001110101 +
1%
0$
#2168500000
b100111101010010010 !
b100111101010010010 0
1$
#2169000000
r2537.109375 ,
r2538.28125 -
b100001110110 +
1%
0$
#2169500000
b100111101011011101 !
b100111101011011101 0
1$
#2170000000
r2538.28125 ,
r2539.453125 -
b100001110111 +
1%
0$
#2170500000
b100111101100101000 !
b100111101100101000 0
1$
#2171000000
r2539.453125 ,
r2540.625 -
b100001111000 +
1%
0$
#2171500000
b100111101101110011 !
b100111101101110011 0
1$
#2172000000
r2540.625 ,
r2541.796875 -
b100001111001 +
1%
0$
#2172500000
b100111101110111110 !
b100111101110111110 0
1$
#2173000000
r2541.796875 ,
r2542.96875 -
b100001111010 +
1%
0$
#2173500000
b100111110000001001 !
b100111110000001001 0
1$
#2174000000
r2542.96875 ,
r2544.140625 -
b100001111011 +
1%
0$
#2174500000
b100111110001010100 !
b100111110001010100 0
1$
#2175000000
r2544.140625 ,
r2545.3125 -
b100001111100 +
1%
0$
#2175500000
b100111110010011111 !
b100111110010011111 0
1$
#2176000000
r2545.3125 ,
r2546.484375 -
b100001111101 +
1%
0$
#2176500000
b100111110011101010 !
b100111110011101010 0
1$
#2177000000
r2546.484375 ,
r2547.65625 -
b100001111110 +
1%
0$
#2177500000
b100111110100110101 !
b100111110100110101 0
1$
#2178000000
r2547.65625 ,
r2548.828125 -
b100001111111 +
1%
0$
#2178500000
b100111110110000000 !
b100111110110000000 0
1$
#2179000000
r2548.828125 ,
r2550 -
b100010000000 +
1%
0$
#2179500000
b100111110111001011 !
b100111110111001011 0
1$
#2180000000
r2550 ,
r2551.171875 -
b100010000001 +
1%
0$
#2180500000
b100111111000010110 !
b100111111000010110 0
1$
#2181000000
r2551.171875 ,
r2552.34375 -
b100010000010 +
1%
0$
#2181500000
b100111111001100001 !
b100111111001100001 0
1$
#2182000000
r2552.34375 ,
r2553.515625 -
b100010000011 +
1%
0$
#2182500000
b100111111010101100 !
b100111111010101100 0
1$
#2183000000
r2553.515625 ,
r2554.6875 -
b100010000100 +
1%
0$
#2183500000
b100111111011110111 !
b100111111011110111 0
1$
#2184000000
r2554.6875 ,
r2555.859375 -
b100010000101 +
1%
0$
#2184500000
b100111111101000010 !
b100111111101000010 0
1$
#2185000000
r2555.859375 ,
r2557.03125 -
b100010000110 +
1%
0$
#2185500000
b100111111110001101 !
b100111111110001101 0
1$
#2186000000
r2557.03125 ,
r2558.203125 -
b100010000111 +
1%
0$
#2186500000
b100111111111011000 !
b100111111111011000 0
1$
#2187000000
r2558.203125 ,
r2559.375 -
b100010001000 +
1%
0$
#2187500000
b101000000000100011 !
b101000000000100011 0
1$
#2188000000
r2559.375 ,
r2560.546875 -
b100010001001 +
1%
0$
#2188500000
b101000000001101110 !
b101000000001101110 0
1$
#2189000000
r2560.546875 ,
r2561.71875 -
b100010001010 +
1%
0$
#2189500000
b101000000010111001 !
b101000000010111001 0
1$
#2190000000
r2561.71875 ,
r2562.890625 -
b100010001011 +
1%
0$
#2190500000
b101000000100000100 !
b101000000100000100 0
1$
#2191000000
r2562.890625 ,
r2564.0625 -
b100010001100 +
1%
0$
#2191500000
b101000000101001111 !
b101000000101001111 0
1$
#2192000000
r2564.0625 ,
r2565.234375 -
b100010001101 +
1%
0$
#2192500000
b101000000110011010 !
b101000000110011010 0
1$
#2193000000
r2565.234375 ,
r2566.40625 -
b100010001110 +
1%
0$
#2193500000
b101000000111100101 !
b101000000111100101 0
1$
#2194000000
r2566.40625 ,
r2567.578125 -
b100010001111 +
1%
0$
#2194500000
b101000001000110000 !
b101000001000110000 0
1$
#2195000000
r2567.578125 ,
r2568.75 -
b100010010000 +
1%
0$
#2195500000
b101000001001111011 !
b101000001001111011 0
1$
#2196000000
r2568.75 ,
r2569.921875 -
b100010010001 +
1%
0$
#2196500000
b101000001011000110 !
b101000001011000110 0
1$
#2197000000
r2569.921875 ,
r2571.09375 -
b100010010010 +
1%
0$
#2197500000
b101000001100010001 !
b101000001100010001 0
1$
#2198000000
r2571.09375 ,
r2572.265625 -
b100010010011 +
1%
0$
#2198500000
b101000001101011100 !
b101000001101011100 0
1$
#2199000000
r2572.265625 ,
r2573.4375 -
b100010010100 +
1%
0$
#2199500000
b101000001110100111 !
b101000001110100111 0
1$
#2200000000
r2573.4375 ,
r2574.609375 -
b100010010101 +
1%
0$
#2200500000
b101000001111110010 !
b101000001111110010 0
1$
#2201000000
r2574.609375 ,
r2575.78125 -
b100010010110 +
1%
0$
#2201500000
b101000010000111101 !
b101000010000111101 0
1$
#2202000000
r2575.78125 ,
r2576.953125 -
b100010010111 +
1%
0$
#2202500000
b101000010010001000 !
b101000010010001000 0
1$
#2203000000
r2576.953125 ,
r2578.125 -
b100010011000 +
1%
0$
#2203500000
b101000010011010011 !
b101000010011010011 0
1$
#2204000000
r2578.125 ,
r2579.296875 -
b100010011001 +
1%
0$
#2204500000
b101000010100011110 !
b101000010100011110 0
1$
#2205000000
r2579.296875 ,
r2580.46875 -
b100010011010 +
1%
0$
#2205500000
b101000010101101001 !
b101000010101101001 0
1$
#2206000000
r2580.46875 ,
r2581.640625 -
b100010011011 +
1%
0$
#2206500000
b101000010110110100 !
b101000010110110100 0
1$
#2207000000
r2581.640625 ,
r2582.8125 -
b100010011100 +
1%
0$
#2207500000
b101000010111111111 !
b101000010111111111 0
1$
#2208000000
r2582.8125 ,
r2583.984375 -
b100010011101 +
1%
0$
#2208500000
b101000011001001010 !
b101000011001001010 0
1$
#2209000000
r2583.984375 ,
r2585.15625 -
b100010011110 +
1%
0$
#2209500000
b101000011010010101 !
b101000011010010101 0
1$
#2210000000
r2585.15625 ,
r2586.328125 -
b100010011111 +
1%
0$
#2210500000
b101000011011100000 !
b101000011011100000 0
1$
#2211000000
r2586.328125 ,
r2587.5 -
b100010100000 +
1%
0$
#2211500000
b101000011100101011 !
b101000011100101011 0
1$
#2212000000
r2587.5 ,
r2588.671875 -
b100010100001 +
1%
0$
#2212500000
b101000011101110110 !
b101000011101110110 0
1$
#2213000000
r2588.671875 ,
r2589.84375 -
b100010100010 +
1%
0$
#2213500000
b101000011111000001 !
b101000011111000001 0
1$
#2214000000
r2589.84375 ,
r2591.015625 -
b100010100011 +
1%
0$
#2214500000
b101000100000001100 !
b101000100000001100 0
1$
#2215000000
r2591.015625 ,
r2592.1875 -
b100010100100 +
1%
0$
#2215500000
b101000100001010111 !
b101000100001010111 0
1$
#2216000000
r2592.1875 ,
r2593.359375 -
b100010100101 +
1%
0$
#2216500000
b101000100010100010 !
b101000100010100010 0
1$
#2217000000
r2593.359375 ,
r2594.53125 -
b100010100110 +
1%
0$
#2217500000
b101000100011101101 !
b101000100011101101 0
1$
#2218000000
r2594.53125 ,
r2595.703125 -
b100010100111 +
1%
0$
#2218500000
b101000100100111000 !
b101000100100111000 0
1$
#2219000000
r2595.703125 ,
r2596.875 -
b100010101000 +
1%
0$
#2219500000
b101000100110000011 !
b101000100110000011 0
1$
#2220000000
r2596.875 ,
r2598.046875 -
b100010101001 +
1%
0$
#2220500000
b101000100111001110 !
b101000100111001110 0
1$
#2221000000
r2598.046875 ,
r2599.21875 -
b100010101010 +
1%
0$
#2221500000
b101000101000011001 !
b101000101000011001 0
1$
#2222000000
r2599.21875 ,
r2600.390625 -
b100010101011 +
1%
0$
#2222500000
b101000101001100100 !
b101000101001100100 0
1$
#2223000000
r2600.390625 ,
r2601.5625 -
b100010101100 +
1%
0$
#2223500000
b101000101010101111 !
b101000101010101111 0
1$
#2224000000
r2601.5625 ,
r2602.734375 -
b100010101101 +
1%
0$
#2224500000
b101000101011111010 !
b101000101011111010 0
1$
#2225000000
r2602.734375 ,
r2603.90625 -
b100010101110 +
1%
0$
#2225500000
b101000101101000101 !
b101000101101000101 0
1$
#2226000000
r2603.90625 ,
r2605.078125 -
b100010101111 +
1%
0$
#2226500000
b101000101110010000 !
b101000101110010000 0
1$
#2227000000
r2605.078125 ,
r2606.25 -
b100010110000 +
1%
0$
#2227500000
b101000101111011011 !
b101000101111011011 0
1$
#2228000000
r2606.25 ,
r2607.421875 -
b100010110001 +
1%
0$
#2228500000
b101000110000100110 !
b101000110000100110 0
1$
#2229000000
r2607.421875 ,
r2608.59375 -
b100010110010 +
1%
0$
#2229500000
b101000110001110001 !
b101000110001110001 0
1$
#2230000000
r2608.59375 ,
r2609.765625 -
b100010110011 +
1%
0$
#2230500000
b101000110010111100 !
b101000110010111100 0
1$
#2231000000
r2609.765625 ,
r2610.9375 -
b100010110100 +
1%
0$
#2231500000
b101000110100000111 !
b101000110100000111 0
1$
#2232000000
r2610.9375 ,
r2612.109375 -
b100010110101 +
1%
0$
#2232500000
b101000110101010010 !
b101000110101010010 0
1$
#2233000000
r2612.109375 ,
r2613.28125 -
b100010110110 +
1%
0$
#2233500000
b101000110110011101 !
b101000110110011101 0
1$
#2234000000
r2613.28125 ,
r2614.453125 -
b100010110111 +
1%
0$
#2234500000
b101000110111101000 !
b101000110111101000 0
1$
#2235000000
r2614.453125 ,
r2615.625 -
b100010111000 +
1%
0$
#2235500000
b101000111000110011 !
b101000111000110011 0
1$
#2236000000
r2615.625 ,
r2616.796875 -
b100010111001 +
1%
0$
#2236500000
b101000111001111110 !
b101000111001111110 0
1$
#2237000000
r2616.796875 ,
r2617.96875 -
b100010111010 +
1%
0$
#2237500000
b101000111011001001 !
b101000111011001001 0
1$
#2238000000
r2617.96875 ,
r2619.140625 -
b100010111011 +
1%
0$
#2238500000
b101000111100010100 !
b101000111100010100 0
1$
#2239000000
r2619.140625 ,
r2620.3125 -
b100010111100 +
1%
0$
#2239500000
b101000111101011111 !
b101000111101011111 0
1$
#2240000000
r2620.3125 ,
r2621.484375 -
b100010111101 +
1%
0$
#2240500000
b101000111110101010 !
b101000111110101010 0
1$
#2241000000
r2621.484375 ,
r2622.65625 -
b100010111110 +
1%
0$
#2241500000
b101000111111110101 !
b101000111111110101 0
1$
#2242000000
r2622.65625 ,
r2623.828125 -
b100010111111 +
1%
0$
#2242500000
b101001000001000000 !
b101001000001000000 0
1$
#2243000000
r2623.828125 ,
r2625 -
b100011000000 +
1%
0$
#2243500000
b101001000010001011 !
b101001000010001011 0
1$
#2244000000
r2625 ,
r2626.171875 -
b100011000001 +
1%
0$
#2244500000
b101001000011010110 !
b101001000011010110 0
1$
#2245000000
r2626.171875 ,
r2627.34375 -
b100011000010 +
1%
0$
#2245500000
b101001000100100001 !
b101001000100100001 0
1$
#2246000000
r2627.34375 ,
r2628.515625 -
b100011000011 +
1%
0$
#2246500000
b101001000101101100 !
b101001000101101100 0
1$
#2247000000
r2628.515625 ,
r2629.6875 -
b100011000100 +
1%
0$
#2247500000
b101001000110110111 !
b101001000110110111 0
1$
#2248000000
r2629.6875 ,
r2630.859375 -
b100011000101 +
1%
0$
#2248500000
b101001001000000010 !
b101001001000000010 0
1$
#2249000000
r2630.859375 ,
r2632.03125 -
b100011000110 +
1%
0$
#2249500000
b101001001001001101 !
b101001001001001101 0
1$
#2250000000
r2632.03125 ,
r2633.203125 -
b100011000111 +
1%
0$
#2250500000
b101001001010011000 !
b101001001010011000 0
1$
#2251000000
r2633.203125 ,
r2634.375 -
b100011001000 +
1%
0$
#2251500000
b101001001011100011 !
b101001001011100011 0
1$
#2252000000
r2634.375 ,
r2635.546875 -
b100011001001 +
1%
0$
#2252500000
b101001001100101110 !
b101001001100101110 0
1$
#2253000000
r2635.546875 ,
r2636.71875 -
b100011001010 +
1%
0$
#2253500000
b101001001101111001 !
b101001001101111001 0
1$
#2254000000
r2636.71875 ,
r2637.890625 -
b100011001011 +
1%
0$
#2254500000
b101001001111000100 !
b101001001111000100 0
1$
#2255000000
r2637.890625 ,
r2639.0625 -
b100011001100 +
1%
0$
#2255500000
b101001010000001111 !
b101001010000001111 0
1$
#2256000000
r2639.0625 ,
r2640.234375 -
b100011001101 +
1%
0$
#2256500000
b101001010001011010 !
b101001010001011010 0
1$
#2257000000
r2640.234375 ,
r2641.40625 -
b100011001110 +
1%
0$
#2257500000
b101001010010100101 !
b101001010010100101 0
1$
#2258000000
r2641.40625 ,
r2642.578125 -
b100011001111 +
1%
0$
#2258500000
b101001010011110000 !
b101001010011110000 0
1$
#2259000000
r2642.578125 ,
r2643.75 -
b100011010000 +
1%
0$
#2259500000
b101001010100111011 !
b101001010100111011 0
1$
#2260000000
r2643.75 ,
r2644.921875 -
b100011010001 +
1%
0$
#2260500000
b101001010110000110 !
b101001010110000110 0
1$
#2261000000
r2644.921875 ,
r2646.09375 -
b100011010010 +
1%
0$
#2261500000
b101001010111010001 !
b101001010111010001 0
1$
#2262000000
r2646.09375 ,
r2647.265625 -
b100011010011 +
1%
0$
#2262500000
b101001011000011100 !
b101001011000011100 0
1$
#2263000000
r2647.265625 ,
r2648.4375 -
b100011010100 +
1%
0$
#2263500000
b101001011001100111 !
b101001011001100111 0
1$
#2264000000
r2648.4375 ,
r2649.609375 -
b100011010101 +
1%
0$
#2264500000
b101001011010110010 !
b101001011010110010 0
1$
#2265000000
r2649.609375 ,
r2650.78125 -
b100011010110 +
1%
0$
#2265500000
b101001011011111101 !
b101001011011111101 0
1$
#2266000000
r2650.78125 ,
r2651.953125 -
b100011010111 +
1%
0$
#2266500000
b101001011101001000 !
b101001011101001000 0
1$
#2267000000
r2651.953125 ,
r2653.125 -
b100011011000 +
1%
0$
#2267500000
b101001011110010011 !
b101001011110010011 0
1$
#2268000000
r2653.125 ,
r2654.296875 -
b100011011001 +
1%
0$
#2268500000
b101001011111011110 !
b101001011111011110 0
1$
#2269000000
r2654.296875 ,
r2655.46875 -
b100011011010 +
1%
0$
#2269500000
b101001100000101001 !
b101001100000101001 0
1$
#2270000000
r2655.46875 ,
r2656.640625 -
b100011011011 +
1%
0$
#2270500000
b101001100001110100 !
b101001100001110100 0
1$
#2271000000
r2656.640625 ,
r2657.8125 -
b100011011100 +
1%
0$
#2271500000
b101001100010111111 !
b101001100010111111 0
1$
#2272000000
r2657.8125 ,
r2658.984375 -
b100011011101 +
1%
0$
#2272500000
b101001100100001010 !
b101001100100001010 0
1$
#2273000000
r2658.984375 ,
r2660.15625 -
b100011011110 +
1%
0$
#2273500000
b101001100101010101 !
b101001100101010101 0
1$
#2274000000
r2660.15625 ,
r2661.328125 -
b100011011111 +
1%
0$
#2274500000
b101001100110100000 !
b101001100110100000 0
1$
#2275000000
r2661.328125 ,
r2662.5 -
b100011100000 +
1%
0$
#2275500000
b101001100111101011 !
b101001100111101011 0
1$
#2276000000
r2662.5 ,
r2663.671875 -
b100011100001 +
1%
0$
#2276500000
b101001101000110110 !
b101001101000110110 0
1$
#2277000000
r2663.671875 ,
r2664.84375 -
b100011100010 +
1%
0$
#2277500000
b101001101010000001 !
b101001101010000001 0
1$
#2278000000
r2664.84375 ,
r2666.015625 -
b100011100011 +
1%
0$
#2278500000
b101001101011001100 !
b101001101011001100 0
1$
#2279000000
r2666.015625 ,
r2667.1875 -
b100011100100 +
1%
0$
#2279500000
b101001101100010111 !
b101001101100010111 0
1$
#2280000000
r2667.1875 ,
r2668.359375 -
b100011100101 +
1%
0$
#2280500000
b101001101101100010 !
b101001101101100010 0
1$
#2281000000
r2668.359375 ,
r2669.53125 -
b100011100110 +
1%
0$
#2281500000
b101001101110101101 !
b101001101110101101 0
1$
#2282000000
r2669.53125 ,
r2670.703125 -
b100011100111 +
1%
0$
#2282500000
b101001101111111000 !
b101001101111111000 0
1$
#2283000000
r2670.703125 ,
r2671.875 -
b100011101000 +
1%
0$
#2283500000
b101001110001000011 !
b101001110001000011 0
1$
#2284000000
r2671.875 ,
r2673.046875 -
b100011101001 +
1%
0$
#2284500000
b101001110010001110 !
b101001110010001110 0
1$
#2285000000
r2673.046875 ,
r2674.21875 -
b100011101010 +
1%
0$
#2285500000
b101001110011011001 !
b101001110011011001 0
1$
#2286000000
r2674.21875 ,
r2675.390625 -
b100011101011 +
1%
0$
#2286500000
b101001110100100100 !
b101001110100100100 0
1$
#2287000000
r2675.390625 ,
r2676.5625 -
b100011101100 +
1%
0$
#2287500000
b101001110101101111 !
b101001110101101111 0
1$
#2288000000
r2676.5625 ,
r2677.734375 -
b100011101101 +
1%
0$
#2288500000
b101001110110111010 !
b101001110110111010 0
1$
#2289000000
r2677.734375 ,
r2678.90625 -
b100011101110 +
1%
0$
#2289500000
b101001111000000101 !
b101001111000000101 0
1$
#2290000000
r2678.90625 ,
r2680.078125 -
b100011101111 +
1%
0$
#2290500000
b101001111001010000 !
b101001111001010000 0
1$
#2291000000
r2680.078125 ,
r2681.25 -
b100011110000 +
1%
0$
#2291500000
b101001111010011011 !
b101001111010011011 0
1$
#2292000000
r2681.25 ,
r2682.421875 -
b100011110001 +
1%
0$
#2292500000
b101001111011100110 !
b101001111011100110 0
1$
#2293000000
r2682.421875 ,
r2683.59375 -
b100011110010 +
1%
0$
#2293500000
b101001111100110001 !
b101001111100110001 0
1$
#2294000000
r2683.59375 ,
r2684.765625 -
b100011110011 +
1%
0$
#2294500000
b101001111101111100 !
b101001111101111100 0
1$
#2295000000
r2684.765625 ,
r2685.9375 -
b100011110100 +
1%
0$
#2295500000
b101001111111000111 !
b101001111111000111 0
1$
#2296000000
r2685.9375 ,
r2687.109375 -
b100011110101 +
1%
0$
#2296500000
b101010000000010010 !
b101010000000010010 0
1$
#2297000000
r2687.109375 ,
r2688.28125 -
b100011110110 +
1%
0$
#2297500000
b101010000001011101 !
b101010000001011101 0
1$
#2298000000
r2688.28125 ,
r2689.453125 -
b100011110111 +
1%
0$
#2298500000
b101010000010101000 !
b101010000010101000 0
1$
#2299000000
r2689.453125 ,
r2690.625 -
b100011111000 +
1%
0$
#2299500000
b101010000011110011 !
b101010000011110011 0
1$
#2300000000
r2690.625 ,
r2691.796875 -
b100011111001 +
1%
0$
#2300500000
b101010000100111110 !
b101010000100111110 0
1$
#2301000000
r2691.796875 ,
r2692.96875 -
b100011111010 +
1%
0$
#2301500000
b101010000110001001 !
b101010000110001001 0
1$
#2302000000
r2692.96875 ,
r2694.140625 -
b100011111011 +
1%
0$
#2302500000
b101010000111010100 !
b101010000111010100 0
1$
#2303000000
r2694.140625 ,
r2695.3125 -
b100011111100 +
1%
0$
#2303500000
b101010001000011111 !
b101010001000011111 0
1$
#2304000000
r2695.3125 ,
r2696.484375 -
b100011111101 +
1%
0$
#2304500000
b101010001001101010 !
b101010001001101010 0
1$
#2305000000
r2696.484375 ,
r2697.65625 -
b100011111110 +
1%
0$
#2305500000
b101010001010110101 !
b101010001010110101 0
1$
#2306000000
r2697.65625 ,
r2698.828125 -
b100011111111 +
1%
0$
#2306500000
b101010001100000000 !
b101010001100000000 0
1$
#2307000000
r2698.828125 ,
r2700 -
b100100000000 +
1%
0$
#2307500000
b101010001101001011 !
b101010001101001011 0
1$
#2308000000
r2700 ,
r2701.171875 -
b100100000001 +
1%
0$
#2308500000
b101010001110010110 !
b101010001110010110 0
1$
#2309000000
r2701.171875 ,
r2702.34375 -
b100100000010 +
1%
0$
#2309500000
b101010001111100001 !
b101010001111100001 0
1$
#2310000000
r2702.34375 ,
r2703.515625 -
b100100000011 +
1%
0$
#2310500000
b101010010000101100 !
b101010010000101100 0
1$
#2311000000
r2703.515625 ,
r2704.6875 -
b100100000100 +
1%
0$
#2311500000
b101010010001110111 !
b101010010001110111 0
1$
#2312000000
r2704.6875 ,
r2705.859375 -
b100100000101 +
1%
0$
#2312500000
b101010010011000010 !
b101010010011000010 0
1$
#2313000000
r2705.859375 ,
r2707.03125 -
b100100000110 +
1%
0$
#2313500000
b101010010100001101 !
b101010010100001101 0
1$
#2314000000
r2707.03125 ,
r2708.203125 -
b100100000111 +
1%
0$
#2314500000
b101010010101011000 !
b101010010101011000 0
1$
#2315000000
r2708.203125 ,
r2709.375 -
b100100001000 +
1%
0$
#2315500000
b101010010110100011 !
b101010010110100011 0
1$
#2316000000
r2709.375 ,
r2710.546875 -
b100100001001 +
1%
0$
#2316500000
b101010010111101110 !
b101010010111101110 0
1$
#2317000000
r2710.546875 ,
r2711.71875 -
b100100001010 +
1%
0$
#2317500000
b101010011000111001 !
b101010011000111001 0
1$
#2318000000
r2711.71875 ,
r2712.890625 -
b100100001011 +
1%
0$
#2318500000
b101010011010000100 !
b101010011010000100 0
1$
#2319000000
r2712.890625 ,
r2714.0625 -
b100100001100 +
1%
0$
#2319500000
b101010011011001111 !
b101010011011001111 0
1$
#2320000000
r2714.0625 ,
r2715.234375 -
b100100001101 +
1%
0$
#2320500000
b101010011100011010 !
b101010011100011010 0
1$
#2321000000
r2715.234375 ,
r2716.40625 -
b100100001110 +
1%
0$
#2321500000
b101010011101100101 !
b101010011101100101 0
1$
#2322000000
r2716.40625 ,
r2717.578125 -
b100100001111 +
1%
0$
#2322500000
b101010011110110000 !
b101010011110110000 0
1$
#2323000000
r2717.578125 ,
r2718.75 -
b100100010000 +
1%
0$
#2323500000
b101010011111111011 !
b101010011111111011 0
1$
#2324000000
r2718.75 ,
r2719.921875 -
b100100010001 +
1%
0$
#2324500000
b101010100001000110 !
b101010100001000110 0
1$
#2325000000
r2719.921875 ,
r2721.09375 -
b100100010010 +
1%
0$
#2325500000
b101010100010010001 !
b101010100010010001 0
1$
#2326000000
r2721.09375 ,
r2722.265625 -
b100100010011 +
1%
0$
#2326500000
b101010100011011100 !
b101010100011011100 0
1$
#2327000000
r2722.265625 ,
r2723.4375 -
b100100010100 +
1%
0$
#2327500000
b101010100100100111 !
b101010100100100111 0
1$
#2328000000
r2723.4375 ,
r2724.609375 -
b100100010101 +
1%
0$
#2328500000
b101010100101110010 !
b101010100101110010 0
1$
#2329000000
r2724.609375 ,
r2725.78125 -
b100100010110 +
1%
0$
#2329500000
b101010100110111101 !
b101010100110111101 0
1$
#2330000000
r2725.78125 ,
r2726.953125 -
b100100010111 +
1%
0$
#2330500000
b101010101000001000 !
b101010101000001000 0
1$
#2331000000
r2726.953125 ,
r2728.125 -
b100100011000 +
1%
0$
#2331500000
b101010101001010011 !
b101010101001010011 0
1$
#2332000000
r2728.125 ,
r2729.296875 -
b100100011001 +
1%
0$
#2332500000
b101010101010011110 !
b101010101010011110 0
1$
#2333000000
r2729.296875 ,
r2730.46875 -
b100100011010 +
1%
0$
#2333500000
b101010101011101001 !
b101010101011101001 0
1$
#2334000000
r2730.46875 ,
r2731.640625 -
b100100011011 +
1%
0$
#2334500000
b101010101100110100 !
b101010101100110100 0
1$
#2335000000
r2731.640625 ,
r2732.8125 -
b100100011100 +
1%
0$
#2335500000
b101010101101111111 !
b101010101101111111 0
1$
#2336000000
r2732.8125 ,
r2733.984375 -
b100100011101 +
1%
0$
#2336500000
b101010101111001010 !
b101010101111001010 0
1$
#2337000000
r2733.984375 ,
r2735.15625 -
b100100011110 +
1%
0$
#2337500000
b101010110000010101 !
b101010110000010101 0
1$
#2338000000
r2735.15625 ,
r2736.328125 -
b100100011111 +
1%
0$
#2338500000
b101010110001100000 !
b101010110001100000 0
1$
#2339000000
r2736.328125 ,
r2737.5 -
b100100100000 +
1%
0$
#2339500000
b101010110010101011 !
b101010110010101011 0
1$
#2340000000
r2737.5 ,
r2738.671875 -
b100100100001 +
1%
0$
#2340500000
b101010110011110110 !
b101010110011110110 0
1$
#2341000000
r2738.671875 ,
r2739.84375 -
b100100100010 +
1%
0$
#2341500000
b101010110101000001 !
b101010110101000001 0
1$
#2342000000
r2739.84375 ,
r2741.015625 -
b100100100011 +
1%
0$
#2342500000
b101010110110001100 !
b101010110110001100 0
1$
#2343000000
r2741.015625 ,
r2742.1875 -
b100100100100 +
1%
0$
#2343500000
b101010110111010111 !
b101010110111010111 0
1$
#2344000000
r2742.1875 ,
r2743.359375 -
b100100100101 +
1%
0$
#2344500000
b101010111000100010 !
b101010111000100010 0
1$
#2345000000
r2743.359375 ,
r2744.53125 -
b100100100110 +
1%
0$
#2345500000
b101010111001101101 !
b101010111001101101 0
1$
#2346000000
r2744.53125 ,
r2745.703125 -
b100100100111 +
1%
0$
#2346500000
b101010111010111000 !
b101010111010111000 0
1$
#2347000000
r2745.703125 ,
r2746.875 -
b100100101000 +
1%
0$
#2347500000
b101010111100000011 !
b101010111100000011 0
1$
#2348000000
r2746.875 ,
r2748.046875 -
b100100101001 +
1%
0$
#2348500000
b101010111101001110 !
b101010111101001110 0
1$
#2349000000
r2748.046875 ,
r2749.21875 -
b100100101010 +
1%
0$
#2349500000
b101010111110011001 !
b101010111110011001 0
1$
#2350000000
r2749.21875 ,
r2750.390625 -
b100100101011 +
1%
0$
#2350500000
b101010111111100100 !
b101010111111100100 0
1$
#2351000000
r2750.390625 ,
r2751.5625 -
b100100101100 +
1%
0$
#2351500000
b101011000000101111 !
b101011000000101111 0
1$
#2352000000
r2751.5625 ,
r2752.734375 -
b100100101101 +
1%
0$
#2352500000
b101011000001111010 !
b101011000001111010 0
1$
#2353000000
r2752.734375 ,
r2753.90625 -
b100100101110 +
1%
0$
#2353500000
b101011000011000101 !
b101011000011000101 0
1$
#2354000000
r2753.90625 ,
r2755.078125 -
b100100101111 +
1%
0$
#2354500000
b101011000100010000 !
b101011000100010000 0
1$
#2355000000
r2755.078125 ,
r2756.25 -
b100100110000 +
1%
0$
#2355500000
b101011000101011011 !
b101011000101011011 0
1$
#2356000000
r2756.25 ,
r2757.421875 -
b100100110001 +
1%
0$
#2356500000
b101011000110100110 !
b101011000110100110 0
1$
#2357000000
r2757.421875 ,
r2758.59375 -
b100100110010 +
1%
0$
#2357500000
b101011000111110001 !
b101011000111110001 0
1$
#2358000000
r2758.59375 ,
r2759.765625 -
b100100110011 +
1%
0$
#2358500000
b101011001000111100 !
b101011001000111100 0
1$
#2359000000
r2759.765625 ,
r2760.9375 -
b100100110100 +
1%
0$
#2359500000
b101011001010000111 !
b101011001010000111 0
1$
#2360000000
r2760.9375 ,
r2762.109375 -
b100100110101 +
1%
0$
#2360500000
b101011001011010010 !
b101011001011010010 0
1$
#2361000000
r2762.109375 ,
r2763.28125 -
b100100110110 +
1%
0$
#2361500000
b101011001100011101 !
b101011001100011101 0
1$
#2362000000
r2763.28125 ,
r2764.453125 -
b100100110111 +
1%
0$
#2362500000
b101011001101101000 !
b101011001101101000 0
1$
#2363000000
r2764.453125 ,
r2765.625 -
b100100111000 +
1%
0$
#2363500000
b101011001110110011 !
b101011001110110011 0
1$
#2364000000
r2765.625 ,
r2766.796875 -
b100100111001 +
1%
0$
#2364500000
b101011001111111110 !
b101011001111111110 0
1$
#2365000000
r2766.796875 ,
r2767.96875 -
b100100111010 +
1%
0$
#2365500000
b101011010001001001 !
b101011010001001001 0
1$
#2366000000
r2767.96875 ,
r2769.140625 -
b100100111011 +
1%
0$
#2366500000
b101011010010010100 !
b101011010010010100 0
1$
#2367000000
r2769.140625 ,
r2770.3125 -
b100100111100 +
1%
0$
#2367500000
b101011010011011111 !
b101011010011011111 0
1$
#2368000000
r2770.3125 ,
r2771.484375 -
b100100111101 +
1%
0$
#2368500000
b101011010100101010 !
b101011010100101010 0
1$
#2369000000
r2771.484375 ,
r2772.65625 -
b100100111110 +
1%
0$
#2369500000
b101011010101110101 !
b101011010101110101 0
1$
#2370000000
r2772.65625 ,
r2773.828125 -
b100100111111 +
1%
0$
#2370500000
b101011010111000000 !
b101011010111000000 0
1$
#2371000000
r2773.828125 ,
r2775 -
b100101000000 +
1%
0$
#2371500000
b101011011000001011 !
b101011011000001011 0
1$
#2372000000
r2775 ,
r2776.171875 -
b100101000001 +
1%
0$
#2372500000
b101011011001010110 !
b101011011001010110 0
1$
#2373000000
r2776.171875 ,
r2777.34375 -
b100101000010 +
1%
0$
#2373500000
b101011011010100001 !
b101011011010100001 0
1$
#2374000000
r2777.34375 ,
r2778.515625 -
b100101000011 +
1%
0$
#2374500000
b101011011011101100 !
b101011011011101100 0
1$
#2375000000
r2778.515625 ,
r2779.6875 -
b100101000100 +
1%
0$
#2375500000
b101011011100110111 !
b101011011100110111 0
1$
#2376000000
r2779.6875 ,
r2780.859375 -
b100101000101 +
1%
0$
#2376500000
b101011011110000010 !
b101011011110000010 0
1$
#2377000000
r2780.859375 ,
r2782.03125 -
b100101000110 +
1%
0$
#2377500000
b101011011111001101 !
b101011011111001101 0
1$
#2378000000
r2782.03125 ,
r2783.203125 -
b100101000111 +
1%
0$
#2378500000
b101011100000011000 !
b101011100000011000 0
1$
#2379000000
r2783.203125 ,
r2784.375 -
b100101001000 +
1%
0$
#2379500000
b101011100001100011 !
b101011100001100011 0
1$
#2380000000
r2784.375 ,
r2785.546875 -
b100101001001 +
1%
0$
#2380500000
b101011100010101110 !
b101011100010101110 0
1$
#2381000000
r2785.546875 ,
r2786.71875 -
b100101001010 +
1%
0$
#2381500000
b101011100011111001 !
b101011100011111001 0
1$
#2382000000
r2786.71875 ,
r2787.890625 -
b100101001011 +
1%
0$
#2382500000
b101011100101000100 !
b101011100101000100 0
1$
#2383000000
r2787.890625 ,
r2789.0625 -
b100101001100 +
1%
0$
#2383500000
b101011100110001111 !
b101011100110001111 0
1$
#2384000000
r2789.0625 ,
r2790.234375 -
b100101001101 +
1%
0$
#2384500000
b101011100111011010 !
b101011100111011010 0
1$
#2385000000
r2790.234375 ,
r2791.40625 -
b100101001110 +
1%
0$
#2385500000
b101011101000100101 !
b101011101000100101 0
1$
#2386000000
r2791.40625 ,
r2792.578125 -
b100101001111 +
1%
0$
#2386500000
b101011101001110000 !
b101011101001110000 0
1$
#2387000000
r2792.578125 ,
r2793.75 -
b100101010000 +
1%
0$
#2387500000
b101011101010111011 !
b101011101010111011 0
1$
#2388000000
r2793.75 ,
r2794.921875 -
b100101010001 +
1%
0$
#2388500000
b101011101100000110 !
b101011101100000110 0
1$
#2389000000
r2794.921875 ,
r2796.09375 -
b100101010010 +
1%
0$
#2389500000
b101011101101010001 !
b101011101101010001 0
1$
#2390000000
r2796.09375 ,
r2797.265625 -
b100101010011 +
1%
0$
#2390500000
b101011101110011100 !
b101011101110011100 0
1$
#2391000000
r2797.265625 ,
r2798.4375 -
b100101010100 +
1%
0$
#2391500000
b101011101111100111 !
b101011101111100111 0
1$
#2392000000
r2798.4375 ,
r2799.609375 -
b100101010101 +
1%
0$
#2392500000
b101011110000110010 !
b101011110000110010 0
1$
#2393000000
r2799.609375 ,
r2800.78125 -
b100101010110 +
1%
0$
#2393500000
b101011110001111101 !
b101011110001111101 0
1$
#2394000000
r2800.78125 ,
r2801.953125 -
b100101010111 +
1%
0$
#2394500000
b101011110011001000 !
b101011110011001000 0
1$
#2395000000
r2801.953125 ,
r2803.125 -
b100101011000 +
1%
0$
#2395500000
b101011110100010011 !
b101011110100010011 0
1$
#2396000000
r2803.125 ,
r2804.296875 -
b100101011001 +
1%
0$
#2396500000
b101011110101011110 !
b101011110101011110 0
1$
#2397000000
r2804.296875 ,
r2805.46875 -
b100101011010 +
1%
0$
#2397500000
b101011110110101001 !
b101011110110101001 0
1$
#2398000000
r2805.46875 ,
r2806.640625 -
b100101011011 +
1%
0$
#2398500000
b101011110111110100 !
b101011110111110100 0
1$
#2399000000
r2806.640625 ,
r2807.8125 -
b100101011100 +
1%
0$
#2399500000
b101011111000111111 !
b101011111000111111 0
1$
#2400000000
r2807.8125 ,
r2808.984375 -
b100101011101 +
1%
0$
#2400500000
b101011111010001010 !
b101011111010001010 0
1$
#2401000000
r2808.984375 ,
r2810.15625 -
b100101011110 +
1%
0$
#2401500000
b101011111011010101 !
b101011111011010101 0
1$
#2402000000
r2810.15625 ,
r2811.328125 -
b100101011111 +
1%
0$
#2402500000
b101011111100100000 !
b101011111100100000 0
1$
#2403000000
r2811.328125 ,
r2812.5 -
b100101100001 +
0%
0$
