VCD info: dumpfile aux_rx_adc.vcd opened for output.
=======================================================================================================
 Vin(mV) | Prev output(mV) | Fixed(mV) |   Vout(mV)   | Code(dec) | Code(11-bit bin) | Code(hex) | OVF
=======================================================================================================
     0   |      0.000000   | 0.000000  |    0.000000  |      0    |   00000000000    |    000    |  NO
     1   |      0.000000   | 1.171875  |    1.171875  |      1    |   00000000001    |    001    |  NO
     2   |      1.171875   | 1.171875  |    2.343750  |      2    |   00000000010    |    002    |  NO
     3   |      2.343750   | 1.171875  |    3.515625  |      3    |   00000000011    |    003    |  NO
     4   |      3.515625   | 1.171875  |    4.687500  |      4    |   00000000100    |    004    |  NO
     5   |      4.687500   | 1.171875  |    5.859375  |      5    |   00000000101    |    005    |  NO
     6   |      5.859375   | 1.171875  |    7.031250  |      6    |   00000000110    |    006    |  NO
     7   |      7.031250   | 1.171875  |    8.203125  |      7    |   00000000111    |    007    |  NO
     8   |      8.203125   | 1.171875  |    9.375000  |      8    |   00000001000    |    008    |  NO
     9   |      9.375000   | 1.171875  |   10.546875  |      9    |   00000001001    |    009    |  NO
    10   |     10.546875   | 1.171875  |   11.718750  |     10    |   00000001010    |    00a    |  NO
    11   |     11.718750   | 1.171875  |   12.890625  |     11    |   00000001011    |    00b    |  NO
    12   |     12.890625   | 1.171875  |   14.062500  |     12    |   00000001100    |    00c    |  NO
    13   |     14.062500   | 1.171875  |   15.234375  |     13    |   00000001101    |    00d    |  NO
    14   |     15.234375   | 1.171875  |   16.406250  |     14    |   00000001110    |    00e    |  NO
    15   |     16.406250   | 1.171875  |   17.578125  |     15    |   00000001111    |    00f    |  NO
    16   |     17.578125   | 1.171875  |   18.750000  |     16    |   00000010000    |    010    |  NO
    17   |     18.750000   | 1.171875  |   19.921875  |     17    |   00000010001    |    011    |  NO
    18   |     19.921875   | 1.171875  |   21.093750  |     18    |   00000010010    |    012    |  NO
    19   |     21.093750   | 1.171875  |   22.265625  |     19    |   00000010011    |    013    |  NO
    20   |     22.265625   | 1.171875  |   23.437500  |     20    |   00000010100    |    014    |  NO
    21   |     23.437500   | 1.171875  |   24.609375  |     21    |   00000010101    |    015    |  NO
    22   |     24.609375   | 1.171875  |   25.781250  |     22    |   00000010110    |    016    |  NO
    23   |     25.781250   | 1.171875  |   26.953125  |     23    |   00000010111    |    017    |  NO
    24   |     26.953125   | 1.171875  |   28.125000  |     24    |   00000011000    |    018    |  NO
    25   |     28.125000   | 1.171875  |   29.296875  |     25    |   00000011001    |    019    |  NO
    26   |     29.296875   | 1.171875  |   30.468750  |     26    |   00000011010    |    01a    |  NO
    27   |     30.468750   | 1.171875  |   31.640625  |     27    |   00000011011    |    01b    |  NO
    28   |     31.640625   | 1.171875  |   32.812500  |     28    |   00000011100    |    01c    |  NO
    29   |     32.812500   | 1.171875  |   33.984375  |     29    |   00000011101    |    01d    |  NO
    30   |     33.984375   | 1.171875  |   35.156250  |     30    |   00000011110    |    01e    |  NO
    31   |     35.156250   | 1.171875  |   36.328125  |     31    |   00000011111    |    01f    |  NO
    32   |     36.328125   | 1.171875  |   37.500000  |     32    |   00000100000    |    020    |  NO
    33   |     37.500000   | 1.171875  |   38.671875  |     33    |   00000100001    |    021    |  NO
    34   |     38.671875   | 1.171875  |   39.843750  |     34    |   00000100010    |    022    |  NO
    35   |     39.843750   | 1.171875  |   41.015625  |     35    |   00000100011    |    023    |  NO
    36   |     41.015625   | 1.171875  |   42.187500  |     36    |   00000100100    |    024    |  NO
    37   |     42.187500   | 1.171875  |   43.359375  |     37    |   00000100101    |    025    |  NO
    38   |     43.359375   | 1.171875  |   44.531250  |     38    |   00000100110    |    026    |  NO
    39   |     44.531250   | 1.171875  |   45.703125  |     39    |   00000100111    |    027    |  NO
    40   |     45.703125   | 1.171875  |   46.875000  |     40    |   00000101000    |    028    |  NO
    41   |     46.875000   | 1.171875  |   48.046875  |     41    |   00000101001    |    029    |  NO
    42   |     48.046875   | 1.171875  |   49.218750  |     42    |   00000101010    |    02a    |  NO
    43   |     49.218750   | 1.171875  |   50.390625  |     43    |   00000101011    |    02b    |  NO
    44   |     50.390625   | 1.171875  |   51.562500  |     44    |   00000101100    |    02c    |  NO
    45   |     51.562500   | 1.171875  |   52.734375  |     45    |   00000101101    |    02d    |  NO
    46   |     52.734375   | 1.171875  |   53.906250  |     46    |   00000101110    |    02e    |  NO
    47   |     53.906250   | 1.171875  |   55.078125  |     47    |   00000101111    |    02f    |  NO
    48   |     55.078125   | 1.171875  |   56.250000  |     48    |   00000110000    |    030    |  NO
    49   |     56.250000   | 1.171875  |   57.421875  |     49    |   00000110001    |    031    |  NO
    50   |     57.421875   | 1.171875  |   58.593750  |     50    |   00000110010    |    032    |  NO
    51   |     58.593750   | 1.171875  |   59.765625  |     51    |   00000110011    |    033    |  NO
    52   |     59.765625   | 1.171875  |   60.937500  |     52    |   00000110100    |    034    |  NO
    53   |     60.937500   | 1.171875  |   62.109375  |     53    |   00000110101    |    035    |  NO
    54   |     62.109375   | 1.171875  |   63.281250  |     54    |   00000110110    |    036    |  NO
    55   |     63.281250   | 1.171875  |   64.453125  |     55    |   00000110111    |    037    |  NO
    56   |     64.453125   | 1.171875  |   65.625000  |     56    |   00000111000    |    038    |  NO
    57   |     65.625000   | 1.171875  |   66.796875  |     57    |   00000111001    |    039    |  NO
    58   |     66.796875   | 1.171875  |   67.968750  |     58    |   00000111010    |    03a    |  NO
    59   |     67.968750   | 1.171875  |   69.140625  |     59    |   00000111011    |    03b    |  NO
    60   |     69.140625   | 1.171875  |   70.312500  |     60    |   00000111100    |    03c    |  NO
    61   |     70.312500   | 1.171875  |   71.484375  |     61    |   00000111101    |    03d    |  NO
    62   |     71.484375   | 1.171875  |   72.656250  |     62    |   00000111110    |    03e    |  NO
    63   |     72.656250   | 1.171875  |   73.828125  |     63    |   00000111111    |    03f    |  NO
    64   |     73.828125   | 1.171875  |   75.000000  |     64    |   00001000000    |    040    |  NO
    65   |     75.000000   | 1.171875  |   76.171875  |     65    |   00001000001    |    041    |  NO
    66   |     76.171875   | 1.171875  |   77.343750  |     66    |   00001000010    |    042    |  NO
    67   |     77.343750   | 1.171875  |   78.515625  |     67    |   00001000011    |    043    |  NO
    68   |     78.515625   | 1.171875  |   79.687500  |     68    |   00001000100    |    044    |  NO
    69   |     79.687500   | 1.171875  |   80.859375  |     69    |   00001000101    |    045    |  NO
    70   |     80.859375   | 1.171875  |   82.031250  |     70    |   00001000110    |    046    |  NO
    71   |     82.031250   | 1.171875  |   83.203125  |     71    |   00001000111    |    047    |  NO
    72   |     83.203125   | 1.171875  |   84.375000  |     72    |   00001001000    |    048    |  NO
    73   |     84.375000   | 1.171875  |   85.546875  |     73    |   00001001001    |    049    |  NO
    74   |     85.546875   | 1.171875  |   86.718750  |     74    |   00001001010    |    04a    |  NO
    75   |     86.718750   | 1.171875  |   87.890625  |     75    |   00001001011    |    04b    |  NO
    76   |     87.890625   | 1.171875  |   89.062500  |     76    |   00001001100    |    04c    |  NO
    77   |     89.062500   | 1.171875  |   90.234375  |     77    |   00001001101    |    04d    |  NO
    78   |     90.234375   | 1.171875  |   91.406250  |     78    |   00001001110    |    04e    |  NO
    79   |     91.406250   | 1.171875  |   92.578125  |     79    |   00001001111    |    04f    |  NO
    80   |     92.578125   | 1.171875  |   93.750000  |     80    |   00001010000    |    050    |  NO
    81   |     93.750000   | 1.171875  |   94.921875  |     81    |   00001010001    |    051    |  NO
    82   |     94.921875   | 1.171875  |   96.093750  |     82    |   00001010010    |    052    |  NO
    83   |     96.093750   | 1.171875  |   97.265625  |     83    |   00001010011    |    053    |  NO
    84   |     97.265625   | 1.171875  |   98.437500  |     84    |   00001010100    |    054    |  NO
    85   |     98.437500   | 1.171875  |   99.609375  |     85    |   00001010101    |    055    |  NO
    86   |     99.609375   | 1.171875  |  100.781250  |     86    |   00001010110    |    056    |  NO
    87   |    100.781250   | 1.171875  |  101.953125  |     87    |   00001010111    |    057    |  NO
    88   |    101.953125   | 1.171875  |  103.125000  |     88    |   00001011000    |    058    |  NO
    89   |    103.125000   | 1.171875  |  104.296875  |     89    |   00001011001    |    059    |  NO
    90   |    104.296875   | 1.171875  |  105.468750  |     90    |   00001011010    |    05a    |  NO
    91   |    105.468750   | 1.171875  |  106.640625  |     91    |   00001011011    |    05b    |  NO
    92   |    106.640625   | 1.171875  |  107.812500  |     92    |   00001011100    |    05c    |  NO
    93   |    107.812500   | 1.171875  |  108.984375  |     93    |   00001011101    |    05d    |  NO
    94   |    108.984375   | 1.171875  |  110.156250  |     94    |   00001011110    |    05e    |  NO
    95   |    110.156250   | 1.171875  |  111.328125  |     95    |   00001011111    |    05f    |  NO
    96   |    111.328125   | 1.171875  |  112.500000  |     96    |   00001100000    |    060    |  NO
    97   |    112.500000   | 1.171875  |  113.671875  |     97    |   00001100001    |    061    |  NO
    98   |    113.671875   | 1.171875  |  114.843750  |     98    |   00001100010    |    062    |  NO
    99   |    114.843750   | 1.171875  |  116.015625  |     99    |   00001100011    |    063    |  NO
   100   |    116.015625   | 1.171875  |  117.187500  |    100    |   00001100100    |    064    |  NO
   101   |    117.187500   | 1.171875  |  118.359375  |    101    |   00001100101    |    065    |  NO
   102   |    118.359375   | 1.171875  |  119.531250  |    102    |   00001100110    |    066    |  NO
   103   |    119.531250   | 1.171875  |  120.703125  |    103    |   00001100111    |    067    |  NO
   104   |    120.703125   | 1.171875  |  121.875000  |    104    |   00001101000    |    068    |  NO
   105   |    121.875000   | 1.171875  |  123.046875  |    105    |   00001101001    |    069    |  NO
   106   |    123.046875   | 1.171875  |  124.218750  |    106    |   00001101010    |    06a    |  NO
   107   |    124.218750   | 1.171875  |  125.390625  |    107    |   00001101011    |    06b    |  NO
   108   |    125.390625   | 1.171875  |  126.562500  |    108    |   00001101100    |    06c    |  NO
   109   |    126.562500   | 1.171875  |  127.734375  |    109    |   00001101101    |    06d    |  NO
   110   |    127.734375   | 1.171875  |  128.906250  |    110    |   00001101110    |    06e    |  NO
   111   |    128.906250   | 1.171875  |  130.078125  |    111    |   00001101111    |    06f    |  NO
   112   |    130.078125   | 1.171875  |  131.250000  |    112    |   00001110000    |    070    |  NO
   113   |    131.250000   | 1.171875  |  132.421875  |    113    |   00001110001    |    071    |  NO
   114   |    132.421875   | 1.171875  |  133.593750  |    114    |   00001110010    |    072    |  NO
   115   |    133.593750   | 1.171875  |  134.765625  |    115    |   00001110011    |    073    |  NO
   116   |    134.765625   | 1.171875  |  135.937500  |    116    |   00001110100    |    074    |  NO
   117   |    135.937500   | 1.171875  |  137.109375  |    117    |   00001110101    |    075    |  NO
   118   |    137.109375   | 1.171875  |  138.281250  |    118    |   00001110110    |    076    |  NO
   119   |    138.281250   | 1.171875  |  139.453125  |    119    |   00001110111    |    077    |  NO
   120   |    139.453125   | 1.171875  |  140.625000  |    120    |   00001111000    |    078    |  NO
   121   |    140.625000   | 1.171875  |  141.796875  |    121    |   00001111001    |    079    |  NO
   122   |    141.796875   | 1.171875  |  142.968750  |    122    |   00001111010    |    07a    |  NO
   123   |    142.968750   | 1.171875  |  144.140625  |    123    |   00001111011    |    07b    |  NO
   124   |    144.140625   | 1.171875  |  145.312500  |    124    |   00001111100    |    07c    |  NO
   125   |    145.312500   | 1.171875  |  146.484375  |    125    |   00001111101    |    07d    |  NO
   126   |    146.484375   | 1.171875  |  147.656250  |    126    |   00001111110    |    07e    |  NO
   127   |    147.656250   | 1.171875  |  148.828125  |    127    |   00001111111    |    07f    |  NO
   128   |    148.828125   | 1.171875  |  150.000000  |    128    |   00010000000    |    080    |  NO
   129   |    150.000000   | 1.171875  |  151.171875  |    129    |   00010000001    |    081    |  NO
   130   |    151.171875   | 1.171875  |  152.343750  |    130    |   00010000010    |    082    |  NO
   131   |    152.343750   | 1.171875  |  153.515625  |    131    |   00010000011    |    083    |  NO
   132   |    153.515625   | 1.171875  |  154.687500  |    132    |   00010000100    |    084    |  NO
   133   |    154.687500   | 1.171875  |  155.859375  |    133    |   00010000101    |    085    |  NO
   134   |    155.859375   | 1.171875  |  157.031250  |    134    |   00010000110    |    086    |  NO
   135   |    157.031250   | 1.171875  |  158.203125  |    135    |   00010000111    |    087    |  NO
   136   |    158.203125   | 1.171875  |  159.375000  |    136    |   00010001000    |    088    |  NO
   137   |    159.375000   | 1.171875  |  160.546875  |    137    |   00010001001    |    089    |  NO
   138   |    160.546875   | 1.171875  |  161.718750  |    138    |   00010001010    |    08a    |  NO
   139   |    161.718750   | 1.171875  |  162.890625  |    139    |   00010001011    |    08b    |  NO
   140   |    162.890625   | 1.171875  |  164.062500  |    140    |   00010001100    |    08c    |  NO
   141   |    164.062500   | 1.171875  |  165.234375  |    141    |   00010001101    |    08d    |  NO
   142   |    165.234375   | 1.171875  |  166.406250  |    142    |   00010001110    |    08e    |  NO
   143   |    166.406250   | 1.171875  |  167.578125  |    143    |   00010001111    |    08f    |  NO
   144   |    167.578125   | 1.171875  |  168.750000  |    144    |   00010010000    |    090    |  NO
   145   |    168.750000   | 1.171875  |  169.921875  |    145    |   00010010001    |    091    |  NO
   146   |    169.921875   | 1.171875  |  171.093750  |    146    |   00010010010    |    092    |  NO
   147   |    171.093750   | 1.171875  |  172.265625  |    147    |   00010010011    |    093    |  NO
   148   |    172.265625   | 1.171875  |  173.437500  |    148    |   00010010100    |    094    |  NO
   149   |    173.437500   | 1.171875  |  174.609375  |    149    |   00010010101    |    095    |  NO
   150   |    174.609375   | 1.171875  |  175.781250  |    150    |   00010010110    |    096    |  NO
   151   |    175.781250   | 1.171875  |  176.953125  |    151    |   00010010111    |    097    |  NO
   152   |    176.953125   | 1.171875  |  178.125000  |    152    |   00010011000    |    098    |  NO
   153   |    178.125000   | 1.171875  |  179.296875  |    153    |   00010011001    |    099    |  NO
   154   |    179.296875   | 1.171875  |  180.468750  |    154    |   00010011010    |    09a    |  NO
   155   |    180.468750   | 1.171875  |  181.640625  |    155    |   00010011011    |    09b    |  NO
   156   |    181.640625   | 1.171875  |  182.812500  |    156    |   00010011100    |    09c    |  NO
   157   |    182.812500   | 1.171875  |  183.984375  |    157    |   00010011101    |    09d    |  NO
   158   |    183.984375   | 1.171875  |  185.156250  |    158    |   00010011110    |    09e    |  NO
   159   |    185.156250   | 1.171875  |  186.328125  |    159    |   00010011111    |    09f    |  NO
   160   |    186.328125   | 1.171875  |  187.500000  |    160    |   00010100000    |    0a0    |  NO
   161   |    187.500000   | 1.171875  |  188.671875  |    161    |   00010100001    |    0a1    |  NO
   162   |    188.671875   | 1.171875  |  189.843750  |    162    |   00010100010    |    0a2    |  NO
   163   |    189.843750   | 1.171875  |  191.015625  |    163    |   00010100011    |    0a3    |  NO
   164   |    191.015625   | 1.171875  |  192.187500  |    164    |   00010100100    |    0a4    |  NO
   165   |    192.187500   | 1.171875  |  193.359375  |    165    |   00010100101    |    0a5    |  NO
   166   |    193.359375   | 1.171875  |  194.531250  |    166    |   00010100110    |    0a6    |  NO
   167   |    194.531250   | 1.171875  |  195.703125  |    167    |   00010100111    |    0a7    |  NO
   168   |    195.703125   | 1.171875  |  196.875000  |    168    |   00010101000    |    0a8    |  NO
   169   |    196.875000   | 1.171875  |  198.046875  |    169    |   00010101001    |    0a9    |  NO
   170   |    198.046875   | 1.171875  |  199.218750  |    170    |   00010101010    |    0aa    |  NO
   171   |    199.218750   | 1.171875  |  200.390625  |    171    |   00010101011    |    0ab    |  NO
   172   |    200.390625   | 1.171875  |  201.562500  |    172    |   00010101100    |    0ac    |  NO
   173   |    201.562500   | 1.171875  |  202.734375  |    173    |   00010101101    |    0ad    |  NO
   174   |    202.734375   | 1.171875  |  203.906250  |    174    |   00010101110    |    0ae    |  NO
   175   |    203.906250   | 1.171875  |  205.078125  |    175    |   00010101111    |    0af    |  NO
   176   |    205.078125   | 1.171875  |  206.250000  |    176    |   00010110000    |    0b0    |  NO
   177   |    206.250000   | 1.171875  |  207.421875  |    177    |   00010110001    |    0b1    |  NO
   178   |    207.421875   | 1.171875  |  208.593750  |    178    |   00010110010    |    0b2    |  NO
   179   |    208.593750   | 1.171875  |  209.765625  |    179    |   00010110011    |    0b3    |  NO
   180   |    209.765625   | 1.171875  |  210.937500  |    180    |   00010110100    |    0b4    |  NO
   181   |    210.937500   | 1.171875  |  212.109375  |    181    |   00010110101    |    0b5    |  NO
   182   |    212.109375   | 1.171875  |  213.281250  |    182    |   00010110110    |    0b6    |  NO
   183   |    213.281250   | 1.171875  |  214.453125  |    183    |   00010110111    |    0b7    |  NO
   184   |    214.453125   | 1.171875  |  215.625000  |    184    |   00010111000    |    0b8    |  NO
   185   |    215.625000   | 1.171875  |  216.796875  |    185    |   00010111001    |    0b9    |  NO
   186   |    216.796875   | 1.171875  |  217.968750  |    186    |   00010111010    |    0ba    |  NO
   187   |    217.968750   | 1.171875  |  219.140625  |    187    |   00010111011    |    0bb    |  NO
   188   |    219.140625   | 1.171875  |  220.312500  |    188    |   00010111100    |    0bc    |  NO
   189   |    220.312500   | 1.171875  |  221.484375  |    189    |   00010111101    |    0bd    |  NO
   190   |    221.484375   | 1.171875  |  222.656250  |    190    |   00010111110    |    0be    |  NO
   191   |    222.656250   | 1.171875  |  223.828125  |    191    |   00010111111    |    0bf    |  NO
   192   |    223.828125   | 1.171875  |  225.000000  |    192    |   00011000000    |    0c0    |  NO
   193   |    225.000000   | 1.171875  |  226.171875  |    193    |   00011000001    |    0c1    |  NO
   194   |    226.171875   | 1.171875  |  227.343750  |    194    |   00011000010    |    0c2    |  NO
   195   |    227.343750   | 1.171875  |  228.515625  |    195    |   00011000011    |    0c3    |  NO
   196   |    228.515625   | 1.171875  |  229.687500  |    196    |   00011000100    |    0c4    |  NO
   197   |    229.687500   | 1.171875  |  230.859375  |    197    |   00011000101    |    0c5    |  NO
   198   |    230.859375   | 1.171875  |  232.031250  |    198    |   00011000110    |    0c6    |  NO
   199   |    232.031250   | 1.171875  |  233.203125  |    199    |   00011000111    |    0c7    |  NO
   200   |    233.203125   | 1.171875  |  234.375000  |    200    |   00011001000    |    0c8    |  NO
   201   |    234.375000   | 1.171875  |  235.546875  |    201    |   00011001001    |    0c9    |  NO
   202   |    235.546875   | 1.171875  |  236.718750  |    202    |   00011001010    |    0ca    |  NO
   203   |    236.718750   | 1.171875  |  237.890625  |    203    |   00011001011    |    0cb    |  NO
   204   |    237.890625   | 1.171875  |  239.062500  |    204    |   00011001100    |    0cc    |  NO
   205   |    239.062500   | 1.171875  |  240.234375  |    205    |   00011001101    |    0cd    |  NO
   206   |    240.234375   | 1.171875  |  241.406250  |    206    |   00011001110    |    0ce    |  NO
   207   |    241.406250   | 1.171875  |  242.578125  |    207    |   00011001111    |    0cf    |  NO
   208   |    242.578125   | 1.171875  |  243.750000  |    208    |   00011010000    |    0d0    |  NO
   209   |    243.750000   | 1.171875  |  244.921875  |    209    |   00011010001    |    0d1    |  NO
   210   |    244.921875   | 1.171875  |  246.093750  |    210    |   00011010010    |    0d2    |  NO
   211   |    246.093750   | 1.171875  |  247.265625  |    211    |   00011010011    |    0d3    |  NO
   212   |    247.265625   | 1.171875  |  248.437500  |    212    |   00011010100    |    0d4    |  NO
   213   |    248.437500   | 1.171875  |  249.609375  |    213    |   00011010101    |    0d5    |  NO
   214   |    249.609375   | 1.171875  |  250.781250  |    214    |   00011010110    |    0d6    |  NO
   215   |    250.781250   | 1.171875  |  251.953125  |    215    |   00011010111    |    0d7    |  NO
   216   |    251.953125   | 1.171875  |  253.125000  |    216    |   00011011000    |    0d8    |  NO
   217   |    253.125000   | 1.171875  |  254.296875  |    217    |   00011011001    |    0d9    |  NO
   218   |    254.296875   | 1.171875  |  255.468750  |    218    |   00011011010    |    0da    |  NO
   219   |    255.468750   | 1.171875  |  256.640625  |    219    |   00011011011    |    0db    |  NO
   220   |    256.640625   | 1.171875  |  257.812500  |    220    |   00011011100    |    0dc    |  NO
   221   |    257.812500   | 1.171875  |  258.984375  |    221    |   00011011101    |    0dd    |  NO
   222   |    258.984375   | 1.171875  |  260.156250  |    222    |   00011011110    |    0de    |  NO
   223   |    260.156250   | 1.171875  |  261.328125  |    223    |   00011011111    |    0df    |  NO
   224   |    261.328125   | 1.171875  |  262.500000  |    224    |   00011100000    |    0e0    |  NO
   225   |    262.500000   | 1.171875  |  263.671875  |    225    |   00011100001    |    0e1    |  NO
   226   |    263.671875   | 1.171875  |  264.843750  |    226    |   00011100010    |    0e2    |  NO
   227   |    264.843750   | 1.171875  |  266.015625  |    227    |   00011100011    |    0e3    |  NO
   228   |    266.015625   | 1.171875  |  267.187500  |    228    |   00011100100    |    0e4    |  NO
   229   |    267.187500   | 1.171875  |  268.359375  |    229    |   00011100101    |    0e5    |  NO
   230   |    268.359375   | 1.171875  |  269.531250  |    230    |   00011100110    |    0e6    |  NO
   231   |    269.531250   | 1.171875  |  270.703125  |    231    |   00011100111    |    0e7    |  NO
   232   |    270.703125   | 1.171875  |  271.875000  |    232    |   00011101000    |    0e8    |  NO
   233   |    271.875000   | 1.171875  |  273.046875  |    233    |   00011101001    |    0e9    |  NO
   234   |    273.046875   | 1.171875  |  274.218750  |    234    |   00011101010    |    0ea    |  NO
   235   |    274.218750   | 1.171875  |  275.390625  |    235    |   00011101011    |    0eb    |  NO
   236   |    275.390625   | 1.171875  |  276.562500  |    236    |   00011101100    |    0ec    |  NO
   237   |    276.562500   | 1.171875  |  277.734375  |    237    |   00011101101    |    0ed    |  NO
   238   |    277.734375   | 1.171875  |  278.906250  |    238    |   00011101110    |    0ee    |  NO
   239   |    278.906250   | 1.171875  |  280.078125  |    239    |   00011101111    |    0ef    |  NO
   240   |    280.078125   | 1.171875  |  281.250000  |    240    |   00011110000    |    0f0    |  NO
   241   |    281.250000   | 1.171875  |  282.421875  |    241    |   00011110001    |    0f1    |  NO
   242   |    282.421875   | 1.171875  |  283.593750  |    242    |   00011110010    |    0f2    |  NO
   243   |    283.593750   | 1.171875  |  284.765625  |    243    |   00011110011    |    0f3    |  NO
   244   |    284.765625   | 1.171875  |  285.937500  |    244    |   00011110100    |    0f4    |  NO
   245   |    285.937500   | 1.171875  |  287.109375  |    245    |   00011110101    |    0f5    |  NO
   246   |    287.109375   | 1.171875  |  288.281250  |    246    |   00011110110    |    0f6    |  NO
   247   |    288.281250   | 1.171875  |  289.453125  |    247    |   00011110111    |    0f7    |  NO
   248   |    289.453125   | 1.171875  |  290.625000  |    248    |   00011111000    |    0f8    |  NO
   249   |    290.625000   | 1.171875  |  291.796875  |    249    |   00011111001    |    0f9    |  NO
   250   |    291.796875   | 1.171875  |  292.968750  |    250    |   00011111010    |    0fa    |  NO
   251   |    292.968750   | 1.171875  |  294.140625  |    251    |   00011111011    |    0fb    |  NO
   252   |    294.140625   | 1.171875  |  295.312500  |    252    |   00011111100    |    0fc    |  NO
   253   |    295.312500   | 1.171875  |  296.484375  |    253    |   00011111101    |    0fd    |  NO
   254   |    296.484375   | 1.171875  |  297.656250  |    254    |   00011111110    |    0fe    |  NO
   255   |    297.656250   | 1.171875  |  298.828125  |    255    |   00011111111    |    0ff    |  NO
   256   |    298.828125   | 1.171875  |  300.000000  |    256    |   00100000000    |    100    |  NO
   257   |    300.000000   | 1.171875  |  301.171875  |    257    |   00100000001    |    101    |  NO
   258   |    301.171875   | 1.171875  |  302.343750  |    258    |   00100000010    |    102    |  NO
   259   |    302.343750   | 1.171875  |  303.515625  |    259    |   00100000011    |    103    |  NO
   260   |    303.515625   | 1.171875  |  304.687500  |    260    |   00100000100    |    104    |  NO
   261   |    304.687500   | 1.171875  |  305.859375  |    261    |   00100000101    |    105    |  NO
   262   |    305.859375   | 1.171875  |  307.031250  |    262    |   00100000110    |    106    |  NO
   263   |    307.031250   | 1.171875  |  308.203125  |    263    |   00100000111    |    107    |  NO
   264   |    308.203125   | 1.171875  |  309.375000  |    264    |   00100001000    |    108    |  NO
   265   |    309.375000   | 1.171875  |  310.546875  |    265    |   00100001001    |    109    |  NO
   266   |    310.546875   | 1.171875  |  311.718750  |    266    |   00100001010    |    10a    |  NO
   267   |    311.718750   | 1.171875  |  312.890625  |    267    |   00100001011    |    10b    |  NO
   268   |    312.890625   | 1.171875  |  314.062500  |    268    |   00100001100    |    10c    |  NO
   269   |    314.062500   | 1.171875  |  315.234375  |    269    |   00100001101    |    10d    |  NO
   270   |    315.234375   | 1.171875  |  316.406250  |    270    |   00100001110    |    10e    |  NO
   271   |    316.406250   | 1.171875  |  317.578125  |    271    |   00100001111    |    10f    |  NO
   272   |    317.578125   | 1.171875  |  318.750000  |    272    |   00100010000    |    110    |  NO
   273   |    318.750000   | 1.171875  |  319.921875  |    273    |   00100010001    |    111    |  NO
   274   |    319.921875   | 1.171875  |  321.093750  |    274    |   00100010010    |    112    |  NO
   275   |    321.093750   | 1.171875  |  322.265625  |    275    |   00100010011    |    113    |  NO
   276   |    322.265625   | 1.171875  |  323.437500  |    276    |   00100010100    |    114    |  NO
   277   |    323.437500   | 1.171875  |  324.609375  |    277    |   00100010101    |    115    |  NO
   278   |    324.609375   | 1.171875  |  325.781250  |    278    |   00100010110    |    116    |  NO
   279   |    325.781250   | 1.171875  |  326.953125  |    279    |   00100010111    |    117    |  NO
   280   |    326.953125   | 1.171875  |  328.125000  |    280    |   00100011000    |    118    |  NO
   281   |    328.125000   | 1.171875  |  329.296875  |    281    |   00100011001    |    119    |  NO
   282   |    329.296875   | 1.171875  |  330.468750  |    282    |   00100011010    |    11a    |  NO
   283   |    330.468750   | 1.171875  |  331.640625  |    283    |   00100011011    |    11b    |  NO
   284   |    331.640625   | 1.171875  |  332.812500  |    284    |   00100011100    |    11c    |  NO
   285   |    332.812500   | 1.171875  |  333.984375  |    285    |   00100011101    |    11d    |  NO
   286   |    333.984375   | 1.171875  |  335.156250  |    286    |   00100011110    |    11e    |  NO
   287   |    335.156250   | 1.171875  |  336.328125  |    287    |   00100011111    |    11f    |  NO
   288   |    336.328125   | 1.171875  |  337.500000  |    288    |   00100100000    |    120    |  NO
   289   |    337.500000   | 1.171875  |  338.671875  |    289    |   00100100001    |    121    |  NO
   290   |    338.671875   | 1.171875  |  339.843750  |    290    |   00100100010    |    122    |  NO
   291   |    339.843750   | 1.171875  |  341.015625  |    291    |   00100100011    |    123    |  NO
   292   |    341.015625   | 1.171875  |  342.187500  |    292    |   00100100100    |    124    |  NO
   293   |    342.187500   | 1.171875  |  343.359375  |    293    |   00100100101    |    125    |  NO
   294   |    343.359375   | 1.171875  |  344.531250  |    294    |   00100100110    |    126    |  NO
   295   |    344.531250   | 1.171875  |  345.703125  |    295    |   00100100111    |    127    |  NO
   296   |    345.703125   | 1.171875  |  346.875000  |    296    |   00100101000    |    128    |  NO
   297   |    346.875000   | 1.171875  |  348.046875  |    297    |   00100101001    |    129    |  NO
   298   |    348.046875   | 1.171875  |  349.218750  |    298    |   00100101010    |    12a    |  NO
   299   |    349.218750   | 1.171875  |  350.390625  |    299    |   00100101011    |    12b    |  NO
   300   |    350.390625   | 1.171875  |  351.562500  |    300    |   00100101100    |    12c    |  NO
   301   |    351.562500   | 1.171875  |  352.734375  |    301    |   00100101101    |    12d    |  NO
   302   |    352.734375   | 1.171875  |  353.906250  |    302    |   00100101110    |    12e    |  NO
   303   |    353.906250   | 1.171875  |  355.078125  |    303    |   00100101111    |    12f    |  NO
   304   |    355.078125   | 1.171875  |  356.250000  |    304    |   00100110000    |    130    |  NO
   305   |    356.250000   | 1.171875  |  357.421875  |    305    |   00100110001    |    131    |  NO
   306   |    357.421875   | 1.171875  |  358.593750  |    306    |   00100110010    |    132    |  NO
   307   |    358.593750   | 1.171875  |  359.765625  |    307    |   00100110011    |    133    |  NO
   308   |    359.765625   | 1.171875  |  360.937500  |    308    |   00100110100    |    134    |  NO
   309   |    360.937500   | 1.171875  |  362.109375  |    309    |   00100110101    |    135    |  NO
   310   |    362.109375   | 1.171875  |  363.281250  |    310    |   00100110110    |    136    |  NO
   311   |    363.281250   | 1.171875  |  364.453125  |    311    |   00100110111    |    137    |  NO
   312   |    364.453125   | 1.171875  |  365.625000  |    312    |   00100111000    |    138    |  NO
   313   |    365.625000   | 1.171875  |  366.796875  |    313    |   00100111001    |    139    |  NO
   314   |    366.796875   | 1.171875  |  367.968750  |    314    |   00100111010    |    13a    |  NO
   315   |    367.968750   | 1.171875  |  369.140625  |    315    |   00100111011    |    13b    |  NO
   316   |    369.140625   | 1.171875  |  370.312500  |    316    |   00100111100    |    13c    |  NO
   317   |    370.312500   | 1.171875  |  371.484375  |    317    |   00100111101    |    13d    |  NO
   318   |    371.484375   | 1.171875  |  372.656250  |    318    |   00100111110    |    13e    |  NO
   319   |    372.656250   | 1.171875  |  373.828125  |    319    |   00100111111    |    13f    |  NO
   320   |    373.828125   | 1.171875  |  375.000000  |    320    |   00101000000    |    140    |  NO
   321   |    375.000000   | 1.171875  |  376.171875  |    321    |   00101000001    |    141    |  NO
   322   |    376.171875   | 1.171875  |  377.343750  |    322    |   00101000010    |    142    |  NO
   323   |    377.343750   | 1.171875  |  378.515625  |    323    |   00101000011    |    143    |  NO
   324   |    378.515625   | 1.171875  |  379.687500  |    324    |   00101000100    |    144    |  NO
   325   |    379.687500   | 1.171875  |  380.859375  |    325    |   00101000101    |    145    |  NO
   326   |    380.859375   | 1.171875  |  382.031250  |    326    |   00101000110    |    146    |  NO
   327   |    382.031250   | 1.171875  |  383.203125  |    327    |   00101000111    |    147    |  NO
   328   |    383.203125   | 1.171875  |  384.375000  |    328    |   00101001000    |    148    |  NO
   329   |    384.375000   | 1.171875  |  385.546875  |    329    |   00101001001    |    149    |  NO
   330   |    385.546875   | 1.171875  |  386.718750  |    330    |   00101001010    |    14a    |  NO
   331   |    386.718750   | 1.171875  |  387.890625  |    331    |   00101001011    |    14b    |  NO
   332   |    387.890625   | 1.171875  |  389.062500  |    332    |   00101001100    |    14c    |  NO
   333   |    389.062500   | 1.171875  |  390.234375  |    333    |   00101001101    |    14d    |  NO
   334   |    390.234375   | 1.171875  |  391.406250  |    334    |   00101001110    |    14e    |  NO
   335   |    391.406250   | 1.171875  |  392.578125  |    335    |   00101001111    |    14f    |  NO
   336   |    392.578125   | 1.171875  |  393.750000  |    336    |   00101010000    |    150    |  NO
   337   |    393.750000   | 1.171875  |  394.921875  |    337    |   00101010001    |    151    |  NO
   338   |    394.921875   | 1.171875  |  396.093750  |    338    |   00101010010    |    152    |  NO
   339   |    396.093750   | 1.171875  |  397.265625  |    339    |   00101010011    |    153    |  NO
   340   |    397.265625   | 1.171875  |  398.437500  |    340    |   00101010100    |    154    |  NO
   341   |    398.437500   | 1.171875  |  399.609375  |    341    |   00101010101    |    155    |  NO
   342   |    399.609375   | 1.171875  |  400.781250  |    342    |   00101010110    |    156    |  NO
   343   |    400.781250   | 1.171875  |  401.953125  |    343    |   00101010111    |    157    |  NO
   344   |    401.953125   | 1.171875  |  403.125000  |    344    |   00101011000    |    158    |  NO
   345   |    403.125000   | 1.171875  |  404.296875  |    345    |   00101011001    |    159    |  NO
   346   |    404.296875   | 1.171875  |  405.468750  |    346    |   00101011010    |    15a    |  NO
   347   |    405.468750   | 1.171875  |  406.640625  |    347    |   00101011011    |    15b    |  NO
   348   |    406.640625   | 1.171875  |  407.812500  |    348    |   00101011100    |    15c    |  NO
   349   |    407.812500   | 1.171875  |  408.984375  |    349    |   00101011101    |    15d    |  NO
   350   |    408.984375   | 1.171875  |  410.156250  |    350    |   00101011110    |    15e    |  NO
   351   |    410.156250   | 1.171875  |  411.328125  |    351    |   00101011111    |    15f    |  NO
   352   |    411.328125   | 1.171875  |  412.500000  |    352    |   00101100000    |    160    |  NO
   353   |    412.500000   | 1.171875  |  413.671875  |    353    |   00101100001    |    161    |  NO
   354   |    413.671875   | 1.171875  |  414.843750  |    354    |   00101100010    |    162    |  NO
   355   |    414.843750   | 1.171875  |  416.015625  |    355    |   00101100011    |    163    |  NO
   356   |    416.015625   | 1.171875  |  417.187500  |    356    |   00101100100    |    164    |  NO
   357   |    417.187500   | 1.171875  |  418.359375  |    357    |   00101100101    |    165    |  NO
   358   |    418.359375   | 1.171875  |  419.531250  |    358    |   00101100110    |    166    |  NO
   359   |    419.531250   | 1.171875  |  420.703125  |    359    |   00101100111    |    167    |  NO
   360   |    420.703125   | 1.171875  |  421.875000  |    360    |   00101101000    |    168    |  NO
   361   |    421.875000   | 1.171875  |  423.046875  |    361    |   00101101001    |    169    |  NO
   362   |    423.046875   | 1.171875  |  424.218750  |    362    |   00101101010    |    16a    |  NO
   363   |    424.218750   | 1.171875  |  425.390625  |    363    |   00101101011    |    16b    |  NO
   364   |    425.390625   | 1.171875  |  426.562500  |    364    |   00101101100    |    16c    |  NO
   365   |    426.562500   | 1.171875  |  427.734375  |    365    |   00101101101    |    16d    |  NO
   366   |    427.734375   | 1.171875  |  428.906250  |    366    |   00101101110    |    16e    |  NO
   367   |    428.906250   | 1.171875  |  430.078125  |    367    |   00101101111    |    16f    |  NO
   368   |    430.078125   | 1.171875  |  431.250000  |    368    |   00101110000    |    170    |  NO
   369   |    431.250000   | 1.171875  |  432.421875  |    369    |   00101110001    |    171    |  NO
   370   |    432.421875   | 1.171875  |  433.593750  |    370    |   00101110010    |    172    |  NO
   371   |    433.593750   | 1.171875  |  434.765625  |    371    |   00101110011    |    173    |  NO
   372   |    434.765625   | 1.171875  |  435.937500  |    372    |   00101110100    |    174    |  NO
   373   |    435.937500   | 1.171875  |  437.109375  |    373    |   00101110101    |    175    |  NO
   374   |    437.109375   | 1.171875  |  438.281250  |    374    |   00101110110    |    176    |  NO
   375   |    438.281250   | 1.171875  |  439.453125  |    375    |   00101110111    |    177    |  NO
   376   |    439.453125   | 1.171875  |  440.625000  |    376    |   00101111000    |    178    |  NO
   377   |    440.625000   | 1.171875  |  441.796875  |    377    |   00101111001    |    179    |  NO
   378   |    441.796875   | 1.171875  |  442.968750  |    378    |   00101111010    |    17a    |  NO
   379   |    442.968750   | 1.171875  |  444.140625  |    379    |   00101111011    |    17b    |  NO
   380   |    444.140625   | 1.171875  |  445.312500  |    380    |   00101111100    |    17c    |  NO
   381   |    445.312500   | 1.171875  |  446.484375  |    381    |   00101111101    |    17d    |  NO
   382   |    446.484375   | 1.171875  |  447.656250  |    382    |   00101111110    |    17e    |  NO
   383   |    447.656250   | 1.171875  |  448.828125  |    383    |   00101111111    |    17f    |  NO
   384   |    448.828125   | 1.171875  |  450.000000  |    384    |   00110000000    |    180    |  NO
   385   |    450.000000   | 1.171875  |  451.171875  |    385    |   00110000001    |    181    |  NO
   386   |    451.171875   | 1.171875  |  452.343750  |    386    |   00110000010    |    182    |  NO
   387   |    452.343750   | 1.171875  |  453.515625  |    387    |   00110000011    |    183    |  NO
   388   |    453.515625   | 1.171875  |  454.687500  |    388    |   00110000100    |    184    |  NO
   389   |    454.687500   | 1.171875  |  455.859375  |    389    |   00110000101    |    185    |  NO
   390   |    455.859375   | 1.171875  |  457.031250  |    390    |   00110000110    |    186    |  NO
   391   |    457.031250   | 1.171875  |  458.203125  |    391    |   00110000111    |    187    |  NO
   392   |    458.203125   | 1.171875  |  459.375000  |    392    |   00110001000    |    188    |  NO
   393   |    459.375000   | 1.171875  |  460.546875  |    393    |   00110001001    |    189    |  NO
   394   |    460.546875   | 1.171875  |  461.718750  |    394    |   00110001010    |    18a    |  NO
   395   |    461.718750   | 1.171875  |  462.890625  |    395    |   00110001011    |    18b    |  NO
   396   |    462.890625   | 1.171875  |  464.062500  |    396    |   00110001100    |    18c    |  NO
   397   |    464.062500   | 1.171875  |  465.234375  |    397    |   00110001101    |    18d    |  NO
   398   |    465.234375   | 1.171875  |  466.406250  |    398    |   00110001110    |    18e    |  NO
   399   |    466.406250   | 1.171875  |  467.578125  |    399    |   00110001111    |    18f    |  NO
   400   |    467.578125   | 1.171875  |  468.750000  |    400    |   00110010000    |    190    |  NO
   401   |    468.750000   | 1.171875  |  469.921875  |    401    |   00110010001    |    191    |  NO
   402   |    469.921875   | 1.171875  |  471.093750  |    402    |   00110010010    |    192    |  NO
   403   |    471.093750   | 1.171875  |  472.265625  |    403    |   00110010011    |    193    |  NO
   404   |    472.265625   | 1.171875  |  473.437500  |    404    |   00110010100    |    194    |  NO
   405   |    473.437500   | 1.171875  |  474.609375  |    405    |   00110010101    |    195    |  NO
   406   |    474.609375   | 1.171875  |  475.781250  |    406    |   00110010110    |    196    |  NO
   407   |    475.781250   | 1.171875  |  476.953125  |    407    |   00110010111    |    197    |  NO
   408   |    476.953125   | 1.171875  |  478.125000  |    408    |   00110011000    |    198    |  NO
   409   |    478.125000   | 1.171875  |  479.296875  |    409    |   00110011001    |    199    |  NO
   410   |    479.296875   | 1.171875  |  480.468750  |    410    |   00110011010    |    19a    |  NO
   411   |    480.468750   | 1.171875  |  481.640625  |    411    |   00110011011    |    19b    |  NO
   412   |    481.640625   | 1.171875  |  482.812500  |    412    |   00110011100    |    19c    |  NO
   413   |    482.812500   | 1.171875  |  483.984375  |    413    |   00110011101    |    19d    |  NO
   414   |    483.984375   | 1.171875  |  485.156250  |    414    |   00110011110    |    19e    |  NO
   415   |    485.156250   | 1.171875  |  486.328125  |    415    |   00110011111    |    19f    |  NO
   416   |    486.328125   | 1.171875  |  487.500000  |    416    |   00110100000    |    1a0    |  NO
   417   |    487.500000   | 1.171875  |  488.671875  |    417    |   00110100001    |    1a1    |  NO
   418   |    488.671875   | 1.171875  |  489.843750  |    418    |   00110100010    |    1a2    |  NO
   419   |    489.843750   | 1.171875  |  491.015625  |    419    |   00110100011    |    1a3    |  NO
   420   |    491.015625   | 1.171875  |  492.187500  |    420    |   00110100100    |    1a4    |  NO
   421   |    492.187500   | 1.171875  |  493.359375  |    421    |   00110100101    |    1a5    |  NO
   422   |    493.359375   | 1.171875  |  494.531250  |    422    |   00110100110    |    1a6    |  NO
   423   |    494.531250   | 1.171875  |  495.703125  |    423    |   00110100111    |    1a7    |  NO
   424   |    495.703125   | 1.171875  |  496.875000  |    424    |   00110101000    |    1a8    |  NO
   425   |    496.875000   | 1.171875  |  498.046875  |    425    |   00110101001    |    1a9    |  NO
   426   |    498.046875   | 1.171875  |  499.218750  |    426    |   00110101010    |    1aa    |  NO
   427   |    499.218750   | 1.171875  |  500.390625  |    427    |   00110101011    |    1ab    |  NO
   428   |    500.390625   | 1.171875  |  501.562500  |    428    |   00110101100    |    1ac    |  NO
   429   |    501.562500   | 1.171875  |  502.734375  |    429    |   00110101101    |    1ad    |  NO
   430   |    502.734375   | 1.171875  |  503.906250  |    430    |   00110101110    |    1ae    |  NO
   431   |    503.906250   | 1.171875  |  505.078125  |    431    |   00110101111    |    1af    |  NO
   432   |    505.078125   | 1.171875  |  506.250000  |    432    |   00110110000    |    1b0    |  NO
   433   |    506.250000   | 1.171875  |  507.421875  |    433    |   00110110001    |    1b1    |  NO
   434   |    507.421875   | 1.171875  |  508.593750  |    434    |   00110110010    |    1b2    |  NO
   435   |    508.593750   | 1.171875  |  509.765625  |    435    |   00110110011    |    1b3    |  NO
   436   |    509.765625   | 1.171875  |  510.937500  |    436    |   00110110100    |    1b4    |  NO
   437   |    510.937500   | 1.171875  |  512.109375  |    437    |   00110110101    |    1b5    |  NO
   438   |    512.109375   | 1.171875  |  513.281250  |    438    |   00110110110    |    1b6    |  NO
   439   |    513.281250   | 1.171875  |  514.453125  |    439    |   00110110111    |    1b7    |  NO
   440   |    514.453125   | 1.171875  |  515.625000  |    440    |   00110111000    |    1b8    |  NO
   441   |    515.625000   | 1.171875  |  516.796875  |    441    |   00110111001    |    1b9    |  NO
   442   |    516.796875   | 1.171875  |  517.968750  |    442    |   00110111010    |    1ba    |  NO
   443   |    517.968750   | 1.171875  |  519.140625  |    443    |   00110111011    |    1bb    |  NO
   444   |    519.140625   | 1.171875  |  520.312500  |    444    |   00110111100    |    1bc    |  NO
   445   |    520.312500   | 1.171875  |  521.484375  |    445    |   00110111101    |    1bd    |  NO
   446   |    521.484375   | 1.171875  |  522.656250  |    446    |   00110111110    |    1be    |  NO
   447   |    522.656250   | 1.171875  |  523.828125  |    447    |   00110111111    |    1bf    |  NO
   448   |    523.828125   | 1.171875  |  525.000000  |    448    |   00111000000    |    1c0    |  NO
   449   |    525.000000   | 1.171875  |  526.171875  |    449    |   00111000001    |    1c1    |  NO
   450   |    526.171875   | 1.171875  |  527.343750  |    450    |   00111000010    |    1c2    |  NO
   451   |    527.343750   | 1.171875  |  528.515625  |    451    |   00111000011    |    1c3    |  NO
   452   |    528.515625   | 1.171875  |  529.687500  |    452    |   00111000100    |    1c4    |  NO
   453   |    529.687500   | 1.171875  |  530.859375  |    453    |   00111000101    |    1c5    |  NO
   454   |    530.859375   | 1.171875  |  532.031250  |    454    |   00111000110    |    1c6    |  NO
   455   |    532.031250   | 1.171875  |  533.203125  |    455    |   00111000111    |    1c7    |  NO
   456   |    533.203125   | 1.171875  |  534.375000  |    456    |   00111001000    |    1c8    |  NO
   457   |    534.375000   | 1.171875  |  535.546875  |    457    |   00111001001    |    1c9    |  NO
   458   |    535.546875   | 1.171875  |  536.718750  |    458    |   00111001010    |    1ca    |  NO
   459   |    536.718750   | 1.171875  |  537.890625  |    459    |   00111001011    |    1cb    |  NO
   460   |    537.890625   | 1.171875  |  539.062500  |    460    |   00111001100    |    1cc    |  NO
   461   |    539.062500   | 1.171875  |  540.234375  |    461    |   00111001101    |    1cd    |  NO
   462   |    540.234375   | 1.171875  |  541.406250  |    462    |   00111001110    |    1ce    |  NO
   463   |    541.406250   | 1.171875  |  542.578125  |    463    |   00111001111    |    1cf    |  NO
   464   |    542.578125   | 1.171875  |  543.750000  |    464    |   00111010000    |    1d0    |  NO
   465   |    543.750000   | 1.171875  |  544.921875  |    465    |   00111010001    |    1d1    |  NO
   466   |    544.921875   | 1.171875  |  546.093750  |    466    |   00111010010    |    1d2    |  NO
   467   |    546.093750   | 1.171875  |  547.265625  |    467    |   00111010011    |    1d3    |  NO
   468   |    547.265625   | 1.171875  |  548.437500  |    468    |   00111010100    |    1d4    |  NO
   469   |    548.437500   | 1.171875  |  549.609375  |    469    |   00111010101    |    1d5    |  NO
   470   |    549.609375   | 1.171875  |  550.781250  |    470    |   00111010110    |    1d6    |  NO
   471   |    550.781250   | 1.171875  |  551.953125  |    471    |   00111010111    |    1d7    |  NO
   472   |    551.953125   | 1.171875  |  553.125000  |    472    |   00111011000    |    1d8    |  NO
   473   |    553.125000   | 1.171875  |  554.296875  |    473    |   00111011001    |    1d9    |  NO
   474   |    554.296875   | 1.171875  |  555.468750  |    474    |   00111011010    |    1da    |  NO
   475   |    555.468750   | 1.171875  |  556.640625  |    475    |   00111011011    |    1db    |  NO
   476   |    556.640625   | 1.171875  |  557.812500  |    476    |   00111011100    |    1dc    |  NO
   477   |    557.812500   | 1.171875  |  558.984375  |    477    |   00111011101    |    1dd    |  NO
   478   |    558.984375   | 1.171875  |  560.156250  |    478    |   00111011110    |    1de    |  NO
   479   |    560.156250   | 1.171875  |  561.328125  |    479    |   00111011111    |    1df    |  NO
   480   |    561.328125   | 1.171875  |  562.500000  |    480    |   00111100000    |    1e0    |  NO
   481   |    562.500000   | 1.171875  |  563.671875  |    481    |   00111100001    |    1e1    |  NO
   482   |    563.671875   | 1.171875  |  564.843750  |    482    |   00111100010    |    1e2    |  NO
   483   |    564.843750   | 1.171875  |  566.015625  |    483    |   00111100011    |    1e3    |  NO
   484   |    566.015625   | 1.171875  |  567.187500  |    484    |   00111100100    |    1e4    |  NO
   485   |    567.187500   | 1.171875  |  568.359375  |    485    |   00111100101    |    1e5    |  NO
   486   |    568.359375   | 1.171875  |  569.531250  |    486    |   00111100110    |    1e6    |  NO
   487   |    569.531250   | 1.171875  |  570.703125  |    487    |   00111100111    |    1e7    |  NO
   488   |    570.703125   | 1.171875  |  571.875000  |    488    |   00111101000    |    1e8    |  NO
   489   |    571.875000   | 1.171875  |  573.046875  |    489    |   00111101001    |    1e9    |  NO
   490   |    573.046875   | 1.171875  |  574.218750  |    490    |   00111101010    |    1ea    |  NO
   491   |    574.218750   | 1.171875  |  575.390625  |    491    |   00111101011    |    1eb    |  NO
   492   |    575.390625   | 1.171875  |  576.562500  |    492    |   00111101100    |    1ec    |  NO
   493   |    576.562500   | 1.171875  |  577.734375  |    493    |   00111101101    |    1ed    |  NO
   494   |    577.734375   | 1.171875  |  578.906250  |    494    |   00111101110    |    1ee    |  NO
   495   |    578.906250   | 1.171875  |  580.078125  |    495    |   00111101111    |    1ef    |  NO
   496   |    580.078125   | 1.171875  |  581.250000  |    496    |   00111110000    |    1f0    |  NO
   497   |    581.250000   | 1.171875  |  582.421875  |    497    |   00111110001    |    1f1    |  NO
   498   |    582.421875   | 1.171875  |  583.593750  |    498    |   00111110010    |    1f2    |  NO
   499   |    583.593750   | 1.171875  |  584.765625  |    499    |   00111110011    |    1f3    |  NO
   500   |    584.765625   | 1.171875  |  585.937500  |    500    |   00111110100    |    1f4    |  NO
   501   |    585.937500   | 1.171875  |  587.109375  |    501    |   00111110101    |    1f5    |  NO
   502   |    587.109375   | 1.171875  |  588.281250  |    502    |   00111110110    |    1f6    |  NO
   503   |    588.281250   | 1.171875  |  589.453125  |    503    |   00111110111    |    1f7    |  NO
   504   |    589.453125   | 1.171875  |  590.625000  |    504    |   00111111000    |    1f8    |  NO
   505   |    590.625000   | 1.171875  |  591.796875  |    505    |   00111111001    |    1f9    |  NO
   506   |    591.796875   | 1.171875  |  592.968750  |    506    |   00111111010    |    1fa    |  NO
   507   |    592.968750   | 1.171875  |  594.140625  |    507    |   00111111011    |    1fb    |  NO
   508   |    594.140625   | 1.171875  |  595.312500  |    508    |   00111111100    |    1fc    |  NO
   509   |    595.312500   | 1.171875  |  596.484375  |    509    |   00111111101    |    1fd    |  NO
   510   |    596.484375   | 1.171875  |  597.656250  |    510    |   00111111110    |    1fe    |  NO
   511   |    597.656250   | 1.171875  |  598.828125  |    511    |   00111111111    |    1ff    |  NO
   512   |    598.828125   | 1.171875  |  600.000000  |    512    |   01000000000    |    200    |  NO
   513   |    600.000000   | 1.171875  |  601.171875  |    513    |   01000000001    |    201    |  NO
   514   |    601.171875   | 1.171875  |  602.343750  |    514    |   01000000010    |    202    |  NO
   515   |    602.343750   | 1.171875  |  603.515625  |    515    |   01000000011    |    203    |  NO
   516   |    603.515625   | 1.171875  |  604.687500  |    516    |   01000000100    |    204    |  NO
   517   |    604.687500   | 1.171875  |  605.859375  |    517    |   01000000101    |    205    |  NO
   518   |    605.859375   | 1.171875  |  607.031250  |    518    |   01000000110    |    206    |  NO
   519   |    607.031250   | 1.171875  |  608.203125  |    519    |   01000000111    |    207    |  NO
   520   |    608.203125   | 1.171875  |  609.375000  |    520    |   01000001000    |    208    |  NO
   521   |    609.375000   | 1.171875  |  610.546875  |    521    |   01000001001    |    209    |  NO
   522   |    610.546875   | 1.171875  |  611.718750  |    522    |   01000001010    |    20a    |  NO
   523   |    611.718750   | 1.171875  |  612.890625  |    523    |   01000001011    |    20b    |  NO
   524   |    612.890625   | 1.171875  |  614.062500  |    524    |   01000001100    |    20c    |  NO
   525   |    614.062500   | 1.171875  |  615.234375  |    525    |   01000001101    |    20d    |  NO
   526   |    615.234375   | 1.171875  |  616.406250  |    526    |   01000001110    |    20e    |  NO
   527   |    616.406250   | 1.171875  |  617.578125  |    527    |   01000001111    |    20f    |  NO
   528   |    617.578125   | 1.171875  |  618.750000  |    528    |   01000010000    |    210    |  NO
   529   |    618.750000   | 1.171875  |  619.921875  |    529    |   01000010001    |    211    |  NO
   530   |    619.921875   | 1.171875  |  621.093750  |    530    |   01000010010    |    212    |  NO
   531   |    621.093750   | 1.171875  |  622.265625  |    531    |   01000010011    |    213    |  NO
   532   |    622.265625   | 1.171875  |  623.437500  |    532    |   01000010100    |    214    |  NO
   533   |    623.437500   | 1.171875  |  624.609375  |    533    |   01000010101    |    215    |  NO
   534   |    624.609375   | 1.171875  |  625.781250  |    534    |   01000010110    |    216    |  NO
   535   |    625.781250   | 1.171875  |  626.953125  |    535    |   01000010111    |    217    |  NO
   536   |    626.953125   | 1.171875  |  628.125000  |    536    |   01000011000    |    218    |  NO
   537   |    628.125000   | 1.171875  |  629.296875  |    537    |   01000011001    |    219    |  NO
   538   |    629.296875   | 1.171875  |  630.468750  |    538    |   01000011010    |    21a    |  NO
   539   |    630.468750   | 1.171875  |  631.640625  |    539    |   01000011011    |    21b    |  NO
   540   |    631.640625   | 1.171875  |  632.812500  |    540    |   01000011100    |    21c    |  NO
   541   |    632.812500   | 1.171875  |  633.984375  |    541    |   01000011101    |    21d    |  NO
   542   |    633.984375   | 1.171875  |  635.156250  |    542    |   01000011110    |    21e    |  NO
   543   |    635.156250   | 1.171875  |  636.328125  |    543    |   01000011111    |    21f    |  NO
   544   |    636.328125   | 1.171875  |  637.500000  |    544    |   01000100000    |    220    |  NO
   545   |    637.500000   | 1.171875  |  638.671875  |    545    |   01000100001    |    221    |  NO
   546   |    638.671875   | 1.171875  |  639.843750  |    546    |   01000100010    |    222    |  NO
   547   |    639.843750   | 1.171875  |  641.015625  |    547    |   01000100011    |    223    |  NO
   548   |    641.015625   | 1.171875  |  642.187500  |    548    |   01000100100    |    224    |  NO
   549   |    642.187500   | 1.171875  |  643.359375  |    549    |   01000100101    |    225    |  NO
   550   |    643.359375   | 1.171875  |  644.531250  |    550    |   01000100110    |    226    |  NO
   551   |    644.531250   | 1.171875  |  645.703125  |    551    |   01000100111    |    227    |  NO
   552   |    645.703125   | 1.171875  |  646.875000  |    552    |   01000101000    |    228    |  NO
   553   |    646.875000   | 1.171875  |  648.046875  |    553    |   01000101001    |    229    |  NO
   554   |    648.046875   | 1.171875  |  649.218750  |    554    |   01000101010    |    22a    |  NO
   555   |    649.218750   | 1.171875  |  650.390625  |    555    |   01000101011    |    22b    |  NO
   556   |    650.390625   | 1.171875  |  651.562500  |    556    |   01000101100    |    22c    |  NO
   557   |    651.562500   | 1.171875  |  652.734375  |    557    |   01000101101    |    22d    |  NO
   558   |    652.734375   | 1.171875  |  653.906250  |    558    |   01000101110    |    22e    |  NO
   559   |    653.906250   | 1.171875  |  655.078125  |    559    |   01000101111    |    22f    |  NO
   560   |    655.078125   | 1.171875  |  656.250000  |    560    |   01000110000    |    230    |  NO
   561   |    656.250000   | 1.171875  |  657.421875  |    561    |   01000110001    |    231    |  NO
   562   |    657.421875   | 1.171875  |  658.593750  |    562    |   01000110010    |    232    |  NO
   563   |    658.593750   | 1.171875  |  659.765625  |    563    |   01000110011    |    233    |  NO
   564   |    659.765625   | 1.171875  |  660.937500  |    564    |   01000110100    |    234    |  NO
   565   |    660.937500   | 1.171875  |  662.109375  |    565    |   01000110101    |    235    |  NO
   566   |    662.109375   | 1.171875  |  663.281250  |    566    |   01000110110    |    236    |  NO
   567   |    663.281250   | 1.171875  |  664.453125  |    567    |   01000110111    |    237    |  NO
   568   |    664.453125   | 1.171875  |  665.625000  |    568    |   01000111000    |    238    |  NO
   569   |    665.625000   | 1.171875  |  666.796875  |    569    |   01000111001    |    239    |  NO
   570   |    666.796875   | 1.171875  |  667.968750  |    570    |   01000111010    |    23a    |  NO
   571   |    667.968750   | 1.171875  |  669.140625  |    571    |   01000111011    |    23b    |  NO
   572   |    669.140625   | 1.171875  |  670.312500  |    572    |   01000111100    |    23c    |  NO
   573   |    670.312500   | 1.171875  |  671.484375  |    573    |   01000111101    |    23d    |  NO
   574   |    671.484375   | 1.171875  |  672.656250  |    574    |   01000111110    |    23e    |  NO
   575   |    672.656250   | 1.171875  |  673.828125  |    575    |   01000111111    |    23f    |  NO
   576   |    673.828125   | 1.171875  |  675.000000  |    576    |   01001000000    |    240    |  NO
   577   |    675.000000   | 1.171875  |  676.171875  |    577    |   01001000001    |    241    |  NO
   578   |    676.171875   | 1.171875  |  677.343750  |    578    |   01001000010    |    242    |  NO
   579   |    677.343750   | 1.171875  |  678.515625  |    579    |   01001000011    |    243    |  NO
   580   |    678.515625   | 1.171875  |  679.687500  |    580    |   01001000100    |    244    |  NO
   581   |    679.687500   | 1.171875  |  680.859375  |    581    |   01001000101    |    245    |  NO
   582   |    680.859375   | 1.171875  |  682.031250  |    582    |   01001000110    |    246    |  NO
   583   |    682.031250   | 1.171875  |  683.203125  |    583    |   01001000111    |    247    |  NO
   584   |    683.203125   | 1.171875  |  684.375000  |    584    |   01001001000    |    248    |  NO
   585   |    684.375000   | 1.171875  |  685.546875  |    585    |   01001001001    |    249    |  NO
   586   |    685.546875   | 1.171875  |  686.718750  |    586    |   01001001010    |    24a    |  NO
   587   |    686.718750   | 1.171875  |  687.890625  |    587    |   01001001011    |    24b    |  NO
   588   |    687.890625   | 1.171875  |  689.062500  |    588    |   01001001100    |    24c    |  NO
   589   |    689.062500   | 1.171875  |  690.234375  |    589    |   01001001101    |    24d    |  NO
   590   |    690.234375   | 1.171875  |  691.406250  |    590    |   01001001110    |    24e    |  NO
   591   |    691.406250   | 1.171875  |  692.578125  |    591    |   01001001111    |    24f    |  NO
   592   |    692.578125   | 1.171875  |  693.750000  |    592    |   01001010000    |    250    |  NO
   593   |    693.750000   | 1.171875  |  694.921875  |    593    |   01001010001    |    251    |  NO
   594   |    694.921875   | 1.171875  |  696.093750  |    594    |   01001010010    |    252    |  NO
   595   |    696.093750   | 1.171875  |  697.265625  |    595    |   01001010011    |    253    |  NO
   596   |    697.265625   | 1.171875  |  698.437500  |    596    |   01001010100    |    254    |  NO
   597   |    698.437500   | 1.171875  |  699.609375  |    597    |   01001010101    |    255    |  NO
   598   |    699.609375   | 1.171875  |  700.781250  |    598    |   01001010110    |    256    |  NO
   599   |    700.781250   | 1.171875  |  701.953125  |    599    |   01001010111    |    257    |  NO
   600   |    701.953125   | 1.171875  |  703.125000  |    600    |   01001011000    |    258    |  NO
   601   |    703.125000   | 1.171875  |  704.296875  |    601    |   01001011001    |    259    |  NO
   602   |    704.296875   | 1.171875  |  705.468750  |    602    |   01001011010    |    25a    |  NO
   603   |    705.468750   | 1.171875  |  706.640625  |    603    |   01001011011    |    25b    |  NO
   604   |    706.640625   | 1.171875  |  707.812500  |    604    |   01001011100    |    25c    |  NO
   605   |    707.812500   | 1.171875  |  708.984375  |    605    |   01001011101    |    25d    |  NO
   606   |    708.984375   | 1.171875  |  710.156250  |    606    |   01001011110    |    25e    |  NO
   607   |    710.156250   | 1.171875  |  711.328125  |    607    |   01001011111    |    25f    |  NO
   608   |    711.328125   | 1.171875  |  712.500000  |    608    |   01001100000    |    260    |  NO
   609   |    712.500000   | 1.171875  |  713.671875  |    609    |   01001100001    |    261    |  NO
   610   |    713.671875   | 1.171875  |  714.843750  |    610    |   01001100010    |    262    |  NO
   611   |    714.843750   | 1.171875  |  716.015625  |    611    |   01001100011    |    263    |  NO
   612   |    716.015625   | 1.171875  |  717.187500  |    612    |   01001100100    |    264    |  NO
   613   |    717.187500   | 1.171875  |  718.359375  |    613    |   01001100101    |    265    |  NO
   614   |    718.359375   | 1.171875  |  719.531250  |    614    |   01001100110    |    266    |  NO
   615   |    719.531250   | 1.171875  |  720.703125  |    615    |   01001100111    |    267    |  NO
   616   |    720.703125   | 1.171875  |  721.875000  |    616    |   01001101000    |    268    |  NO
   617   |    721.875000   | 1.171875  |  723.046875  |    617    |   01001101001    |    269    |  NO
   618   |    723.046875   | 1.171875  |  724.218750  |    618    |   01001101010    |    26a    |  NO
   619   |    724.218750   | 1.171875  |  725.390625  |    619    |   01001101011    |    26b    |  NO
   620   |    725.390625   | 1.171875  |  726.562500  |    620    |   01001101100    |    26c    |  NO
   621   |    726.562500   | 1.171875  |  727.734375  |    621    |   01001101101    |    26d    |  NO
   622   |    727.734375   | 1.171875  |  728.906250  |    622    |   01001101110    |    26e    |  NO
   623   |    728.906250   | 1.171875  |  730.078125  |    623    |   01001101111    |    26f    |  NO
   624   |    730.078125   | 1.171875  |  731.250000  |    624    |   01001110000    |    270    |  NO
   625   |    731.250000   | 1.171875  |  732.421875  |    625    |   01001110001    |    271    |  NO
   626   |    732.421875   | 1.171875  |  733.593750  |    626    |   01001110010    |    272    |  NO
   627   |    733.593750   | 1.171875  |  734.765625  |    627    |   01001110011    |    273    |  NO
   628   |    734.765625   | 1.171875  |  735.937500  |    628    |   01001110100    |    274    |  NO
   629   |    735.937500   | 1.171875  |  737.109375  |    629    |   01001110101    |    275    |  NO
   630   |    737.109375   | 1.171875  |  738.281250  |    630    |   01001110110    |    276    |  NO
   631   |    738.281250   | 1.171875  |  739.453125  |    631    |   01001110111    |    277    |  NO
   632   |    739.453125   | 1.171875  |  740.625000  |    632    |   01001111000    |    278    |  NO
   633   |    740.625000   | 1.171875  |  741.796875  |    633    |   01001111001    |    279    |  NO
   634   |    741.796875   | 1.171875  |  742.968750  |    634    |   01001111010    |    27a    |  NO
   635   |    742.968750   | 1.171875  |  744.140625  |    635    |   01001111011    |    27b    |  NO
   636   |    744.140625   | 1.171875  |  745.312500  |    636    |   01001111100    |    27c    |  NO
   637   |    745.312500   | 1.171875  |  746.484375  |    637    |   01001111101    |    27d    |  NO
   638   |    746.484375   | 1.171875  |  747.656250  |    638    |   01001111110    |    27e    |  NO
   639   |    747.656250   | 1.171875  |  748.828125  |    639    |   01001111111    |    27f    |  NO
   640   |    748.828125   | 1.171875  |  750.000000  |    640    |   01010000000    |    280    |  NO
   641   |    750.000000   | 1.171875  |  751.171875  |    641    |   01010000001    |    281    |  NO
   642   |    751.171875   | 1.171875  |  752.343750  |    642    |   01010000010    |    282    |  NO
   643   |    752.343750   | 1.171875  |  753.515625  |    643    |   01010000011    |    283    |  NO
   644   |    753.515625   | 1.171875  |  754.687500  |    644    |   01010000100    |    284    |  NO
   645   |    754.687500   | 1.171875  |  755.859375  |    645    |   01010000101    |    285    |  NO
   646   |    755.859375   | 1.171875  |  757.031250  |    646    |   01010000110    |    286    |  NO
   647   |    757.031250   | 1.171875  |  758.203125  |    647    |   01010000111    |    287    |  NO
   648   |    758.203125   | 1.171875  |  759.375000  |    648    |   01010001000    |    288    |  NO
   649   |    759.375000   | 1.171875  |  760.546875  |    649    |   01010001001    |    289    |  NO
   650   |    760.546875   | 1.171875  |  761.718750  |    650    |   01010001010    |    28a    |  NO
   651   |    761.718750   | 1.171875  |  762.890625  |    651    |   01010001011    |    28b    |  NO
   652   |    762.890625   | 1.171875  |  764.062500  |    652    |   01010001100    |    28c    |  NO
   653   |    764.062500   | 1.171875  |  765.234375  |    653    |   01010001101    |    28d    |  NO
   654   |    765.234375   | 1.171875  |  766.406250  |    654    |   01010001110    |    28e    |  NO
   655   |    766.406250   | 1.171875  |  767.578125  |    655    |   01010001111    |    28f    |  NO
   656   |    767.578125   | 1.171875  |  768.750000  |    656    |   01010010000    |    290    |  NO
   657   |    768.750000   | 1.171875  |  769.921875  |    657    |   01010010001    |    291    |  NO
   658   |    769.921875   | 1.171875  |  771.093750  |    658    |   01010010010    |    292    |  NO
   659   |    771.093750   | 1.171875  |  772.265625  |    659    |   01010010011    |    293    |  NO
   660   |    772.265625   | 1.171875  |  773.437500  |    660    |   01010010100    |    294    |  NO
   661   |    773.437500   | 1.171875  |  774.609375  |    661    |   01010010101    |    295    |  NO
   662   |    774.609375   | 1.171875  |  775.781250  |    662    |   01010010110    |    296    |  NO
   663   |    775.781250   | 1.171875  |  776.953125  |    663    |   01010010111    |    297    |  NO
   664   |    776.953125   | 1.171875  |  778.125000  |    664    |   01010011000    |    298    |  NO
   665   |    778.125000   | 1.171875  |  779.296875  |    665    |   01010011001    |    299    |  NO
   666   |    779.296875   | 1.171875  |  780.468750  |    666    |   01010011010    |    29a    |  NO
   667   |    780.468750   | 1.171875  |  781.640625  |    667    |   01010011011    |    29b    |  NO
   668   |    781.640625   | 1.171875  |  782.812500  |    668    |   01010011100    |    29c    |  NO
   669   |    782.812500   | 1.171875  |  783.984375  |    669    |   01010011101    |    29d    |  NO
   670   |    783.984375   | 1.171875  |  785.156250  |    670    |   01010011110    |    29e    |  NO
   671   |    785.156250   | 1.171875  |  786.328125  |    671    |   01010011111    |    29f    |  NO
   672   |    786.328125   | 1.171875  |  787.500000  |    672    |   01010100000    |    2a0    |  NO
   673   |    787.500000   | 1.171875  |  788.671875  |    673    |   01010100001    |    2a1    |  NO
   674   |    788.671875   | 1.171875  |  789.843750  |    674    |   01010100010    |    2a2    |  NO
   675   |    789.843750   | 1.171875  |  791.015625  |    675    |   01010100011    |    2a3    |  NO
   676   |    791.015625   | 1.171875  |  792.187500  |    676    |   01010100100    |    2a4    |  NO
   677   |    792.187500   | 1.171875  |  793.359375  |    677    |   01010100101    |    2a5    |  NO
   678   |    793.359375   | 1.171875  |  794.531250  |    678    |   01010100110    |    2a6    |  NO
   679   |    794.531250   | 1.171875  |  795.703125  |    679    |   01010100111    |    2a7    |  NO
   680   |    795.703125   | 1.171875  |  796.875000  |    680    |   01010101000    |    2a8    |  NO
   681   |    796.875000   | 1.171875  |  798.046875  |    681    |   01010101001    |    2a9    |  NO
   682   |    798.046875   | 1.171875  |  799.218750  |    682    |   01010101010    |    2aa    |  NO
   683   |    799.218750   | 1.171875  |  800.390625  |    683    |   01010101011    |    2ab    |  NO
   684   |    800.390625   | 1.171875  |  801.562500  |    684    |   01010101100    |    2ac    |  NO
   685   |    801.562500   | 1.171875  |  802.734375  |    685    |   01010101101    |    2ad    |  NO
   686   |    802.734375   | 1.171875  |  803.906250  |    686    |   01010101110    |    2ae    |  NO
   687   |    803.906250   | 1.171875  |  805.078125  |    687    |   01010101111    |    2af    |  NO
   688   |    805.078125   | 1.171875  |  806.250000  |    688    |   01010110000    |    2b0    |  NO
   689   |    806.250000   | 1.171875  |  807.421875  |    689    |   01010110001    |    2b1    |  NO
   690   |    807.421875   | 1.171875  |  808.593750  |    690    |   01010110010    |    2b2    |  NO
   691   |    808.593750   | 1.171875  |  809.765625  |    691    |   01010110011    |    2b3    |  NO
   692   |    809.765625   | 1.171875  |  810.937500  |    692    |   01010110100    |    2b4    |  NO
   693   |    810.937500   | 1.171875  |  812.109375  |    693    |   01010110101    |    2b5    |  NO
   694   |    812.109375   | 1.171875  |  813.281250  |    694    |   01010110110    |    2b6    |  NO
   695   |    813.281250   | 1.171875  |  814.453125  |    695    |   01010110111    |    2b7    |  NO
   696   |    814.453125   | 1.171875  |  815.625000  |    696    |   01010111000    |    2b8    |  NO
   697   |    815.625000   | 1.171875  |  816.796875  |    697    |   01010111001    |    2b9    |  NO
   698   |    816.796875   | 1.171875  |  817.968750  |    698    |   01010111010    |    2ba    |  NO
   699   |    817.968750   | 1.171875  |  819.140625  |    699    |   01010111011    |    2bb    |  NO
   700   |    819.140625   | 1.171875  |  820.312500  |    700    |   01010111100    |    2bc    |  NO
   701   |    820.312500   | 1.171875  |  821.484375  |    701    |   01010111101    |    2bd    |  NO
   702   |    821.484375   | 1.171875  |  822.656250  |    702    |   01010111110    |    2be    |  NO
   703   |    822.656250   | 1.171875  |  823.828125  |    703    |   01010111111    |    2bf    |  NO
   704   |    823.828125   | 1.171875  |  825.000000  |    704    |   01011000000    |    2c0    |  NO
   705   |    825.000000   | 1.171875  |  826.171875  |    705    |   01011000001    |    2c1    |  NO
   706   |    826.171875   | 1.171875  |  827.343750  |    706    |   01011000010    |    2c2    |  NO
   707   |    827.343750   | 1.171875  |  828.515625  |    707    |   01011000011    |    2c3    |  NO
   708   |    828.515625   | 1.171875  |  829.687500  |    708    |   01011000100    |    2c4    |  NO
   709   |    829.687500   | 1.171875  |  830.859375  |    709    |   01011000101    |    2c5    |  NO
   710   |    830.859375   | 1.171875  |  832.031250  |    710    |   01011000110    |    2c6    |  NO
   711   |    832.031250   | 1.171875  |  833.203125  |    711    |   01011000111    |    2c7    |  NO
   712   |    833.203125   | 1.171875  |  834.375000  |    712    |   01011001000    |    2c8    |  NO
   713   |    834.375000   | 1.171875  |  835.546875  |    713    |   01011001001    |    2c9    |  NO
   714   |    835.546875   | 1.171875  |  836.718750  |    714    |   01011001010    |    2ca    |  NO
   715   |    836.718750   | 1.171875  |  837.890625  |    715    |   01011001011    |    2cb    |  NO
   716   |    837.890625   | 1.171875  |  839.062500  |    716    |   01011001100    |    2cc    |  NO
   717   |    839.062500   | 1.171875  |  840.234375  |    717    |   01011001101    |    2cd    |  NO
   718   |    840.234375   | 1.171875  |  841.406250  |    718    |   01011001110    |    2ce    |  NO
   719   |    841.406250   | 1.171875  |  842.578125  |    719    |   01011001111    |    2cf    |  NO
   720   |    842.578125   | 1.171875  |  843.750000  |    720    |   01011010000    |    2d0    |  NO
   721   |    843.750000   | 1.171875  |  844.921875  |    721    |   01011010001    |    2d1    |  NO
   722   |    844.921875   | 1.171875  |  846.093750  |    722    |   01011010010    |    2d2    |  NO
   723   |    846.093750   | 1.171875  |  847.265625  |    723    |   01011010011    |    2d3    |  NO
   724   |    847.265625   | 1.171875  |  848.437500  |    724    |   01011010100    |    2d4    |  NO
   725   |    848.437500   | 1.171875  |  849.609375  |    725    |   01011010101    |    2d5    |  NO
   726   |    849.609375   | 1.171875  |  850.781250  |    726    |   01011010110    |    2d6    |  NO
   727   |    850.781250   | 1.171875  |  851.953125  |    727    |   01011010111    |    2d7    |  NO
   728   |    851.953125   | 1.171875  |  853.125000  |    728    |   01011011000    |    2d8    |  NO
   729   |    853.125000   | 1.171875  |  854.296875  |    729    |   01011011001    |    2d9    |  NO
   730   |    854.296875   | 1.171875  |  855.468750  |    730    |   01011011010    |    2da    |  NO
   731   |    855.468750   | 1.171875  |  856.640625  |    731    |   01011011011    |    2db    |  NO
   732   |    856.640625   | 1.171875  |  857.812500  |    732    |   01011011100    |    2dc    |  NO
   733   |    857.812500   | 1.171875  |  858.984375  |    733    |   01011011101    |    2dd    |  NO
   734   |    858.984375   | 1.171875  |  860.156250  |    734    |   01011011110    |    2de    |  NO
   735   |    860.156250   | 1.171875  |  861.328125  |    735    |   01011011111    |    2df    |  NO
   736   |    861.328125   | 1.171875  |  862.500000  |    736    |   01011100000    |    2e0    |  NO
   737   |    862.500000   | 1.171875  |  863.671875  |    737    |   01011100001    |    2e1    |  NO
   738   |    863.671875   | 1.171875  |  864.843750  |    738    |   01011100010    |    2e2    |  NO
   739   |    864.843750   | 1.171875  |  866.015625  |    739    |   01011100011    |    2e3    |  NO
   740   |    866.015625   | 1.171875  |  867.187500  |    740    |   01011100100    |    2e4    |  NO
   741   |    867.187500   | 1.171875  |  868.359375  |    741    |   01011100101    |    2e5    |  NO
   742   |    868.359375   | 1.171875  |  869.531250  |    742    |   01011100110    |    2e6    |  NO
   743   |    869.531250   | 1.171875  |  870.703125  |    743    |   01011100111    |    2e7    |  NO
   744   |    870.703125   | 1.171875  |  871.875000  |    744    |   01011101000    |    2e8    |  NO
   745   |    871.875000   | 1.171875  |  873.046875  |    745    |   01011101001    |    2e9    |  NO
   746   |    873.046875   | 1.171875  |  874.218750  |    746    |   01011101010    |    2ea    |  NO
   747   |    874.218750   | 1.171875  |  875.390625  |    747    |   01011101011    |    2eb    |  NO
   748   |    875.390625   | 1.171875  |  876.562500  |    748    |   01011101100    |    2ec    |  NO
   749   |    876.562500   | 1.171875  |  877.734375  |    749    |   01011101101    |    2ed    |  NO
   750   |    877.734375   | 1.171875  |  878.906250  |    750    |   01011101110    |    2ee    |  NO
   751   |    878.906250   | 1.171875  |  880.078125  |    751    |   01011101111    |    2ef    |  NO
   752   |    880.078125   | 1.171875  |  881.250000  |    752    |   01011110000    |    2f0    |  NO
   753   |    881.250000   | 1.171875  |  882.421875  |    753    |   01011110001    |    2f1    |  NO
   754   |    882.421875   | 1.171875  |  883.593750  |    754    |   01011110010    |    2f2    |  NO
   755   |    883.593750   | 1.171875  |  884.765625  |    755    |   01011110011    |    2f3    |  NO
   756   |    884.765625   | 1.171875  |  885.937500  |    756    |   01011110100    |    2f4    |  NO
   757   |    885.937500   | 1.171875  |  887.109375  |    757    |   01011110101    |    2f5    |  NO
   758   |    887.109375   | 1.171875  |  888.281250  |    758    |   01011110110    |    2f6    |  NO
   759   |    888.281250   | 1.171875  |  889.453125  |    759    |   01011110111    |    2f7    |  NO
   760   |    889.453125   | 1.171875  |  890.625000  |    760    |   01011111000    |    2f8    |  NO
   761   |    890.625000   | 1.171875  |  891.796875  |    761    |   01011111001    |    2f9    |  NO
   762   |    891.796875   | 1.171875  |  892.968750  |    762    |   01011111010    |    2fa    |  NO
   763   |    892.968750   | 1.171875  |  894.140625  |    763    |   01011111011    |    2fb    |  NO
   764   |    894.140625   | 1.171875  |  895.312500  |    764    |   01011111100    |    2fc    |  NO
   765   |    895.312500   | 1.171875  |  896.484375  |    765    |   01011111101    |    2fd    |  NO
   766   |    896.484375   | 1.171875  |  897.656250  |    766    |   01011111110    |    2fe    |  NO
   767   |    897.656250   | 1.171875  |  898.828125  |    767    |   01011111111    |    2ff    |  NO
   768   |    898.828125   | 1.171875  |  900.000000  |    768    |   01100000000    |    300    |  NO
   769   |    900.000000   | 1.171875  |  901.171875  |    769    |   01100000001    |    301    |  NO
   770   |    901.171875   | 1.171875  |  902.343750  |    770    |   01100000010    |    302    |  NO
   771   |    902.343750   | 1.171875  |  903.515625  |    771    |   01100000011    |    303    |  NO
   772   |    903.515625   | 1.171875  |  904.687500  |    772    |   01100000100    |    304    |  NO
   773   |    904.687500   | 1.171875  |  905.859375  |    773    |   01100000101    |    305    |  NO
   774   |    905.859375   | 1.171875  |  907.031250  |    774    |   01100000110    |    306    |  NO
   775   |    907.031250   | 1.171875  |  908.203125  |    775    |   01100000111    |    307    |  NO
   776   |    908.203125   | 1.171875  |  909.375000  |    776    |   01100001000    |    308    |  NO
   777   |    909.375000   | 1.171875  |  910.546875  |    777    |   01100001001    |    309    |  NO
   778   |    910.546875   | 1.171875  |  911.718750  |    778    |   01100001010    |    30a    |  NO
   779   |    911.718750   | 1.171875  |  912.890625  |    779    |   01100001011    |    30b    |  NO
   780   |    912.890625   | 1.171875  |  914.062500  |    780    |   01100001100    |    30c    |  NO
   781   |    914.062500   | 1.171875  |  915.234375  |    781    |   01100001101    |    30d    |  NO
   782   |    915.234375   | 1.171875  |  916.406250  |    782    |   01100001110    |    30e    |  NO
   783   |    916.406250   | 1.171875  |  917.578125  |    783    |   01100001111    |    30f    |  NO
   784   |    917.578125   | 1.171875  |  918.750000  |    784    |   01100010000    |    310    |  NO
   785   |    918.750000   | 1.171875  |  919.921875  |    785    |   01100010001    |    311    |  NO
   786   |    919.921875   | 1.171875  |  921.093750  |    786    |   01100010010    |    312    |  NO
   787   |    921.093750   | 1.171875  |  922.265625  |    787    |   01100010011    |    313    |  NO
   788   |    922.265625   | 1.171875  |  923.437500  |    788    |   01100010100    |    314    |  NO
   789   |    923.437500   | 1.171875  |  924.609375  |    789    |   01100010101    |    315    |  NO
   790   |    924.609375   | 1.171875  |  925.781250  |    790    |   01100010110    |    316    |  NO
   791   |    925.781250   | 1.171875  |  926.953125  |    791    |   01100010111    |    317    |  NO
   792   |    926.953125   | 1.171875  |  928.125000  |    792    |   01100011000    |    318    |  NO
   793   |    928.125000   | 1.171875  |  929.296875  |    793    |   01100011001    |    319    |  NO
   794   |    929.296875   | 1.171875  |  930.468750  |    794    |   01100011010    |    31a    |  NO
   795   |    930.468750   | 1.171875  |  931.640625  |    795    |   01100011011    |    31b    |  NO
   796   |    931.640625   | 1.171875  |  932.812500  |    796    |   01100011100    |    31c    |  NO
   797   |    932.812500   | 1.171875  |  933.984375  |    797    |   01100011101    |    31d    |  NO
   798   |    933.984375   | 1.171875  |  935.156250  |    798    |   01100011110    |    31e    |  NO
   799   |    935.156250   | 1.171875  |  936.328125  |    799    |   01100011111    |    31f    |  NO
   800   |    936.328125   | 1.171875  |  937.500000  |    800    |   01100100000    |    320    |  NO
   801   |    937.500000   | 1.171875  |  938.671875  |    801    |   01100100001    |    321    |  NO
   802   |    938.671875   | 1.171875  |  939.843750  |    802    |   01100100010    |    322    |  NO
   803   |    939.843750   | 1.171875  |  941.015625  |    803    |   01100100011    |    323    |  NO
   804   |    941.015625   | 1.171875  |  942.187500  |    804    |   01100100100    |    324    |  NO
   805   |    942.187500   | 1.171875  |  943.359375  |    805    |   01100100101    |    325    |  NO
   806   |    943.359375   | 1.171875  |  944.531250  |    806    |   01100100110    |    326    |  NO
   807   |    944.531250   | 1.171875  |  945.703125  |    807    |   01100100111    |    327    |  NO
   808   |    945.703125   | 1.171875  |  946.875000  |    808    |   01100101000    |    328    |  NO
   809   |    946.875000   | 1.171875  |  948.046875  |    809    |   01100101001    |    329    |  NO
   810   |    948.046875   | 1.171875  |  949.218750  |    810    |   01100101010    |    32a    |  NO
   811   |    949.218750   | 1.171875  |  950.390625  |    811    |   01100101011    |    32b    |  NO
   812   |    950.390625   | 1.171875  |  951.562500  |    812    |   01100101100    |    32c    |  NO
   813   |    951.562500   | 1.171875  |  952.734375  |    813    |   01100101101    |    32d    |  NO
   814   |    952.734375   | 1.171875  |  953.906250  |    814    |   01100101110    |    32e    |  NO
   815   |    953.906250   | 1.171875  |  955.078125  |    815    |   01100101111    |    32f    |  NO
   816   |    955.078125   | 1.171875  |  956.250000  |    816    |   01100110000    |    330    |  NO
   817   |    956.250000   | 1.171875  |  957.421875  |    817    |   01100110001    |    331    |  NO
   818   |    957.421875   | 1.171875  |  958.593750  |    818    |   01100110010    |    332    |  NO
   819   |    958.593750   | 1.171875  |  959.765625  |    819    |   01100110011    |    333    |  NO
   820   |    959.765625   | 1.171875  |  960.937500  |    820    |   01100110100    |    334    |  NO
   821   |    960.937500   | 1.171875  |  962.109375  |    821    |   01100110101    |    335    |  NO
   822   |    962.109375   | 1.171875  |  963.281250  |    822    |   01100110110    |    336    |  NO
   823   |    963.281250   | 1.171875  |  964.453125  |    823    |   01100110111    |    337    |  NO
   824   |    964.453125   | 1.171875  |  965.625000  |    824    |   01100111000    |    338    |  NO
   825   |    965.625000   | 1.171875  |  966.796875  |    825    |   01100111001    |    339    |  NO
   826   |    966.796875   | 1.171875  |  967.968750  |    826    |   01100111010    |    33a    |  NO
   827   |    967.968750   | 1.171875  |  969.140625  |    827    |   01100111011    |    33b    |  NO
   828   |    969.140625   | 1.171875  |  970.312500  |    828    |   01100111100    |    33c    |  NO
   829   |    970.312500   | 1.171875  |  971.484375  |    829    |   01100111101    |    33d    |  NO
   830   |    971.484375   | 1.171875  |  972.656250  |    830    |   01100111110    |    33e    |  NO
   831   |    972.656250   | 1.171875  |  973.828125  |    831    |   01100111111    |    33f    |  NO
   832   |    973.828125   | 1.171875  |  975.000000  |    832    |   01101000000    |    340    |  NO
   833   |    975.000000   | 1.171875  |  976.171875  |    833    |   01101000001    |    341    |  NO
   834   |    976.171875   | 1.171875  |  977.343750  |    834    |   01101000010    |    342    |  NO
   835   |    977.343750   | 1.171875  |  978.515625  |    835    |   01101000011    |    343    |  NO
   836   |    978.515625   | 1.171875  |  979.687500  |    836    |   01101000100    |    344    |  NO
   837   |    979.687500   | 1.171875  |  980.859375  |    837    |   01101000101    |    345    |  NO
   838   |    980.859375   | 1.171875  |  982.031250  |    838    |   01101000110    |    346    |  NO
   839   |    982.031250   | 1.171875  |  983.203125  |    839    |   01101000111    |    347    |  NO
   840   |    983.203125   | 1.171875  |  984.375000  |    840    |   01101001000    |    348    |  NO
   841   |    984.375000   | 1.171875  |  985.546875  |    841    |   01101001001    |    349    |  NO
   842   |    985.546875   | 1.171875  |  986.718750  |    842    |   01101001010    |    34a    |  NO
   843   |    986.718750   | 1.171875  |  987.890625  |    843    |   01101001011    |    34b    |  NO
   844   |    987.890625   | 1.171875  |  989.062500  |    844    |   01101001100    |    34c    |  NO
   845   |    989.062500   | 1.171875  |  990.234375  |    845    |   01101001101    |    34d    |  NO
   846   |    990.234375   | 1.171875  |  991.406250  |    846    |   01101001110    |    34e    |  NO
   847   |    991.406250   | 1.171875  |  992.578125  |    847    |   01101001111    |    34f    |  NO
   848   |    992.578125   | 1.171875  |  993.750000  |    848    |   01101010000    |    350    |  NO
   849   |    993.750000   | 1.171875  |  994.921875  |    849    |   01101010001    |    351    |  NO
   850   |    994.921875   | 1.171875  |  996.093750  |    850    |   01101010010    |    352    |  NO
   851   |    996.093750   | 1.171875  |  997.265625  |    851    |   01101010011    |    353    |  NO
   852   |    997.265625   | 1.171875  |  998.437500  |    852    |   01101010100    |    354    |  NO
   853   |    998.437500   | 1.171875  |  999.609375  |    853    |   01101010101    |    355    |  NO
   854   |    999.609375   | 1.171875  | 1000.781250  |    854    |   01101010110    |    356    |  NO
   855   |   1000.781250   | 1.171875  | 1001.953125  |    855    |   01101010111    |    357    |  NO
   856   |   1001.953125   | 1.171875  | 1003.125000  |    856    |   01101011000    |    358    |  NO
   857   |   1003.125000   | 1.171875  | 1004.296875  |    857    |   01101011001    |    359    |  NO
   858   |   1004.296875   | 1.171875  | 1005.468750  |    858    |   01101011010    |    35a    |  NO
   859   |   1005.468750   | 1.171875  | 1006.640625  |    859    |   01101011011    |    35b    |  NO
   860   |   1006.640625   | 1.171875  | 1007.812500  |    860    |   01101011100    |    35c    |  NO
   861   |   1007.812500   | 1.171875  | 1008.984375  |    861    |   01101011101    |    35d    |  NO
   862   |   1008.984375   | 1.171875  | 1010.156250  |    862    |   01101011110    |    35e    |  NO
   863   |   1010.156250   | 1.171875  | 1011.328125  |    863    |   01101011111    |    35f    |  NO
   864   |   1011.328125   | 1.171875  | 1012.500000  |    864    |   01101100000    |    360    |  NO
   865   |   1012.500000   | 1.171875  | 1013.671875  |    865    |   01101100001    |    361    |  NO
   866   |   1013.671875   | 1.171875  | 1014.843750  |    866    |   01101100010    |    362    |  NO
   867   |   1014.843750   | 1.171875  | 1016.015625  |    867    |   01101100011    |    363    |  NO
   868   |   1016.015625   | 1.171875  | 1017.187500  |    868    |   01101100100    |    364    |  NO
   869   |   1017.187500   | 1.171875  | 1018.359375  |    869    |   01101100101    |    365    |  NO
   870   |   1018.359375   | 1.171875  | 1019.531250  |    870    |   01101100110    |    366    |  NO
   871   |   1019.531250   | 1.171875  | 1020.703125  |    871    |   01101100111    |    367    |  NO
   872   |   1020.703125   | 1.171875  | 1021.875000  |    872    |   01101101000    |    368    |  NO
   873   |   1021.875000   | 1.171875  | 1023.046875  |    873    |   01101101001    |    369    |  NO
   874   |   1023.046875   | 1.171875  | 1024.218750  |    874    |   01101101010    |    36a    |  NO
   875   |   1024.218750   | 1.171875  | 1025.390625  |    875    |   01101101011    |    36b    |  NO
   876   |   1025.390625   | 1.171875  | 1026.562500  |    876    |   01101101100    |    36c    |  NO
   877   |   1026.562500   | 1.171875  | 1027.734375  |    877    |   01101101101    |    36d    |  NO
   878   |   1027.734375   | 1.171875  | 1028.906250  |    878    |   01101101110    |    36e    |  NO
   879   |   1028.906250   | 1.171875  | 1030.078125  |    879    |   01101101111    |    36f    |  NO
   880   |   1030.078125   | 1.171875  | 1031.250000  |    880    |   01101110000    |    370    |  NO
   881   |   1031.250000   | 1.171875  | 1032.421875  |    881    |   01101110001    |    371    |  NO
   882   |   1032.421875   | 1.171875  | 1033.593750  |    882    |   01101110010    |    372    |  NO
   883   |   1033.593750   | 1.171875  | 1034.765625  |    883    |   01101110011    |    373    |  NO
   884   |   1034.765625   | 1.171875  | 1035.937500  |    884    |   01101110100    |    374    |  NO
   885   |   1035.937500   | 1.171875  | 1037.109375  |    885    |   01101110101    |    375    |  NO
   886   |   1037.109375   | 1.171875  | 1038.281250  |    886    |   01101110110    |    376    |  NO
   887   |   1038.281250   | 1.171875  | 1039.453125  |    887    |   01101110111    |    377    |  NO
   888   |   1039.453125   | 1.171875  | 1040.625000  |    888    |   01101111000    |    378    |  NO
   889   |   1040.625000   | 1.171875  | 1041.796875  |    889    |   01101111001    |    379    |  NO
   890   |   1041.796875   | 1.171875  | 1042.968750  |    890    |   01101111010    |    37a    |  NO
   891   |   1042.968750   | 1.171875  | 1044.140625  |    891    |   01101111011    |    37b    |  NO
   892   |   1044.140625   | 1.171875  | 1045.312500  |    892    |   01101111100    |    37c    |  NO
   893   |   1045.312500   | 1.171875  | 1046.484375  |    893    |   01101111101    |    37d    |  NO
   894   |   1046.484375   | 1.171875  | 1047.656250  |    894    |   01101111110    |    37e    |  NO
   895   |   1047.656250   | 1.171875  | 1048.828125  |    895    |   01101111111    |    37f    |  NO
   896   |   1048.828125   | 1.171875  | 1050.000000  |    896    |   01110000000    |    380    |  NO
   897   |   1050.000000   | 1.171875  | 1051.171875  |    897    |   01110000001    |    381    |  NO
   898   |   1051.171875   | 1.171875  | 1052.343750  |    898    |   01110000010    |    382    |  NO
   899   |   1052.343750   | 1.171875  | 1053.515625  |    899    |   01110000011    |    383    |  NO
   900   |   1053.515625   | 1.171875  | 1054.687500  |    900    |   01110000100    |    384    |  NO
   901   |   1054.687500   | 1.171875  | 1055.859375  |    901    |   01110000101    |    385    |  NO
   902   |   1055.859375   | 1.171875  | 1057.031250  |    902    |   01110000110    |    386    |  NO
   903   |   1057.031250   | 1.171875  | 1058.203125  |    903    |   01110000111    |    387    |  NO
   904   |   1058.203125   | 1.171875  | 1059.375000  |    904    |   01110001000    |    388    |  NO
   905   |   1059.375000   | 1.171875  | 1060.546875  |    905    |   01110001001    |    389    |  NO
   906   |   1060.546875   | 1.171875  | 1061.718750  |    906    |   01110001010    |    38a    |  NO
   907   |   1061.718750   | 1.171875  | 1062.890625  |    907    |   01110001011    |    38b    |  NO
   908   |   1062.890625   | 1.171875  | 1064.062500  |    908    |   01110001100    |    38c    |  NO
   909   |   1064.062500   | 1.171875  | 1065.234375  |    909    |   01110001101    |    38d    |  NO
   910   |   1065.234375   | 1.171875  | 1066.406250  |    910    |   01110001110    |    38e    |  NO
   911   |   1066.406250   | 1.171875  | 1067.578125  |    911    |   01110001111    |    38f    |  NO
   912   |   1067.578125   | 1.171875  | 1068.750000  |    912    |   01110010000    |    390    |  NO
   913   |   1068.750000   | 1.171875  | 1069.921875  |    913    |   01110010001    |    391    |  NO
   914   |   1069.921875   | 1.171875  | 1071.093750  |    914    |   01110010010    |    392    |  NO
   915   |   1071.093750   | 1.171875  | 1072.265625  |    915    |   01110010011    |    393    |  NO
   916   |   1072.265625   | 1.171875  | 1073.437500  |    916    |   01110010100    |    394    |  NO
   917   |   1073.437500   | 1.171875  | 1074.609375  |    917    |   01110010101    |    395    |  NO
   918   |   1074.609375   | 1.171875  | 1075.781250  |    918    |   01110010110    |    396    |  NO
   919   |   1075.781250   | 1.171875  | 1076.953125  |    919    |   01110010111    |    397    |  NO
   920   |   1076.953125   | 1.171875  | 1078.125000  |    920    |   01110011000    |    398    |  NO
   921   |   1078.125000   | 1.171875  | 1079.296875  |    921    |   01110011001    |    399    |  NO
   922   |   1079.296875   | 1.171875  | 1080.468750  |    922    |   01110011010    |    39a    |  NO
   923   |   1080.468750   | 1.171875  | 1081.640625  |    923    |   01110011011    |    39b    |  NO
   924   |   1081.640625   | 1.171875  | 1082.812500  |    924    |   01110011100    |    39c    |  NO
   925   |   1082.812500   | 1.171875  | 1083.984375  |    925    |   01110011101    |    39d    |  NO
   926   |   1083.984375   | 1.171875  | 1085.156250  |    926    |   01110011110    |    39e    |  NO
   927   |   1085.156250   | 1.171875  | 1086.328125  |    927    |   01110011111    |    39f    |  NO
   928   |   1086.328125   | 1.171875  | 1087.500000  |    928    |   01110100000    |    3a0    |  NO
   929   |   1087.500000   | 1.171875  | 1088.671875  |    929    |   01110100001    |    3a1    |  NO
   930   |   1088.671875   | 1.171875  | 1089.843750  |    930    |   01110100010    |    3a2    |  NO
   931   |   1089.843750   | 1.171875  | 1091.015625  |    931    |   01110100011    |    3a3    |  NO
   932   |   1091.015625   | 1.171875  | 1092.187500  |    932    |   01110100100    |    3a4    |  NO
   933   |   1092.187500   | 1.171875  | 1093.359375  |    933    |   01110100101    |    3a5    |  NO
   934   |   1093.359375   | 1.171875  | 1094.531250  |    934    |   01110100110    |    3a6    |  NO
   935   |   1094.531250   | 1.171875  | 1095.703125  |    935    |   01110100111    |    3a7    |  NO
   936   |   1095.703125   | 1.171875  | 1096.875000  |    936    |   01110101000    |    3a8    |  NO
   937   |   1096.875000   | 1.171875  | 1098.046875  |    937    |   01110101001    |    3a9    |  NO
   938   |   1098.046875   | 1.171875  | 1099.218750  |    938    |   01110101010    |    3aa    |  NO
   939   |   1099.218750   | 1.171875  | 1100.390625  |    939    |   01110101011    |    3ab    |  NO
   940   |   1100.390625   | 1.171875  | 1101.562500  |    940    |   01110101100    |    3ac    |  NO
   941   |   1101.562500   | 1.171875  | 1102.734375  |    941    |   01110101101    |    3ad    |  NO
   942   |   1102.734375   | 1.171875  | 1103.906250  |    942    |   01110101110    |    3ae    |  NO
   943   |   1103.906250   | 1.171875  | 1105.078125  |    943    |   01110101111    |    3af    |  NO
   944   |   1105.078125   | 1.171875  | 1106.250000  |    944    |   01110110000    |    3b0    |  NO
   945   |   1106.250000   | 1.171875  | 1107.421875  |    945    |   01110110001    |    3b1    |  NO
   946   |   1107.421875   | 1.171875  | 1108.593750  |    946    |   01110110010    |    3b2    |  NO
   947   |   1108.593750   | 1.171875  | 1109.765625  |    947    |   01110110011    |    3b3    |  NO
   948   |   1109.765625   | 1.171875  | 1110.937500  |    948    |   01110110100    |    3b4    |  NO
   949   |   1110.937500   | 1.171875  | 1112.109375  |    949    |   01110110101    |    3b5    |  NO
   950   |   1112.109375   | 1.171875  | 1113.281250  |    950    |   01110110110    |    3b6    |  NO
   951   |   1113.281250   | 1.171875  | 1114.453125  |    951    |   01110110111    |    3b7    |  NO
   952   |   1114.453125   | 1.171875  | 1115.625000  |    952    |   01110111000    |    3b8    |  NO
   953   |   1115.625000   | 1.171875  | 1116.796875  |    953    |   01110111001    |    3b9    |  NO
   954   |   1116.796875   | 1.171875  | 1117.968750  |    954    |   01110111010    |    3ba    |  NO
   955   |   1117.968750   | 1.171875  | 1119.140625  |    955    |   01110111011    |    3bb    |  NO
   956   |   1119.140625   | 1.171875  | 1120.312500  |    956    |   01110111100    |    3bc    |  NO
   957   |   1120.312500   | 1.171875  | 1121.484375  |    957    |   01110111101    |    3bd    |  NO
   958   |   1121.484375   | 1.171875  | 1122.656250  |    958    |   01110111110    |    3be    |  NO
   959   |   1122.656250   | 1.171875  | 1123.828125  |    959    |   01110111111    |    3bf    |  NO
   960   |   1123.828125   | 1.171875  | 1125.000000  |    960    |   01111000000    |    3c0    |  NO
   961   |   1125.000000   | 1.171875  | 1126.171875  |    961    |   01111000001    |    3c1    |  NO
   962   |   1126.171875   | 1.171875  | 1127.343750  |    962    |   01111000010    |    3c2    |  NO
   963   |   1127.343750   | 1.171875  | 1128.515625  |    963    |   01111000011    |    3c3    |  NO
   964   |   1128.515625   | 1.171875  | 1129.687500  |    964    |   01111000100    |    3c4    |  NO
   965   |   1129.687500   | 1.171875  | 1130.859375  |    965    |   01111000101    |    3c5    |  NO
   966   |   1130.859375   | 1.171875  | 1132.031250  |    966    |   01111000110    |    3c6    |  NO
   967   |   1132.031250   | 1.171875  | 1133.203125  |    967    |   01111000111    |    3c7    |  NO
   968   |   1133.203125   | 1.171875  | 1134.375000  |    968    |   01111001000    |    3c8    |  NO
   969   |   1134.375000   | 1.171875  | 1135.546875  |    969    |   01111001001    |    3c9    |  NO
   970   |   1135.546875   | 1.171875  | 1136.718750  |    970    |   01111001010    |    3ca    |  NO
   971   |   1136.718750   | 1.171875  | 1137.890625  |    971    |   01111001011    |    3cb    |  NO
   972   |   1137.890625   | 1.171875  | 1139.062500  |    972    |   01111001100    |    3cc    |  NO
   973   |   1139.062500   | 1.171875  | 1140.234375  |    973    |   01111001101    |    3cd    |  NO
   974   |   1140.234375   | 1.171875  | 1141.406250  |    974    |   01111001110    |    3ce    |  NO
   975   |   1141.406250   | 1.171875  | 1142.578125  |    975    |   01111001111    |    3cf    |  NO
   976   |   1142.578125   | 1.171875  | 1143.750000  |    976    |   01111010000    |    3d0    |  NO
   977   |   1143.750000   | 1.171875  | 1144.921875  |    977    |   01111010001    |    3d1    |  NO
   978   |   1144.921875   | 1.171875  | 1146.093750  |    978    |   01111010010    |    3d2    |  NO
   979   |   1146.093750   | 1.171875  | 1147.265625  |    979    |   01111010011    |    3d3    |  NO
   980   |   1147.265625   | 1.171875  | 1148.437500  |    980    |   01111010100    |    3d4    |  NO
   981   |   1148.437500   | 1.171875  | 1149.609375  |    981    |   01111010101    |    3d5    |  NO
   982   |   1149.609375   | 1.171875  | 1150.781250  |    982    |   01111010110    |    3d6    |  NO
   983   |   1150.781250   | 1.171875  | 1151.953125  |    983    |   01111010111    |    3d7    |  NO
   984   |   1151.953125   | 1.171875  | 1153.125000  |    984    |   01111011000    |    3d8    |  NO
   985   |   1153.125000   | 1.171875  | 1154.296875  |    985    |   01111011001    |    3d9    |  NO
   986   |   1154.296875   | 1.171875  | 1155.468750  |    986    |   01111011010    |    3da    |  NO
   987   |   1155.468750   | 1.171875  | 1156.640625  |    987    |   01111011011    |    3db    |  NO
   988   |   1156.640625   | 1.171875  | 1157.812500  |    988    |   01111011100    |    3dc    |  NO
   989   |   1157.812500   | 1.171875  | 1158.984375  |    989    |   01111011101    |    3dd    |  NO
   990   |   1158.984375   | 1.171875  | 1160.156250  |    990    |   01111011110    |    3de    |  NO
   991   |   1160.156250   | 1.171875  | 1161.328125  |    991    |   01111011111    |    3df    |  NO
   992   |   1161.328125   | 1.171875  | 1162.500000  |    992    |   01111100000    |    3e0    |  NO
   993   |   1162.500000   | 1.171875  | 1163.671875  |    993    |   01111100001    |    3e1    |  NO
   994   |   1163.671875   | 1.171875  | 1164.843750  |    994    |   01111100010    |    3e2    |  NO
   995   |   1164.843750   | 1.171875  | 1166.015625  |    995    |   01111100011    |    3e3    |  NO
   996   |   1166.015625   | 1.171875  | 1167.187500  |    996    |   01111100100    |    3e4    |  NO
   997   |   1167.187500   | 1.171875  | 1168.359375  |    997    |   01111100101    |    3e5    |  NO
   998   |   1168.359375   | 1.171875  | 1169.531250  |    998    |   01111100110    |    3e6    |  NO
   999   |   1169.531250   | 1.171875  | 1170.703125  |    999    |   01111100111    |    3e7    |  NO
  1000   |   1170.703125   | 1.171875  | 1171.875000  |   1000    |   01111101000    |    3e8    |  NO
  1001   |   1171.875000   | 1.171875  | 1173.046875  |   1001    |   01111101001    |    3e9    |  NO
  1002   |   1173.046875   | 1.171875  | 1174.218750  |   1002    |   01111101010    |    3ea    |  NO
  1003   |   1174.218750   | 1.171875  | 1175.390625  |   1003    |   01111101011    |    3eb    |  NO
  1004   |   1175.390625   | 1.171875  | 1176.562500  |   1004    |   01111101100    |    3ec    |  NO
  1005   |   1176.562500   | 1.171875  | 1177.734375  |   1005    |   01111101101    |    3ed    |  NO
  1006   |   1177.734375   | 1.171875  | 1178.906250  |   1006    |   01111101110    |    3ee    |  NO
  1007   |   1178.906250   | 1.171875  | 1180.078125  |   1007    |   01111101111    |    3ef    |  NO
  1008   |   1180.078125   | 1.171875  | 1181.250000  |   1008    |   01111110000    |    3f0    |  NO
  1009   |   1181.250000   | 1.171875  | 1182.421875  |   1009    |   01111110001    |    3f1    |  NO
  1010   |   1182.421875   | 1.171875  | 1183.593750  |   1010    |   01111110010    |    3f2    |  NO
  1011   |   1183.593750   | 1.171875  | 1184.765625  |   1011    |   01111110011    |    3f3    |  NO
  1012   |   1184.765625   | 1.171875  | 1185.937500  |   1012    |   01111110100    |    3f4    |  NO
  1013   |   1185.937500   | 1.171875  | 1187.109375  |   1013    |   01111110101    |    3f5    |  NO
  1014   |   1187.109375   | 1.171875  | 1188.281250  |   1014    |   01111110110    |    3f6    |  NO
  1015   |   1188.281250   | 1.171875  | 1189.453125  |   1015    |   01111110111    |    3f7    |  NO
  1016   |   1189.453125   | 1.171875  | 1190.625000  |   1016    |   01111111000    |    3f8    |  NO
  1017   |   1190.625000   | 1.171875  | 1191.796875  |   1017    |   01111111001    |    3f9    |  NO
  1018   |   1191.796875   | 1.171875  | 1192.968750  |   1018    |   01111111010    |    3fa    |  NO
  1019   |   1192.968750   | 1.171875  | 1194.140625  |   1019    |   01111111011    |    3fb    |  NO
  1020   |   1194.140625   | 1.171875  | 1195.312500  |   1020    |   01111111100    |    3fc    |  NO
  1021   |   1195.312500   | 1.171875  | 1196.484375  |   1021    |   01111111101    |    3fd    |  NO
  1022   |   1196.484375   | 1.171875  | 1197.656250  |   1022    |   01111111110    |    3fe    |  NO
  1023   |   1197.656250   | 1.171875  | 1198.828125  |   1023    |   01111111111    |    3ff    |  NO
  1024   |   1198.828125   | 1.171875  | 1200.000000  |   1024    |   10000000000    |    400    |  NO
  1025   |   1200.000000   | 1.171875  | 1201.171875  |   1025    |   10000000001    |    401    |  NO
  1026   |   1201.171875   | 1.171875  | 1202.343750  |   1026    |   10000000010    |    402    |  NO
  1027   |   1202.343750   | 1.171875  | 1203.515625  |   1027    |   10000000011    |    403    |  NO
  1028   |   1203.515625   | 1.171875  | 1204.687500  |   1028    |   10000000100    |    404    |  NO
  1029   |   1204.687500   | 1.171875  | 1205.859375  |   1029    |   10000000101    |    405    |  NO
  1030   |   1205.859375   | 1.171875  | 1207.031250  |   1030    |   10000000110    |    406    |  NO
  1031   |   1207.031250   | 1.171875  | 1208.203125  |   1031    |   10000000111    |    407    |  NO
  1032   |   1208.203125   | 1.171875  | 1209.375000  |   1032    |   10000001000    |    408    |  NO
  1033   |   1209.375000   | 1.171875  | 1210.546875  |   1033    |   10000001001    |    409    |  NO
  1034   |   1210.546875   | 1.171875  | 1211.718750  |   1034    |   10000001010    |    40a    |  NO
  1035   |   1211.718750   | 1.171875  | 1212.890625  |   1035    |   10000001011    |    40b    |  NO
  1036   |   1212.890625   | 1.171875  | 1214.062500  |   1036    |   10000001100    |    40c    |  NO
  1037   |   1214.062500   | 1.171875  | 1215.234375  |   1037    |   10000001101    |    40d    |  NO
  1038   |   1215.234375   | 1.171875  | 1216.406250  |   1038    |   10000001110    |    40e    |  NO
  1039   |   1216.406250   | 1.171875  | 1217.578125  |   1039    |   10000001111    |    40f    |  NO
  1040   |   1217.578125   | 1.171875  | 1218.750000  |   1040    |   10000010000    |    410    |  NO
  1041   |   1218.750000   | 1.171875  | 1219.921875  |   1041    |   10000010001    |    411    |  NO
  1042   |   1219.921875   | 1.171875  | 1221.093750  |   1042    |   10000010010    |    412    |  NO
  1043   |   1221.093750   | 1.171875  | 1222.265625  |   1043    |   10000010011    |    413    |  NO
  1044   |   1222.265625   | 1.171875  | 1223.437500  |   1044    |   10000010100    |    414    |  NO
  1045   |   1223.437500   | 1.171875  | 1224.609375  |   1045    |   10000010101    |    415    |  NO
  1046   |   1224.609375   | 1.171875  | 1225.781250  |   1046    |   10000010110    |    416    |  NO
  1047   |   1225.781250   | 1.171875  | 1226.953125  |   1047    |   10000010111    |    417    |  NO
  1048   |   1226.953125   | 1.171875  | 1228.125000  |   1048    |   10000011000    |    418    |  NO
  1049   |   1228.125000   | 1.171875  | 1229.296875  |   1049    |   10000011001    |    419    |  NO
  1050   |   1229.296875   | 1.171875  | 1230.468750  |   1050    |   10000011010    |    41a    |  NO
  1051   |   1230.468750   | 1.171875  | 1231.640625  |   1051    |   10000011011    |    41b    |  NO
  1052   |   1231.640625   | 1.171875  | 1232.812500  |   1052    |   10000011100    |    41c    |  NO
  1053   |   1232.812500   | 1.171875  | 1233.984375  |   1053    |   10000011101    |    41d    |  NO
  1054   |   1233.984375   | 1.171875  | 1235.156250  |   1054    |   10000011110    |    41e    |  NO
  1055   |   1235.156250   | 1.171875  | 1236.328125  |   1055    |   10000011111    |    41f    |  NO
  1056   |   1236.328125   | 1.171875  | 1237.500000  |   1056    |   10000100000    |    420    |  NO
  1057   |   1237.500000   | 1.171875  | 1238.671875  |   1057    |   10000100001    |    421    |  NO
  1058   |   1238.671875   | 1.171875  | 1239.843750  |   1058    |   10000100010    |    422    |  NO
  1059   |   1239.843750   | 1.171875  | 1241.015625  |   1059    |   10000100011    |    423    |  NO
  1060   |   1241.015625   | 1.171875  | 1242.187500  |   1060    |   10000100100    |    424    |  NO
  1061   |   1242.187500   | 1.171875  | 1243.359375  |   1061    |   10000100101    |    425    |  NO
  1062   |   1243.359375   | 1.171875  | 1244.531250  |   1062    |   10000100110    |    426    |  NO
  1063   |   1244.531250   | 1.171875  | 1245.703125  |   1063    |   10000100111    |    427    |  NO
  1064   |   1245.703125   | 1.171875  | 1246.875000  |   1064    |   10000101000    |    428    |  NO
  1065   |   1246.875000   | 1.171875  | 1248.046875  |   1065    |   10000101001    |    429    |  NO
  1066   |   1248.046875   | 1.171875  | 1249.218750  |   1066    |   10000101010    |    42a    |  NO
  1067   |   1249.218750   | 1.171875  | 1250.390625  |   1067    |   10000101011    |    42b    |  NO
  1068   |   1250.390625   | 1.171875  | 1251.562500  |   1068    |   10000101100    |    42c    |  NO
  1069   |   1251.562500   | 1.171875  | 1252.734375  |   1069    |   10000101101    |    42d    |  NO
  1070   |   1252.734375   | 1.171875  | 1253.906250  |   1070    |   10000101110    |    42e    |  NO
  1071   |   1253.906250   | 1.171875  | 1255.078125  |   1071    |   10000101111    |    42f    |  NO
  1072   |   1255.078125   | 1.171875  | 1256.250000  |   1072    |   10000110000    |    430    |  NO
  1073   |   1256.250000   | 1.171875  | 1257.421875  |   1073    |   10000110001    |    431    |  NO
  1074   |   1257.421875   | 1.171875  | 1258.593750  |   1074    |   10000110010    |    432    |  NO
  1075   |   1258.593750   | 1.171875  | 1259.765625  |   1075    |   10000110011    |    433    |  NO
  1076   |   1259.765625   | 1.171875  | 1260.937500  |   1076    |   10000110100    |    434    |  NO
  1077   |   1260.937500   | 1.171875  | 1262.109375  |   1077    |   10000110101    |    435    |  NO
  1078   |   1262.109375   | 1.171875  | 1263.281250  |   1078    |   10000110110    |    436    |  NO
  1079   |   1263.281250   | 1.171875  | 1264.453125  |   1079    |   10000110111    |    437    |  NO
  1080   |   1264.453125   | 1.171875  | 1265.625000  |   1080    |   10000111000    |    438    |  NO
  1081   |   1265.625000   | 1.171875  | 1266.796875  |   1081    |   10000111001    |    439    |  NO
  1082   |   1266.796875   | 1.171875  | 1267.968750  |   1082    |   10000111010    |    43a    |  NO
  1083   |   1267.968750   | 1.171875  | 1269.140625  |   1083    |   10000111011    |    43b    |  NO
  1084   |   1269.140625   | 1.171875  | 1270.312500  |   1084    |   10000111100    |    43c    |  NO
  1085   |   1270.312500   | 1.171875  | 1271.484375  |   1085    |   10000111101    |    43d    |  NO
  1086   |   1271.484375   | 1.171875  | 1272.656250  |   1086    |   10000111110    |    43e    |  NO
  1087   |   1272.656250   | 1.171875  | 1273.828125  |   1087    |   10000111111    |    43f    |  NO
  1088   |   1273.828125   | 1.171875  | 1275.000000  |   1088    |   10001000000    |    440    |  NO
  1089   |   1275.000000   | 1.171875  | 1276.171875  |   1089    |   10001000001    |    441    |  NO
  1090   |   1276.171875   | 1.171875  | 1277.343750  |   1090    |   10001000010    |    442    |  NO
  1091   |   1277.343750   | 1.171875  | 1278.515625  |   1091    |   10001000011    |    443    |  NO
  1092   |   1278.515625   | 1.171875  | 1279.687500  |   1092    |   10001000100    |    444    |  NO
  1093   |   1279.687500   | 1.171875  | 1280.859375  |   1093    |   10001000101    |    445    |  NO
  1094   |   1280.859375   | 1.171875  | 1282.031250  |   1094    |   10001000110    |    446    |  NO
  1095   |   1282.031250   | 1.171875  | 1283.203125  |   1095    |   10001000111    |    447    |  NO
  1096   |   1283.203125   | 1.171875  | 1284.375000  |   1096    |   10001001000    |    448    |  NO
  1097   |   1284.375000   | 1.171875  | 1285.546875  |   1097    |   10001001001    |    449    |  NO
  1098   |   1285.546875   | 1.171875  | 1286.718750  |   1098    |   10001001010    |    44a    |  NO
  1099   |   1286.718750   | 1.171875  | 1287.890625  |   1099    |   10001001011    |    44b    |  NO
  1100   |   1287.890625   | 1.171875  | 1289.062500  |   1100    |   10001001100    |    44c    |  NO
  1101   |   1289.062500   | 1.171875  | 1290.234375  |   1101    |   10001001101    |    44d    |  NO
  1102   |   1290.234375   | 1.171875  | 1291.406250  |   1102    |   10001001110    |    44e    |  NO
  1103   |   1291.406250   | 1.171875  | 1292.578125  |   1103    |   10001001111    |    44f    |  NO
  1104   |   1292.578125   | 1.171875  | 1293.750000  |   1104    |   10001010000    |    450    |  NO
  1105   |   1293.750000   | 1.171875  | 1294.921875  |   1105    |   10001010001    |    451    |  NO
  1106   |   1294.921875   | 1.171875  | 1296.093750  |   1106    |   10001010010    |    452    |  NO
  1107   |   1296.093750   | 1.171875  | 1297.265625  |   1107    |   10001010011    |    453    |  NO
  1108   |   1297.265625   | 1.171875  | 1298.437500  |   1108    |   10001010100    |    454    |  NO
  1109   |   1298.437500   | 1.171875  | 1299.609375  |   1109    |   10001010101    |    455    |  NO
  1110   |   1299.609375   | 1.171875  | 1300.781250  |   1110    |   10001010110    |    456    |  NO
  1111   |   1300.781250   | 1.171875  | 1301.953125  |   1111    |   10001010111    |    457    |  NO
  1112   |   1301.953125   | 1.171875  | 1303.125000  |   1112    |   10001011000    |    458    |  NO
  1113   |   1303.125000   | 1.171875  | 1304.296875  |   1113    |   10001011001    |    459    |  NO
  1114   |   1304.296875   | 1.171875  | 1305.468750  |   1114    |   10001011010    |    45a    |  NO
  1115   |   1305.468750   | 1.171875  | 1306.640625  |   1115    |   10001011011    |    45b    |  NO
  1116   |   1306.640625   | 1.171875  | 1307.812500  |   1116    |   10001011100    |    45c    |  NO
  1117   |   1307.812500   | 1.171875  | 1308.984375  |   1117    |   10001011101    |    45d    |  NO
  1118   |   1308.984375   | 1.171875  | 1310.156250  |   1118    |   10001011110    |    45e    |  NO
  1119   |   1310.156250   | 1.171875  | 1311.328125  |   1119    |   10001011111    |    45f    |  NO
  1120   |   1311.328125   | 1.171875  | 1312.500000  |   1120    |   10001100000    |    460    |  NO
  1121   |   1312.500000   | 1.171875  | 1313.671875  |   1121    |   10001100001    |    461    |  NO
  1122   |   1313.671875   | 1.171875  | 1314.843750  |   1122    |   10001100010    |    462    |  NO
  1123   |   1314.843750   | 1.171875  | 1316.015625  |   1123    |   10001100011    |    463    |  NO
  1124   |   1316.015625   | 1.171875  | 1317.187500  |   1124    |   10001100100    |    464    |  NO
  1125   |   1317.187500   | 1.171875  | 1318.359375  |   1125    |   10001100101    |    465    |  NO
  1126   |   1318.359375   | 1.171875  | 1319.531250  |   1126    |   10001100110    |    466    |  NO
  1127   |   1319.531250   | 1.171875  | 1320.703125  |   1127    |   10001100111    |    467    |  NO
  1128   |   1320.703125   | 1.171875  | 1321.875000  |   1128    |   10001101000    |    468    |  NO
  1129   |   1321.875000   | 1.171875  | 1323.046875  |   1129    |   10001101001    |    469    |  NO
  1130   |   1323.046875   | 1.171875  | 1324.218750  |   1130    |   10001101010    |    46a    |  NO
  1131   |   1324.218750   | 1.171875  | 1325.390625  |   1131    |   10001101011    |    46b    |  NO
  1132   |   1325.390625   | 1.171875  | 1326.562500  |   1132    |   10001101100    |    46c    |  NO
  1133   |   1326.562500   | 1.171875  | 1327.734375  |   1133    |   10001101101    |    46d    |  NO
  1134   |   1327.734375   | 1.171875  | 1328.906250  |   1134    |   10001101110    |    46e    |  NO
  1135   |   1328.906250   | 1.171875  | 1330.078125  |   1135    |   10001101111    |    46f    |  NO
  1136   |   1330.078125   | 1.171875  | 1331.250000  |   1136    |   10001110000    |    470    |  NO
  1137   |   1331.250000   | 1.171875  | 1332.421875  |   1137    |   10001110001    |    471    |  NO
  1138   |   1332.421875   | 1.171875  | 1333.593750  |   1138    |   10001110010    |    472    |  NO
  1139   |   1333.593750   | 1.171875  | 1334.765625  |   1139    |   10001110011    |    473    |  NO
  1140   |   1334.765625   | 1.171875  | 1335.937500  |   1140    |   10001110100    |    474    |  NO
  1141   |   1335.937500   | 1.171875  | 1337.109375  |   1141    |   10001110101    |    475    |  NO
  1142   |   1337.109375   | 1.171875  | 1338.281250  |   1142    |   10001110110    |    476    |  NO
  1143   |   1338.281250   | 1.171875  | 1339.453125  |   1143    |   10001110111    |    477    |  NO
  1144   |   1339.453125   | 1.171875  | 1340.625000  |   1144    |   10001111000    |    478    |  NO
  1145   |   1340.625000   | 1.171875  | 1341.796875  |   1145    |   10001111001    |    479    |  NO
  1146   |   1341.796875   | 1.171875  | 1342.968750  |   1146    |   10001111010    |    47a    |  NO
  1147   |   1342.968750   | 1.171875  | 1344.140625  |   1147    |   10001111011    |    47b    |  NO
  1148   |   1344.140625   | 1.171875  | 1345.312500  |   1148    |   10001111100    |    47c    |  NO
  1149   |   1345.312500   | 1.171875  | 1346.484375  |   1149    |   10001111101    |    47d    |  NO
  1150   |   1346.484375   | 1.171875  | 1347.656250  |   1150    |   10001111110    |    47e    |  NO
  1151   |   1347.656250   | 1.171875  | 1348.828125  |   1151    |   10001111111    |    47f    |  NO
  1152   |   1348.828125   | 1.171875  | 1350.000000  |   1152    |   10010000000    |    480    |  NO
  1153   |   1350.000000   | 1.171875  | 1351.171875  |   1153    |   10010000001    |    481    |  NO
  1154   |   1351.171875   | 1.171875  | 1352.343750  |   1154    |   10010000010    |    482    |  NO
  1155   |   1352.343750   | 1.171875  | 1353.515625  |   1155    |   10010000011    |    483    |  NO
  1156   |   1353.515625   | 1.171875  | 1354.687500  |   1156    |   10010000100    |    484    |  NO
  1157   |   1354.687500   | 1.171875  | 1355.859375  |   1157    |   10010000101    |    485    |  NO
  1158   |   1355.859375   | 1.171875  | 1357.031250  |   1158    |   10010000110    |    486    |  NO
  1159   |   1357.031250   | 1.171875  | 1358.203125  |   1159    |   10010000111    |    487    |  NO
  1160   |   1358.203125   | 1.171875  | 1359.375000  |   1160    |   10010001000    |    488    |  NO
  1161   |   1359.375000   | 1.171875  | 1360.546875  |   1161    |   10010001001    |    489    |  NO
  1162   |   1360.546875   | 1.171875  | 1361.718750  |   1162    |   10010001010    |    48a    |  NO
  1163   |   1361.718750   | 1.171875  | 1362.890625  |   1163    |   10010001011    |    48b    |  NO
  1164   |   1362.890625   | 1.171875  | 1364.062500  |   1164    |   10010001100    |    48c    |  NO
  1165   |   1364.062500   | 1.171875  | 1365.234375  |   1165    |   10010001101    |    48d    |  NO
  1166   |   1365.234375   | 1.171875  | 1366.406250  |   1166    |   10010001110    |    48e    |  NO
  1167   |   1366.406250   | 1.171875  | 1367.578125  |   1167    |   10010001111    |    48f    |  NO
  1168   |   1367.578125   | 1.171875  | 1368.750000  |   1168    |   10010010000    |    490    |  NO
  1169   |   1368.750000   | 1.171875  | 1369.921875  |   1169    |   10010010001    |    491    |  NO
  1170   |   1369.921875   | 1.171875  | 1371.093750  |   1170    |   10010010010    |    492    |  NO
  1171   |   1371.093750   | 1.171875  | 1372.265625  |   1171    |   10010010011    |    493    |  NO
  1172   |   1372.265625   | 1.171875  | 1373.437500  |   1172    |   10010010100    |    494    |  NO
  1173   |   1373.437500   | 1.171875  | 1374.609375  |   1173    |   10010010101    |    495    |  NO
  1174   |   1374.609375   | 1.171875  | 1375.781250  |   1174    |   10010010110    |    496    |  NO
  1175   |   1375.781250   | 1.171875  | 1376.953125  |   1175    |   10010010111    |    497    |  NO
  1176   |   1376.953125   | 1.171875  | 1378.125000  |   1176    |   10010011000    |    498    |  NO
  1177   |   1378.125000   | 1.171875  | 1379.296875  |   1177    |   10010011001    |    499    |  NO
  1178   |   1379.296875   | 1.171875  | 1380.468750  |   1178    |   10010011010    |    49a    |  NO
  1179   |   1380.468750   | 1.171875  | 1381.640625  |   1179    |   10010011011    |    49b    |  NO
  1180   |   1381.640625   | 1.171875  | 1382.812500  |   1180    |   10010011100    |    49c    |  NO
  1181   |   1382.812500   | 1.171875  | 1383.984375  |   1181    |   10010011101    |    49d    |  NO
  1182   |   1383.984375   | 1.171875  | 1385.156250  |   1182    |   10010011110    |    49e    |  NO
  1183   |   1385.156250   | 1.171875  | 1386.328125  |   1183    |   10010011111    |    49f    |  NO
  1184   |   1386.328125   | 1.171875  | 1387.500000  |   1184    |   10010100000    |    4a0    |  NO
  1185   |   1387.500000   | 1.171875  | 1388.671875  |   1185    |   10010100001    |    4a1    |  NO
  1186   |   1388.671875   | 1.171875  | 1389.843750  |   1186    |   10010100010    |    4a2    |  NO
  1187   |   1389.843750   | 1.171875  | 1391.015625  |   1187    |   10010100011    |    4a3    |  NO
  1188   |   1391.015625   | 1.171875  | 1392.187500  |   1188    |   10010100100    |    4a4    |  NO
  1189   |   1392.187500   | 1.171875  | 1393.359375  |   1189    |   10010100101    |    4a5    |  NO
  1190   |   1393.359375   | 1.171875  | 1394.531250  |   1190    |   10010100110    |    4a6    |  NO
  1191   |   1394.531250   | 1.171875  | 1395.703125  |   1191    |   10010100111    |    4a7    |  NO
  1192   |   1395.703125   | 1.171875  | 1396.875000  |   1192    |   10010101000    |    4a8    |  NO
  1193   |   1396.875000   | 1.171875  | 1398.046875  |   1193    |   10010101001    |    4a9    |  NO
  1194   |   1398.046875   | 1.171875  | 1399.218750  |   1194    |   10010101010    |    4aa    |  NO
  1195   |   1399.218750   | 1.171875  | 1400.390625  |   1195    |   10010101011    |    4ab    |  NO
  1196   |   1400.390625   | 1.171875  | 1401.562500  |   1196    |   10010101100    |    4ac    |  NO
  1197   |   1401.562500   | 1.171875  | 1402.734375  |   1197    |   10010101101    |    4ad    |  NO
  1198   |   1402.734375   | 1.171875  | 1403.906250  |   1198    |   10010101110    |    4ae    |  NO
  1199   |   1403.906250   | 1.171875  | 1405.078125  |   1199    |   10010101111    |    4af    |  NO
  1200   |   1405.078125   | 1.171875  | 1406.250000  |   1200    |   10010110000    |    4b0    |  NO
  1201   |   1406.250000   | 1.171875  | 1407.421875  |   1201    |   10010110001    |    4b1    |  NO
  1202   |   1407.421875   | 1.171875  | 1408.593750  |   1202    |   10010110010    |    4b2    |  NO
  1203   |   1408.593750   | 1.171875  | 1409.765625  |   1203    |   10010110011    |    4b3    |  NO
  1204   |   1409.765625   | 1.171875  | 1410.937500  |   1204    |   10010110100    |    4b4    |  NO
  1205   |   1410.937500   | 1.171875  | 1412.109375  |   1205    |   10010110101    |    4b5    |  NO
  1206   |   1412.109375   | 1.171875  | 1413.281250  |   1206    |   10010110110    |    4b6    |  NO
  1207   |   1413.281250   | 1.171875  | 1414.453125  |   1207    |   10010110111    |    4b7    |  NO
  1208   |   1414.453125   | 1.171875  | 1415.625000  |   1208    |   10010111000    |    4b8    |  NO
  1209   |   1415.625000   | 1.171875  | 1416.796875  |   1209    |   10010111001    |    4b9    |  NO
  1210   |   1416.796875   | 1.171875  | 1417.968750  |   1210    |   10010111010    |    4ba    |  NO
  1211   |   1417.968750   | 1.171875  | 1419.140625  |   1211    |   10010111011    |    4bb    |  NO
  1212   |   1419.140625   | 1.171875  | 1420.312500  |   1212    |   10010111100    |    4bc    |  NO
  1213   |   1420.312500   | 1.171875  | 1421.484375  |   1213    |   10010111101    |    4bd    |  NO
  1214   |   1421.484375   | 1.171875  | 1422.656250  |   1214    |   10010111110    |    4be    |  NO
  1215   |   1422.656250   | 1.171875  | 1423.828125  |   1215    |   10010111111    |    4bf    |  NO
  1216   |   1423.828125   | 1.171875  | 1425.000000  |   1216    |   10011000000    |    4c0    |  NO
  1217   |   1425.000000   | 1.171875  | 1426.171875  |   1217    |   10011000001    |    4c1    |  NO
  1218   |   1426.171875   | 1.171875  | 1427.343750  |   1218    |   10011000010    |    4c2    |  NO
  1219   |   1427.343750   | 1.171875  | 1428.515625  |   1219    |   10011000011    |    4c3    |  NO
  1220   |   1428.515625   | 1.171875  | 1429.687500  |   1220    |   10011000100    |    4c4    |  NO
  1221   |   1429.687500   | 1.171875  | 1430.859375  |   1221    |   10011000101    |    4c5    |  NO
  1222   |   1430.859375   | 1.171875  | 1432.031250  |   1222    |   10011000110    |    4c6    |  NO
  1223   |   1432.031250   | 1.171875  | 1433.203125  |   1223    |   10011000111    |    4c7    |  NO
  1224   |   1433.203125   | 1.171875  | 1434.375000  |   1224    |   10011001000    |    4c8    |  NO
  1225   |   1434.375000   | 1.171875  | 1435.546875  |   1225    |   10011001001    |    4c9    |  NO
  1226   |   1435.546875   | 1.171875  | 1436.718750  |   1226    |   10011001010    |    4ca    |  NO
  1227   |   1436.718750   | 1.171875  | 1437.890625  |   1227    |   10011001011    |    4cb    |  NO
  1228   |   1437.890625   | 1.171875  | 1439.062500  |   1228    |   10011001100    |    4cc    |  NO
  1229   |   1439.062500   | 1.171875  | 1440.234375  |   1229    |   10011001101    |    4cd    |  NO
  1230   |   1440.234375   | 1.171875  | 1441.406250  |   1230    |   10011001110    |    4ce    |  NO
  1231   |   1441.406250   | 1.171875  | 1442.578125  |   1231    |   10011001111    |    4cf    |  NO
  1232   |   1442.578125   | 1.171875  | 1443.750000  |   1232    |   10011010000    |    4d0    |  NO
  1233   |   1443.750000   | 1.171875  | 1444.921875  |   1233    |   10011010001    |    4d1    |  NO
  1234   |   1444.921875   | 1.171875  | 1446.093750  |   1234    |   10011010010    |    4d2    |  NO
  1235   |   1446.093750   | 1.171875  | 1447.265625  |   1235    |   10011010011    |    4d3    |  NO
  1236   |   1447.265625   | 1.171875  | 1448.437500  |   1236    |   10011010100    |    4d4    |  NO
  1237   |   1448.437500   | 1.171875  | 1449.609375  |   1237    |   10011010101    |    4d5    |  NO
  1238   |   1449.609375   | 1.171875  | 1450.781250  |   1238    |   10011010110    |    4d6    |  NO
  1239   |   1450.781250   | 1.171875  | 1451.953125  |   1239    |   10011010111    |    4d7    |  NO
  1240   |   1451.953125   | 1.171875  | 1453.125000  |   1240    |   10011011000    |    4d8    |  NO
  1241   |   1453.125000   | 1.171875  | 1454.296875  |   1241    |   10011011001    |    4d9    |  NO
  1242   |   1454.296875   | 1.171875  | 1455.468750  |   1242    |   10011011010    |    4da    |  NO
  1243   |   1455.468750   | 1.171875  | 1456.640625  |   1243    |   10011011011    |    4db    |  NO
  1244   |   1456.640625   | 1.171875  | 1457.812500  |   1244    |   10011011100    |    4dc    |  NO
  1245   |   1457.812500   | 1.171875  | 1458.984375  |   1245    |   10011011101    |    4dd    |  NO
  1246   |   1458.984375   | 1.171875  | 1460.156250  |   1246    |   10011011110    |    4de    |  NO
  1247   |   1460.156250   | 1.171875  | 1461.328125  |   1247    |   10011011111    |    4df    |  NO
  1248   |   1461.328125   | 1.171875  | 1462.500000  |   1248    |   10011100000    |    4e0    |  NO
  1249   |   1462.500000   | 1.171875  | 1463.671875  |   1249    |   10011100001    |    4e1    |  NO
  1250   |   1463.671875   | 1.171875  | 1464.843750  |   1250    |   10011100010    |    4e2    |  NO
  1251   |   1464.843750   | 1.171875  | 1466.015625  |   1251    |   10011100011    |    4e3    |  NO
  1252   |   1466.015625   | 1.171875  | 1467.187500  |   1252    |   10011100100    |    4e4    |  NO
  1253   |   1467.187500   | 1.171875  | 1468.359375  |   1253    |   10011100101    |    4e5    |  NO
  1254   |   1468.359375   | 1.171875  | 1469.531250  |   1254    |   10011100110    |    4e6    |  NO
  1255   |   1469.531250   | 1.171875  | 1470.703125  |   1255    |   10011100111    |    4e7    |  NO
  1256   |   1470.703125   | 1.171875  | 1471.875000  |   1256    |   10011101000    |    4e8    |  NO
  1257   |   1471.875000   | 1.171875  | 1473.046875  |   1257    |   10011101001    |    4e9    |  NO
  1258   |   1473.046875   | 1.171875  | 1474.218750  |   1258    |   10011101010    |    4ea    |  NO
  1259   |   1474.218750   | 1.171875  | 1475.390625  |   1259    |   10011101011    |    4eb    |  NO
  1260   |   1475.390625   | 1.171875  | 1476.562500  |   1260    |   10011101100    |    4ec    |  NO
  1261   |   1476.562500   | 1.171875  | 1477.734375  |   1261    |   10011101101    |    4ed    |  NO
  1262   |   1477.734375   | 1.171875  | 1478.906250  |   1262    |   10011101110    |    4ee    |  NO
  1263   |   1478.906250   | 1.171875  | 1480.078125  |   1263    |   10011101111    |    4ef    |  NO
  1264   |   1480.078125   | 1.171875  | 1481.250000  |   1264    |   10011110000    |    4f0    |  NO
  1265   |   1481.250000   | 1.171875  | 1482.421875  |   1265    |   10011110001    |    4f1    |  NO
  1266   |   1482.421875   | 1.171875  | 1483.593750  |   1266    |   10011110010    |    4f2    |  NO
  1267   |   1483.593750   | 1.171875  | 1484.765625  |   1267    |   10011110011    |    4f3    |  NO
  1268   |   1484.765625   | 1.171875  | 1485.937500  |   1268    |   10011110100    |    4f4    |  NO
  1269   |   1485.937500   | 1.171875  | 1487.109375  |   1269    |   10011110101    |    4f5    |  NO
  1270   |   1487.109375   | 1.171875  | 1488.281250  |   1270    |   10011110110    |    4f6    |  NO
  1271   |   1488.281250   | 1.171875  | 1489.453125  |   1271    |   10011110111    |    4f7    |  NO
  1272   |   1489.453125   | 1.171875  | 1490.625000  |   1272    |   10011111000    |    4f8    |  NO
  1273   |   1490.625000   | 1.171875  | 1491.796875  |   1273    |   10011111001    |    4f9    |  NO
  1274   |   1491.796875   | 1.171875  | 1492.968750  |   1274    |   10011111010    |    4fa    |  NO
  1275   |   1492.968750   | 1.171875  | 1494.140625  |   1275    |   10011111011    |    4fb    |  NO
  1276   |   1494.140625   | 1.171875  | 1495.312500  |   1276    |   10011111100    |    4fc    |  NO
  1277   |   1495.312500   | 1.171875  | 1496.484375  |   1277    |   10011111101    |    4fd    |  NO
  1278   |   1496.484375   | 1.171875  | 1497.656250  |   1278    |   10011111110    |    4fe    |  NO
  1279   |   1497.656250   | 1.171875  | 1498.828125  |   1279    |   10011111111    |    4ff    |  NO
  1280   |   1498.828125   | 1.171875  | 1500.000000  |   1280    |   10100000000    |    500    |  NO
  1281   |   1500.000000   | 1.171875  | 1501.171875  |   1281    |   10100000001    |    501    |  NO
  1282   |   1501.171875   | 1.171875  | 1502.343750  |   1282    |   10100000010    |    502    |  NO
  1283   |   1502.343750   | 1.171875  | 1503.515625  |   1283    |   10100000011    |    503    |  NO
  1284   |   1503.515625   | 1.171875  | 1504.687500  |   1284    |   10100000100    |    504    |  NO
  1285   |   1504.687500   | 1.171875  | 1505.859375  |   1285    |   10100000101    |    505    |  NO
  1286   |   1505.859375   | 1.171875  | 1507.031250  |   1286    |   10100000110    |    506    |  NO
  1287   |   1507.031250   | 1.171875  | 1508.203125  |   1287    |   10100000111    |    507    |  NO
  1288   |   1508.203125   | 1.171875  | 1509.375000  |   1288    |   10100001000    |    508    |  NO
  1289   |   1509.375000   | 1.171875  | 1510.546875  |   1289    |   10100001001    |    509    |  NO
  1290   |   1510.546875   | 1.171875  | 1511.718750  |   1290    |   10100001010    |    50a    |  NO
  1291   |   1511.718750   | 1.171875  | 1512.890625  |   1291    |   10100001011    |    50b    |  NO
  1292   |   1512.890625   | 1.171875  | 1514.062500  |   1292    |   10100001100    |    50c    |  NO
  1293   |   1514.062500   | 1.171875  | 1515.234375  |   1293    |   10100001101    |    50d    |  NO
  1294   |   1515.234375   | 1.171875  | 1516.406250  |   1294    |   10100001110    |    50e    |  NO
  1295   |   1516.406250   | 1.171875  | 1517.578125  |   1295    |   10100001111    |    50f    |  NO
  1296   |   1517.578125   | 1.171875  | 1518.750000  |   1296    |   10100010000    |    510    |  NO
  1297   |   1518.750000   | 1.171875  | 1519.921875  |   1297    |   10100010001    |    511    |  NO
  1298   |   1519.921875   | 1.171875  | 1521.093750  |   1298    |   10100010010    |    512    |  NO
  1299   |   1521.093750   | 1.171875  | 1522.265625  |   1299    |   10100010011    |    513    |  NO
  1300   |   1522.265625   | 1.171875  | 1523.437500  |   1300    |   10100010100    |    514    |  NO
  1301   |   1523.437500   | 1.171875  | 1524.609375  |   1301    |   10100010101    |    515    |  NO
  1302   |   1524.609375   | 1.171875  | 1525.781250  |   1302    |   10100010110    |    516    |  NO
  1303   |   1525.781250   | 1.171875  | 1526.953125  |   1303    |   10100010111    |    517    |  NO
  1304   |   1526.953125   | 1.171875  | 1528.125000  |   1304    |   10100011000    |    518    |  NO
  1305   |   1528.125000   | 1.171875  | 1529.296875  |   1305    |   10100011001    |    519    |  NO
  1306   |   1529.296875   | 1.171875  | 1530.468750  |   1306    |   10100011010    |    51a    |  NO
  1307   |   1530.468750   | 1.171875  | 1531.640625  |   1307    |   10100011011    |    51b    |  NO
  1308   |   1531.640625   | 1.171875  | 1532.812500  |   1308    |   10100011100    |    51c    |  NO
  1309   |   1532.812500   | 1.171875  | 1533.984375  |   1309    |   10100011101    |    51d    |  NO
  1310   |   1533.984375   | 1.171875  | 1535.156250  |   1310    |   10100011110    |    51e    |  NO
  1311   |   1535.156250   | 1.171875  | 1536.328125  |   1311    |   10100011111    |    51f    |  NO
  1312   |   1536.328125   | 1.171875  | 1537.500000  |   1312    |   10100100000    |    520    |  NO
  1313   |   1537.500000   | 1.171875  | 1538.671875  |   1313    |   10100100001    |    521    |  NO
  1314   |   1538.671875   | 1.171875  | 1539.843750  |   1314    |   10100100010    |    522    |  NO
  1315   |   1539.843750   | 1.171875  | 1541.015625  |   1315    |   10100100011    |    523    |  NO
  1316   |   1541.015625   | 1.171875  | 1542.187500  |   1316    |   10100100100    |    524    |  NO
  1317   |   1542.187500   | 1.171875  | 1543.359375  |   1317    |   10100100101    |    525    |  NO
  1318   |   1543.359375   | 1.171875  | 1544.531250  |   1318    |   10100100110    |    526    |  NO
  1319   |   1544.531250   | 1.171875  | 1545.703125  |   1319    |   10100100111    |    527    |  NO
  1320   |   1545.703125   | 1.171875  | 1546.875000  |   1320    |   10100101000    |    528    |  NO
  1321   |   1546.875000   | 1.171875  | 1548.046875  |   1321    |   10100101001    |    529    |  NO
  1322   |   1548.046875   | 1.171875  | 1549.218750  |   1322    |   10100101010    |    52a    |  NO
  1323   |   1549.218750   | 1.171875  | 1550.390625  |   1323    |   10100101011    |    52b    |  NO
  1324   |   1550.390625   | 1.171875  | 1551.562500  |   1324    |   10100101100    |    52c    |  NO
  1325   |   1551.562500   | 1.171875  | 1552.734375  |   1325    |   10100101101    |    52d    |  NO
  1326   |   1552.734375   | 1.171875  | 1553.906250  |   1326    |   10100101110    |    52e    |  NO
  1327   |   1553.906250   | 1.171875  | 1555.078125  |   1327    |   10100101111    |    52f    |  NO
  1328   |   1555.078125   | 1.171875  | 1556.250000  |   1328    |   10100110000    |    530    |  NO
  1329   |   1556.250000   | 1.171875  | 1557.421875  |   1329    |   10100110001    |    531    |  NO
  1330   |   1557.421875   | 1.171875  | 1558.593750  |   1330    |   10100110010    |    532    |  NO
  1331   |   1558.593750   | 1.171875  | 1559.765625  |   1331    |   10100110011    |    533    |  NO
  1332   |   1559.765625   | 1.171875  | 1560.937500  |   1332    |   10100110100    |    534    |  NO
  1333   |   1560.937500   | 1.171875  | 1562.109375  |   1333    |   10100110101    |    535    |  NO
  1334   |   1562.109375   | 1.171875  | 1563.281250  |   1334    |   10100110110    |    536    |  NO
  1335   |   1563.281250   | 1.171875  | 1564.453125  |   1335    |   10100110111    |    537    |  NO
  1336   |   1564.453125   | 1.171875  | 1565.625000  |   1336    |   10100111000    |    538    |  NO
  1337   |   1565.625000   | 1.171875  | 1566.796875  |   1337    |   10100111001    |    539    |  NO
  1338   |   1566.796875   | 1.171875  | 1567.968750  |   1338    |   10100111010    |    53a    |  NO
  1339   |   1567.968750   | 1.171875  | 1569.140625  |   1339    |   10100111011    |    53b    |  NO
  1340   |   1569.140625   | 1.171875  | 1570.312500  |   1340    |   10100111100    |    53c    |  NO
  1341   |   1570.312500   | 1.171875  | 1571.484375  |   1341    |   10100111101    |    53d    |  NO
  1342   |   1571.484375   | 1.171875  | 1572.656250  |   1342    |   10100111110    |    53e    |  NO
  1343   |   1572.656250   | 1.171875  | 1573.828125  |   1343    |   10100111111    |    53f    |  NO
  1344   |   1573.828125   | 1.171875  | 1575.000000  |   1344    |   10101000000    |    540    |  NO
  1345   |   1575.000000   | 1.171875  | 1576.171875  |   1345    |   10101000001    |    541    |  NO
  1346   |   1576.171875   | 1.171875  | 1577.343750  |   1346    |   10101000010    |    542    |  NO
  1347   |   1577.343750   | 1.171875  | 1578.515625  |   1347    |   10101000011    |    543    |  NO
  1348   |   1578.515625   | 1.171875  | 1579.687500  |   1348    |   10101000100    |    544    |  NO
  1349   |   1579.687500   | 1.171875  | 1580.859375  |   1349    |   10101000101    |    545    |  NO
  1350   |   1580.859375   | 1.171875  | 1582.031250  |   1350    |   10101000110    |    546    |  NO
  1351   |   1582.031250   | 1.171875  | 1583.203125  |   1351    |   10101000111    |    547    |  NO
  1352   |   1583.203125   | 1.171875  | 1584.375000  |   1352    |   10101001000    |    548    |  NO
  1353   |   1584.375000   | 1.171875  | 1585.546875  |   1353    |   10101001001    |    549    |  NO
  1354   |   1585.546875   | 1.171875  | 1586.718750  |   1354    |   10101001010    |    54a    |  NO
  1355   |   1586.718750   | 1.171875  | 1587.890625  |   1355    |   10101001011    |    54b    |  NO
  1356   |   1587.890625   | 1.171875  | 1589.062500  |   1356    |   10101001100    |    54c    |  NO
  1357   |   1589.062500   | 1.171875  | 1590.234375  |   1357    |   10101001101    |    54d    |  NO
  1358   |   1590.234375   | 1.171875  | 1591.406250  |   1358    |   10101001110    |    54e    |  NO
  1359   |   1591.406250   | 1.171875  | 1592.578125  |   1359    |   10101001111    |    54f    |  NO
  1360   |   1592.578125   | 1.171875  | 1593.750000  |   1360    |   10101010000    |    550    |  NO
  1361   |   1593.750000   | 1.171875  | 1594.921875  |   1361    |   10101010001    |    551    |  NO
  1362   |   1594.921875   | 1.171875  | 1596.093750  |   1362    |   10101010010    |    552    |  NO
  1363   |   1596.093750   | 1.171875  | 1597.265625  |   1363    |   10101010011    |    553    |  NO
  1364   |   1597.265625   | 1.171875  | 1598.437500  |   1364    |   10101010100    |    554    |  NO
  1365   |   1598.437500   | 1.171875  | 1599.609375  |   1365    |   10101010101    |    555    |  NO
  1366   |   1599.609375   | 1.171875  | 1600.781250  |   1366    |   10101010110    |    556    |  NO
  1367   |   1600.781250   | 1.171875  | 1601.953125  |   1367    |   10101010111    |    557    |  NO
  1368   |   1601.953125   | 1.171875  | 1603.125000  |   1368    |   10101011000    |    558    |  NO
  1369   |   1603.125000   | 1.171875  | 1604.296875  |   1369    |   10101011001    |    559    |  NO
  1370   |   1604.296875   | 1.171875  | 1605.468750  |   1370    |   10101011010    |    55a    |  NO
  1371   |   1605.468750   | 1.171875  | 1606.640625  |   1371    |   10101011011    |    55b    |  NO
  1372   |   1606.640625   | 1.171875  | 1607.812500  |   1372    |   10101011100    |    55c    |  NO
  1373   |   1607.812500   | 1.171875  | 1608.984375  |   1373    |   10101011101    |    55d    |  NO
  1374   |   1608.984375   | 1.171875  | 1610.156250  |   1374    |   10101011110    |    55e    |  NO
  1375   |   1610.156250   | 1.171875  | 1611.328125  |   1375    |   10101011111    |    55f    |  NO
  1376   |   1611.328125   | 1.171875  | 1612.500000  |   1376    |   10101100000    |    560    |  NO
  1377   |   1612.500000   | 1.171875  | 1613.671875  |   1377    |   10101100001    |    561    |  NO
  1378   |   1613.671875   | 1.171875  | 1614.843750  |   1378    |   10101100010    |    562    |  NO
  1379   |   1614.843750   | 1.171875  | 1616.015625  |   1379    |   10101100011    |    563    |  NO
  1380   |   1616.015625   | 1.171875  | 1617.187500  |   1380    |   10101100100    |    564    |  NO
  1381   |   1617.187500   | 1.171875  | 1618.359375  |   1381    |   10101100101    |    565    |  NO
  1382   |   1618.359375   | 1.171875  | 1619.531250  |   1382    |   10101100110    |    566    |  NO
  1383   |   1619.531250   | 1.171875  | 1620.703125  |   1383    |   10101100111    |    567    |  NO
  1384   |   1620.703125   | 1.171875  | 1621.875000  |   1384    |   10101101000    |    568    |  NO
  1385   |   1621.875000   | 1.171875  | 1623.046875  |   1385    |   10101101001    |    569    |  NO
  1386   |   1623.046875   | 1.171875  | 1624.218750  |   1386    |   10101101010    |    56a    |  NO
  1387   |   1624.218750   | 1.171875  | 1625.390625  |   1387    |   10101101011    |    56b    |  NO
  1388   |   1625.390625   | 1.171875  | 1626.562500  |   1388    |   10101101100    |    56c    |  NO
  1389   |   1626.562500   | 1.171875  | 1627.734375  |   1389    |   10101101101    |    56d    |  NO
  1390   |   1627.734375   | 1.171875  | 1628.906250  |   1390    |   10101101110    |    56e    |  NO
  1391   |   1628.906250   | 1.171875  | 1630.078125  |   1391    |   10101101111    |    56f    |  NO
  1392   |   1630.078125   | 1.171875  | 1631.250000  |   1392    |   10101110000    |    570    |  NO
  1393   |   1631.250000   | 1.171875  | 1632.421875  |   1393    |   10101110001    |    571    |  NO
  1394   |   1632.421875   | 1.171875  | 1633.593750  |   1394    |   10101110010    |    572    |  NO
  1395   |   1633.593750   | 1.171875  | 1634.765625  |   1395    |   10101110011    |    573    |  NO
  1396   |   1634.765625   | 1.171875  | 1635.937500  |   1396    |   10101110100    |    574    |  NO
  1397   |   1635.937500   | 1.171875  | 1637.109375  |   1397    |   10101110101    |    575    |  NO
  1398   |   1637.109375   | 1.171875  | 1638.281250  |   1398    |   10101110110    |    576    |  NO
  1399   |   1638.281250   | 1.171875  | 1639.453125  |   1399    |   10101110111    |    577    |  NO
  1400   |   1639.453125   | 1.171875  | 1640.625000  |   1400    |   10101111000    |    578    |  NO
  1401   |   1640.625000   | 1.171875  | 1641.796875  |   1401    |   10101111001    |    579    |  NO
  1402   |   1641.796875   | 1.171875  | 1642.968750  |   1402    |   10101111010    |    57a    |  NO
  1403   |   1642.968750   | 1.171875  | 1644.140625  |   1403    |   10101111011    |    57b    |  NO
  1404   |   1644.140625   | 1.171875  | 1645.312500  |   1404    |   10101111100    |    57c    |  NO
  1405   |   1645.312500   | 1.171875  | 1646.484375  |   1405    |   10101111101    |    57d    |  NO
  1406   |   1646.484375   | 1.171875  | 1647.656250  |   1406    |   10101111110    |    57e    |  NO
  1407   |   1647.656250   | 1.171875  | 1648.828125  |   1407    |   10101111111    |    57f    |  NO
  1408   |   1648.828125   | 1.171875  | 1650.000000  |   1408    |   10110000000    |    580    |  NO
  1409   |   1650.000000   | 1.171875  | 1651.171875  |   1409    |   10110000001    |    581    |  NO
  1410   |   1651.171875   | 1.171875  | 1652.343750  |   1410    |   10110000010    |    582    |  NO
  1411   |   1652.343750   | 1.171875  | 1653.515625  |   1411    |   10110000011    |    583    |  NO
  1412   |   1653.515625   | 1.171875  | 1654.687500  |   1412    |   10110000100    |    584    |  NO
  1413   |   1654.687500   | 1.171875  | 1655.859375  |   1413    |   10110000101    |    585    |  NO
  1414   |   1655.859375   | 1.171875  | 1657.031250  |   1414    |   10110000110    |    586    |  NO
  1415   |   1657.031250   | 1.171875  | 1658.203125  |   1415    |   10110000111    |    587    |  NO
  1416   |   1658.203125   | 1.171875  | 1659.375000  |   1416    |   10110001000    |    588    |  NO
  1417   |   1659.375000   | 1.171875  | 1660.546875  |   1417    |   10110001001    |    589    |  NO
  1418   |   1660.546875   | 1.171875  | 1661.718750  |   1418    |   10110001010    |    58a    |  NO
  1419   |   1661.718750   | 1.171875  | 1662.890625  |   1419    |   10110001011    |    58b    |  NO
  1420   |   1662.890625   | 1.171875  | 1664.062500  |   1420    |   10110001100    |    58c    |  NO
  1421   |   1664.062500   | 1.171875  | 1665.234375  |   1421    |   10110001101    |    58d    |  NO
  1422   |   1665.234375   | 1.171875  | 1666.406250  |   1422    |   10110001110    |    58e    |  NO
  1423   |   1666.406250   | 1.171875  | 1667.578125  |   1423    |   10110001111    |    58f    |  NO
  1424   |   1667.578125   | 1.171875  | 1668.750000  |   1424    |   10110010000    |    590    |  NO
  1425   |   1668.750000   | 1.171875  | 1669.921875  |   1425    |   10110010001    |    591    |  NO
  1426   |   1669.921875   | 1.171875  | 1671.093750  |   1426    |   10110010010    |    592    |  NO
  1427   |   1671.093750   | 1.171875  | 1672.265625  |   1427    |   10110010011    |    593    |  NO
  1428   |   1672.265625   | 1.171875  | 1673.437500  |   1428    |   10110010100    |    594    |  NO
  1429   |   1673.437500   | 1.171875  | 1674.609375  |   1429    |   10110010101    |    595    |  NO
  1430   |   1674.609375   | 1.171875  | 1675.781250  |   1430    |   10110010110    |    596    |  NO
  1431   |   1675.781250   | 1.171875  | 1676.953125  |   1431    |   10110010111    |    597    |  NO
  1432   |   1676.953125   | 1.171875  | 1678.125000  |   1432    |   10110011000    |    598    |  NO
  1433   |   1678.125000   | 1.171875  | 1679.296875  |   1433    |   10110011001    |    599    |  NO
  1434   |   1679.296875   | 1.171875  | 1680.468750  |   1434    |   10110011010    |    59a    |  NO
  1435   |   1680.468750   | 1.171875  | 1681.640625  |   1435    |   10110011011    |    59b    |  NO
  1436   |   1681.640625   | 1.171875  | 1682.812500  |   1436    |   10110011100    |    59c    |  NO
  1437   |   1682.812500   | 1.171875  | 1683.984375  |   1437    |   10110011101    |    59d    |  NO
  1438   |   1683.984375   | 1.171875  | 1685.156250  |   1438    |   10110011110    |    59e    |  NO
  1439   |   1685.156250   | 1.171875  | 1686.328125  |   1439    |   10110011111    |    59f    |  NO
  1440   |   1686.328125   | 1.171875  | 1687.500000  |   1440    |   10110100000    |    5a0    |  NO
  1441   |   1687.500000   | 1.171875  | 1688.671875  |   1441    |   10110100001    |    5a1    |  NO
  1442   |   1688.671875   | 1.171875  | 1689.843750  |   1442    |   10110100010    |    5a2    |  NO
  1443   |   1689.843750   | 1.171875  | 1691.015625  |   1443    |   10110100011    |    5a3    |  NO
  1444   |   1691.015625   | 1.171875  | 1692.187500  |   1444    |   10110100100    |    5a4    |  NO
  1445   |   1692.187500   | 1.171875  | 1693.359375  |   1445    |   10110100101    |    5a5    |  NO
  1446   |   1693.359375   | 1.171875  | 1694.531250  |   1446    |   10110100110    |    5a6    |  NO
  1447   |   1694.531250   | 1.171875  | 1695.703125  |   1447    |   10110100111    |    5a7    |  NO
  1448   |   1695.703125   | 1.171875  | 1696.875000  |   1448    |   10110101000    |    5a8    |  NO
  1449   |   1696.875000   | 1.171875  | 1698.046875  |   1449    |   10110101001    |    5a9    |  NO
  1450   |   1698.046875   | 1.171875  | 1699.218750  |   1450    |   10110101010    |    5aa    |  NO
  1451   |   1699.218750   | 1.171875  | 1700.390625  |   1451    |   10110101011    |    5ab    |  NO
  1452   |   1700.390625   | 1.171875  | 1701.562500  |   1452    |   10110101100    |    5ac    |  NO
  1453   |   1701.562500   | 1.171875  | 1702.734375  |   1453    |   10110101101    |    5ad    |  NO
  1454   |   1702.734375   | 1.171875  | 1703.906250  |   1454    |   10110101110    |    5ae    |  NO
  1455   |   1703.906250   | 1.171875  | 1705.078125  |   1455    |   10110101111    |    5af    |  NO
  1456   |   1705.078125   | 1.171875  | 1706.250000  |   1456    |   10110110000    |    5b0    |  NO
  1457   |   1706.250000   | 1.171875  | 1707.421875  |   1457    |   10110110001    |    5b1    |  NO
  1458   |   1707.421875   | 1.171875  | 1708.593750  |   1458    |   10110110010    |    5b2    |  NO
  1459   |   1708.593750   | 1.171875  | 1709.765625  |   1459    |   10110110011    |    5b3    |  NO
  1460   |   1709.765625   | 1.171875  | 1710.937500  |   1460    |   10110110100    |    5b4    |  NO
  1461   |   1710.937500   | 1.171875  | 1712.109375  |   1461    |   10110110101    |    5b5    |  NO
  1462   |   1712.109375   | 1.171875  | 1713.281250  |   1462    |   10110110110    |    5b6    |  NO
  1463   |   1713.281250   | 1.171875  | 1714.453125  |   1463    |   10110110111    |    5b7    |  NO
  1464   |   1714.453125   | 1.171875  | 1715.625000  |   1464    |   10110111000    |    5b8    |  NO
  1465   |   1715.625000   | 1.171875  | 1716.796875  |   1465    |   10110111001    |    5b9    |  NO
  1466   |   1716.796875   | 1.171875  | 1717.968750  |   1466    |   10110111010    |    5ba    |  NO
  1467   |   1717.968750   | 1.171875  | 1719.140625  |   1467    |   10110111011    |    5bb    |  NO
  1468   |   1719.140625   | 1.171875  | 1720.312500  |   1468    |   10110111100    |    5bc    |  NO
  1469   |   1720.312500   | 1.171875  | 1721.484375  |   1469    |   10110111101    |    5bd    |  NO
  1470   |   1721.484375   | 1.171875  | 1722.656250  |   1470    |   10110111110    |    5be    |  NO
  1471   |   1722.656250   | 1.171875  | 1723.828125  |   1471    |   10110111111    |    5bf    |  NO
  1472   |   1723.828125   | 1.171875  | 1725.000000  |   1472    |   10111000000    |    5c0    |  NO
  1473   |   1725.000000   | 1.171875  | 1726.171875  |   1473    |   10111000001    |    5c1    |  NO
  1474   |   1726.171875   | 1.171875  | 1727.343750  |   1474    |   10111000010    |    5c2    |  NO
  1475   |   1727.343750   | 1.171875  | 1728.515625  |   1475    |   10111000011    |    5c3    |  NO
  1476   |   1728.515625   | 1.171875  | 1729.687500  |   1476    |   10111000100    |    5c4    |  NO
  1477   |   1729.687500   | 1.171875  | 1730.859375  |   1477    |   10111000101    |    5c5    |  NO
  1478   |   1730.859375   | 1.171875  | 1732.031250  |   1478    |   10111000110    |    5c6    |  NO
  1479   |   1732.031250   | 1.171875  | 1733.203125  |   1479    |   10111000111    |    5c7    |  NO
  1480   |   1733.203125   | 1.171875  | 1734.375000  |   1480    |   10111001000    |    5c8    |  NO
  1481   |   1734.375000   | 1.171875  | 1735.546875  |   1481    |   10111001001    |    5c9    |  NO
  1482   |   1735.546875   | 1.171875  | 1736.718750  |   1482    |   10111001010    |    5ca    |  NO
  1483   |   1736.718750   | 1.171875  | 1737.890625  |   1483    |   10111001011    |    5cb    |  NO
  1484   |   1737.890625   | 1.171875  | 1739.062500  |   1484    |   10111001100    |    5cc    |  NO
  1485   |   1739.062500   | 1.171875  | 1740.234375  |   1485    |   10111001101    |    5cd    |  NO
  1486   |   1740.234375   | 1.171875  | 1741.406250  |   1486    |   10111001110    |    5ce    |  NO
  1487   |   1741.406250   | 1.171875  | 1742.578125  |   1487    |   10111001111    |    5cf    |  NO
  1488   |   1742.578125   | 1.171875  | 1743.750000  |   1488    |   10111010000    |    5d0    |  NO
  1489   |   1743.750000   | 1.171875  | 1744.921875  |   1489    |   10111010001    |    5d1    |  NO
  1490   |   1744.921875   | 1.171875  | 1746.093750  |   1490    |   10111010010    |    5d2    |  NO
  1491   |   1746.093750   | 1.171875  | 1747.265625  |   1491    |   10111010011    |    5d3    |  NO
  1492   |   1747.265625   | 1.171875  | 1748.437500  |   1492    |   10111010100    |    5d4    |  NO
  1493   |   1748.437500   | 1.171875  | 1749.609375  |   1493    |   10111010101    |    5d5    |  NO
  1494   |   1749.609375   | 1.171875  | 1750.781250  |   1494    |   10111010110    |    5d6    |  NO
  1495   |   1750.781250   | 1.171875  | 1751.953125  |   1495    |   10111010111    |    5d7    |  NO
  1496   |   1751.953125   | 1.171875  | 1753.125000  |   1496    |   10111011000    |    5d8    |  NO
  1497   |   1753.125000   | 1.171875  | 1754.296875  |   1497    |   10111011001    |    5d9    |  NO
  1498   |   1754.296875   | 1.171875  | 1755.468750  |   1498    |   10111011010    |    5da    |  NO
  1499   |   1755.468750   | 1.171875  | 1756.640625  |   1499    |   10111011011    |    5db    |  NO
  1500   |   1756.640625   | 1.171875  | 1757.812500  |   1500    |   10111011100    |    5dc    |  NO
  1501   |   1757.812500   | 1.171875  | 1758.984375  |   1501    |   10111011101    |    5dd    |  NO
  1502   |   1758.984375   | 1.171875  | 1760.156250  |   1502    |   10111011110    |    5de    |  NO
  1503   |   1760.156250   | 1.171875  | 1761.328125  |   1503    |   10111011111    |    5df    |  NO
  1504   |   1761.328125   | 1.171875  | 1762.500000  |   1504    |   10111100000    |    5e0    |  NO
  1505   |   1762.500000   | 1.171875  | 1763.671875  |   1505    |   10111100001    |    5e1    |  NO
  1506   |   1763.671875   | 1.171875  | 1764.843750  |   1506    |   10111100010    |    5e2    |  NO
  1507   |   1764.843750   | 1.171875  | 1766.015625  |   1507    |   10111100011    |    5e3    |  NO
  1508   |   1766.015625   | 1.171875  | 1767.187500  |   1508    |   10111100100    |    5e4    |  NO
  1509   |   1767.187500   | 1.171875  | 1768.359375  |   1509    |   10111100101    |    5e5    |  NO
  1510   |   1768.359375   | 1.171875  | 1769.531250  |   1510    |   10111100110    |    5e6    |  NO
  1511   |   1769.531250   | 1.171875  | 1770.703125  |   1511    |   10111100111    |    5e7    |  NO
  1512   |   1770.703125   | 1.171875  | 1771.875000  |   1512    |   10111101000    |    5e8    |  NO
  1513   |   1771.875000   | 1.171875  | 1773.046875  |   1513    |   10111101001    |    5e9    |  NO
  1514   |   1773.046875   | 1.171875  | 1774.218750  |   1514    |   10111101010    |    5ea    |  NO
  1515   |   1774.218750   | 1.171875  | 1775.390625  |   1515    |   10111101011    |    5eb    |  NO
  1516   |   1775.390625   | 1.171875  | 1776.562500  |   1516    |   10111101100    |    5ec    |  NO
  1517   |   1776.562500   | 1.171875  | 1777.734375  |   1517    |   10111101101    |    5ed    |  NO
  1518   |   1777.734375   | 1.171875  | 1778.906250  |   1518    |   10111101110    |    5ee    |  NO
  1519   |   1778.906250   | 1.171875  | 1780.078125  |   1519    |   10111101111    |    5ef    |  NO
  1520   |   1780.078125   | 1.171875  | 1781.250000  |   1520    |   10111110000    |    5f0    |  NO
  1521   |   1781.250000   | 1.171875  | 1782.421875  |   1521    |   10111110001    |    5f1    |  NO
  1522   |   1782.421875   | 1.171875  | 1783.593750  |   1522    |   10111110010    |    5f2    |  NO
  1523   |   1783.593750   | 1.171875  | 1784.765625  |   1523    |   10111110011    |    5f3    |  NO
  1524   |   1784.765625   | 1.171875  | 1785.937500  |   1524    |   10111110100    |    5f4    |  NO
  1525   |   1785.937500   | 1.171875  | 1787.109375  |   1525    |   10111110101    |    5f5    |  NO
  1526   |   1787.109375   | 1.171875  | 1788.281250  |   1526    |   10111110110    |    5f6    |  NO
  1527   |   1788.281250   | 1.171875  | 1789.453125  |   1527    |   10111110111    |    5f7    |  NO
  1528   |   1789.453125   | 1.171875  | 1790.625000  |   1528    |   10111111000    |    5f8    |  NO
  1529   |   1790.625000   | 1.171875  | 1791.796875  |   1529    |   10111111001    |    5f9    |  NO
  1530   |   1791.796875   | 1.171875  | 1792.968750  |   1530    |   10111111010    |    5fa    |  NO
  1531   |   1792.968750   | 1.171875  | 1794.140625  |   1531    |   10111111011    |    5fb    |  NO
  1532   |   1794.140625   | 1.171875  | 1795.312500  |   1532    |   10111111100    |    5fc    |  NO
  1533   |   1795.312500   | 1.171875  | 1796.484375  |   1533    |   10111111101    |    5fd    |  NO
  1534   |   1796.484375   | 1.171875  | 1797.656250  |   1534    |   10111111110    |    5fe    |  NO
  1535   |   1797.656250   | 1.171875  | 1798.828125  |   1535    |   10111111111    |    5ff    |  NO
  1536   |   1798.828125   | 1.171875  | 1800.000000  |   1536    |   11000000000    |    600    |  NO
  1537   |   1800.000000   | 1.171875  | 1801.171875  |   1537    |   11000000001    |    601    |  NO
  1538   |   1801.171875   | 1.171875  | 1802.343750  |   1538    |   11000000010    |    602    |  NO
  1539   |   1802.343750   | 1.171875  | 1803.515625  |   1539    |   11000000011    |    603    |  NO
  1540   |   1803.515625   | 1.171875  | 1804.687500  |   1540    |   11000000100    |    604    |  NO
  1541   |   1804.687500   | 1.171875  | 1805.859375  |   1541    |   11000000101    |    605    |  NO
  1542   |   1805.859375   | 1.171875  | 1807.031250  |   1542    |   11000000110    |    606    |  NO
  1543   |   1807.031250   | 1.171875  | 1808.203125  |   1543    |   11000000111    |    607    |  NO
  1544   |   1808.203125   | 1.171875  | 1809.375000  |   1544    |   11000001000    |    608    |  NO
  1545   |   1809.375000   | 1.171875  | 1810.546875  |   1545    |   11000001001    |    609    |  NO
  1546   |   1810.546875   | 1.171875  | 1811.718750  |   1546    |   11000001010    |    60a    |  NO
  1547   |   1811.718750   | 1.171875  | 1812.890625  |   1547    |   11000001011    |    60b    |  NO
  1548   |   1812.890625   | 1.171875  | 1814.062500  |   1548    |   11000001100    |    60c    |  NO
  1549   |   1814.062500   | 1.171875  | 1815.234375  |   1549    |   11000001101    |    60d    |  NO
  1550   |   1815.234375   | 1.171875  | 1816.406250  |   1550    |   11000001110    |    60e    |  NO
  1551   |   1816.406250   | 1.171875  | 1817.578125  |   1551    |   11000001111    |    60f    |  NO
  1552   |   1817.578125   | 1.171875  | 1818.750000  |   1552    |   11000010000    |    610    |  NO
  1553   |   1818.750000   | 1.171875  | 1819.921875  |   1553    |   11000010001    |    611    |  NO
  1554   |   1819.921875   | 1.171875  | 1821.093750  |   1554    |   11000010010    |    612    |  NO
  1555   |   1821.093750   | 1.171875  | 1822.265625  |   1555    |   11000010011    |    613    |  NO
  1556   |   1822.265625   | 1.171875  | 1823.437500  |   1556    |   11000010100    |    614    |  NO
  1557   |   1823.437500   | 1.171875  | 1824.609375  |   1557    |   11000010101    |    615    |  NO
  1558   |   1824.609375   | 1.171875  | 1825.781250  |   1558    |   11000010110    |    616    |  NO
  1559   |   1825.781250   | 1.171875  | 1826.953125  |   1559    |   11000010111    |    617    |  NO
  1560   |   1826.953125   | 1.171875  | 1828.125000  |   1560    |   11000011000    |    618    |  NO
  1561   |   1828.125000   | 1.171875  | 1829.296875  |   1561    |   11000011001    |    619    |  NO
  1562   |   1829.296875   | 1.171875  | 1830.468750  |   1562    |   11000011010    |    61a    |  NO
  1563   |   1830.468750   | 1.171875  | 1831.640625  |   1563    |   11000011011    |    61b    |  NO
  1564   |   1831.640625   | 1.171875  | 1832.812500  |   1564    |   11000011100    |    61c    |  NO
  1565   |   1832.812500   | 1.171875  | 1833.984375  |   1565    |   11000011101    |    61d    |  NO
  1566   |   1833.984375   | 1.171875  | 1835.156250  |   1566    |   11000011110    |    61e    |  NO
  1567   |   1835.156250   | 1.171875  | 1836.328125  |   1567    |   11000011111    |    61f    |  NO
  1568   |   1836.328125   | 1.171875  | 1837.500000  |   1568    |   11000100000    |    620    |  NO
  1569   |   1837.500000   | 1.171875  | 1838.671875  |   1569    |   11000100001    |    621    |  NO
  1570   |   1838.671875   | 1.171875  | 1839.843750  |   1570    |   11000100010    |    622    |  NO
  1571   |   1839.843750   | 1.171875  | 1841.015625  |   1571    |   11000100011    |    623    |  NO
  1572   |   1841.015625   | 1.171875  | 1842.187500  |   1572    |   11000100100    |    624    |  NO
  1573   |   1842.187500   | 1.171875  | 1843.359375  |   1573    |   11000100101    |    625    |  NO
  1574   |   1843.359375   | 1.171875  | 1844.531250  |   1574    |   11000100110    |    626    |  NO
  1575   |   1844.531250   | 1.171875  | 1845.703125  |   1575    |   11000100111    |    627    |  NO
  1576   |   1845.703125   | 1.171875  | 1846.875000  |   1576    |   11000101000    |    628    |  NO
  1577   |   1846.875000   | 1.171875  | 1848.046875  |   1577    |   11000101001    |    629    |  NO
  1578   |   1848.046875   | 1.171875  | 1849.218750  |   1578    |   11000101010    |    62a    |  NO
  1579   |   1849.218750   | 1.171875  | 1850.390625  |   1579    |   11000101011    |    62b    |  NO
  1580   |   1850.390625   | 1.171875  | 1851.562500  |   1580    |   11000101100    |    62c    |  NO
  1581   |   1851.562500   | 1.171875  | 1852.734375  |   1581    |   11000101101    |    62d    |  NO
  1582   |   1852.734375   | 1.171875  | 1853.906250  |   1582    |   11000101110    |    62e    |  NO
  1583   |   1853.906250   | 1.171875  | 1855.078125  |   1583    |   11000101111    |    62f    |  NO
  1584   |   1855.078125   | 1.171875  | 1856.250000  |   1584    |   11000110000    |    630    |  NO
  1585   |   1856.250000   | 1.171875  | 1857.421875  |   1585    |   11000110001    |    631    |  NO
  1586   |   1857.421875   | 1.171875  | 1858.593750  |   1586    |   11000110010    |    632    |  NO
  1587   |   1858.593750   | 1.171875  | 1859.765625  |   1587    |   11000110011    |    633    |  NO
  1588   |   1859.765625   | 1.171875  | 1860.937500  |   1588    |   11000110100    |    634    |  NO
  1589   |   1860.937500   | 1.171875  | 1862.109375  |   1589    |   11000110101    |    635    |  NO
  1590   |   1862.109375   | 1.171875  | 1863.281250  |   1590    |   11000110110    |    636    |  NO
  1591   |   1863.281250   | 1.171875  | 1864.453125  |   1591    |   11000110111    |    637    |  NO
  1592   |   1864.453125   | 1.171875  | 1865.625000  |   1592    |   11000111000    |    638    |  NO
  1593   |   1865.625000   | 1.171875  | 1866.796875  |   1593    |   11000111001    |    639    |  NO
  1594   |   1866.796875   | 1.171875  | 1867.968750  |   1594    |   11000111010    |    63a    |  NO
  1595   |   1867.968750   | 1.171875  | 1869.140625  |   1595    |   11000111011    |    63b    |  NO
  1596   |   1869.140625   | 1.171875  | 1870.312500  |   1596    |   11000111100    |    63c    |  NO
  1597   |   1870.312500   | 1.171875  | 1871.484375  |   1597    |   11000111101    |    63d    |  NO
  1598   |   1871.484375   | 1.171875  | 1872.656250  |   1598    |   11000111110    |    63e    |  NO
  1599   |   1872.656250   | 1.171875  | 1873.828125  |   1599    |   11000111111    |    63f    |  NO
  1600   |   1873.828125   | 1.171875  | 1875.000000  |   1600    |   11001000000    |    640    |  NO
  1601   |   1875.000000   | 1.171875  | 1876.171875  |   1601    |   11001000001    |    641    |  NO
  1602   |   1876.171875   | 1.171875  | 1877.343750  |   1602    |   11001000010    |    642    |  NO
  1603   |   1877.343750   | 1.171875  | 1878.515625  |   1603    |   11001000011    |    643    |  NO
  1604   |   1878.515625   | 1.171875  | 1879.687500  |   1604    |   11001000100    |    644    |  NO
  1605   |   1879.687500   | 1.171875  | 1880.859375  |   1605    |   11001000101    |    645    |  NO
  1606   |   1880.859375   | 1.171875  | 1882.031250  |   1606    |   11001000110    |    646    |  NO
  1607   |   1882.031250   | 1.171875  | 1883.203125  |   1607    |   11001000111    |    647    |  NO
  1608   |   1883.203125   | 1.171875  | 1884.375000  |   1608    |   11001001000    |    648    |  NO
  1609   |   1884.375000   | 1.171875  | 1885.546875  |   1609    |   11001001001    |    649    |  NO
  1610   |   1885.546875   | 1.171875  | 1886.718750  |   1610    |   11001001010    |    64a    |  NO
  1611   |   1886.718750   | 1.171875  | 1887.890625  |   1611    |   11001001011    |    64b    |  NO
  1612   |   1887.890625   | 1.171875  | 1889.062500  |   1612    |   11001001100    |    64c    |  NO
  1613   |   1889.062500   | 1.171875  | 1890.234375  |   1613    |   11001001101    |    64d    |  NO
  1614   |   1890.234375   | 1.171875  | 1891.406250  |   1614    |   11001001110    |    64e    |  NO
  1615   |   1891.406250   | 1.171875  | 1892.578125  |   1615    |   11001001111    |    64f    |  NO
  1616   |   1892.578125   | 1.171875  | 1893.750000  |   1616    |   11001010000    |    650    |  NO
  1617   |   1893.750000   | 1.171875  | 1894.921875  |   1617    |   11001010001    |    651    |  NO
  1618   |   1894.921875   | 1.171875  | 1896.093750  |   1618    |   11001010010    |    652    |  NO
  1619   |   1896.093750   | 1.171875  | 1897.265625  |   1619    |   11001010011    |    653    |  NO
  1620   |   1897.265625   | 1.171875  | 1898.437500  |   1620    |   11001010100    |    654    |  NO
  1621   |   1898.437500   | 1.171875  | 1899.609375  |   1621    |   11001010101    |    655    |  NO
  1622   |   1899.609375   | 1.171875  | 1900.781250  |   1622    |   11001010110    |    656    |  NO
  1623   |   1900.781250   | 1.171875  | 1901.953125  |   1623    |   11001010111    |    657    |  NO
  1624   |   1901.953125   | 1.171875  | 1903.125000  |   1624    |   11001011000    |    658    |  NO
  1625   |   1903.125000   | 1.171875  | 1904.296875  |   1625    |   11001011001    |    659    |  NO
  1626   |   1904.296875   | 1.171875  | 1905.468750  |   1626    |   11001011010    |    65a    |  NO
  1627   |   1905.468750   | 1.171875  | 1906.640625  |   1627    |   11001011011    |    65b    |  NO
  1628   |   1906.640625   | 1.171875  | 1907.812500  |   1628    |   11001011100    |    65c    |  NO
  1629   |   1907.812500   | 1.171875  | 1908.984375  |   1629    |   11001011101    |    65d    |  NO
  1630   |   1908.984375   | 1.171875  | 1910.156250  |   1630    |   11001011110    |    65e    |  NO
  1631   |   1910.156250   | 1.171875  | 1911.328125  |   1631    |   11001011111    |    65f    |  NO
  1632   |   1911.328125   | 1.171875  | 1912.500000  |   1632    |   11001100000    |    660    |  NO
  1633   |   1912.500000   | 1.171875  | 1913.671875  |   1633    |   11001100001    |    661    |  NO
  1634   |   1913.671875   | 1.171875  | 1914.843750  |   1634    |   11001100010    |    662    |  NO
  1635   |   1914.843750   | 1.171875  | 1916.015625  |   1635    |   11001100011    |    663    |  NO
  1636   |   1916.015625   | 1.171875  | 1917.187500  |   1636    |   11001100100    |    664    |  NO
  1637   |   1917.187500   | 1.171875  | 1918.359375  |   1637    |   11001100101    |    665    |  NO
  1638   |   1918.359375   | 1.171875  | 1919.531250  |   1638    |   11001100110    |    666    |  NO
  1639   |   1919.531250   | 1.171875  | 1920.703125  |   1639    |   11001100111    |    667    |  NO
  1640   |   1920.703125   | 1.171875  | 1921.875000  |   1640    |   11001101000    |    668    |  NO
  1641   |   1921.875000   | 1.171875  | 1923.046875  |   1641    |   11001101001    |    669    |  NO
  1642   |   1923.046875   | 1.171875  | 1924.218750  |   1642    |   11001101010    |    66a    |  NO
  1643   |   1924.218750   | 1.171875  | 1925.390625  |   1643    |   11001101011    |    66b    |  NO
  1644   |   1925.390625   | 1.171875  | 1926.562500  |   1644    |   11001101100    |    66c    |  NO
  1645   |   1926.562500   | 1.171875  | 1927.734375  |   1645    |   11001101101    |    66d    |  NO
  1646   |   1927.734375   | 1.171875  | 1928.906250  |   1646    |   11001101110    |    66e    |  NO
  1647   |   1928.906250   | 1.171875  | 1930.078125  |   1647    |   11001101111    |    66f    |  NO
  1648   |   1930.078125   | 1.171875  | 1931.250000  |   1648    |   11001110000    |    670    |  NO
  1649   |   1931.250000   | 1.171875  | 1932.421875  |   1649    |   11001110001    |    671    |  NO
  1650   |   1932.421875   | 1.171875  | 1933.593750  |   1650    |   11001110010    |    672    |  NO
  1651   |   1933.593750   | 1.171875  | 1934.765625  |   1651    |   11001110011    |    673    |  NO
  1652   |   1934.765625   | 1.171875  | 1935.937500  |   1652    |   11001110100    |    674    |  NO
  1653   |   1935.937500   | 1.171875  | 1937.109375  |   1653    |   11001110101    |    675    |  NO
  1654   |   1937.109375   | 1.171875  | 1938.281250  |   1654    |   11001110110    |    676    |  NO
  1655   |   1938.281250   | 1.171875  | 1939.453125  |   1655    |   11001110111    |    677    |  NO
  1656   |   1939.453125   | 1.171875  | 1940.625000  |   1656    |   11001111000    |    678    |  NO
  1657   |   1940.625000   | 1.171875  | 1941.796875  |   1657    |   11001111001    |    679    |  NO
  1658   |   1941.796875   | 1.171875  | 1942.968750  |   1658    |   11001111010    |    67a    |  NO
  1659   |   1942.968750   | 1.171875  | 1944.140625  |   1659    |   11001111011    |    67b    |  NO
  1660   |   1944.140625   | 1.171875  | 1945.312500  |   1660    |   11001111100    |    67c    |  NO
  1661   |   1945.312500   | 1.171875  | 1946.484375  |   1661    |   11001111101    |    67d    |  NO
  1662   |   1946.484375   | 1.171875  | 1947.656250  |   1662    |   11001111110    |    67e    |  NO
  1663   |   1947.656250   | 1.171875  | 1948.828125  |   1663    |   11001111111    |    67f    |  NO
  1664   |   1948.828125   | 1.171875  | 1950.000000  |   1664    |   11010000000    |    680    |  NO
  1665   |   1950.000000   | 1.171875  | 1951.171875  |   1665    |   11010000001    |    681    |  NO
  1666   |   1951.171875   | 1.171875  | 1952.343750  |   1666    |   11010000010    |    682    |  NO
  1667   |   1952.343750   | 1.171875  | 1953.515625  |   1667    |   11010000011    |    683    |  NO
  1668   |   1953.515625   | 1.171875  | 1954.687500  |   1668    |   11010000100    |    684    |  NO
  1669   |   1954.687500   | 1.171875  | 1955.859375  |   1669    |   11010000101    |    685    |  NO
  1670   |   1955.859375   | 1.171875  | 1957.031250  |   1670    |   11010000110    |    686    |  NO
  1671   |   1957.031250   | 1.171875  | 1958.203125  |   1671    |   11010000111    |    687    |  NO
  1672   |   1958.203125   | 1.171875  | 1959.375000  |   1672    |   11010001000    |    688    |  NO
  1673   |   1959.375000   | 1.171875  | 1960.546875  |   1673    |   11010001001    |    689    |  NO
  1674   |   1960.546875   | 1.171875  | 1961.718750  |   1674    |   11010001010    |    68a    |  NO
  1675   |   1961.718750   | 1.171875  | 1962.890625  |   1675    |   11010001011    |    68b    |  NO
  1676   |   1962.890625   | 1.171875  | 1964.062500  |   1676    |   11010001100    |    68c    |  NO
  1677   |   1964.062500   | 1.171875  | 1965.234375  |   1677    |   11010001101    |    68d    |  NO
  1678   |   1965.234375   | 1.171875  | 1966.406250  |   1678    |   11010001110    |    68e    |  NO
  1679   |   1966.406250   | 1.171875  | 1967.578125  |   1679    |   11010001111    |    68f    |  NO
  1680   |   1967.578125   | 1.171875  | 1968.750000  |   1680    |   11010010000    |    690    |  NO
  1681   |   1968.750000   | 1.171875  | 1969.921875  |   1681    |   11010010001    |    691    |  NO
  1682   |   1969.921875   | 1.171875  | 1971.093750  |   1682    |   11010010010    |    692    |  NO
  1683   |   1971.093750   | 1.171875  | 1972.265625  |   1683    |   11010010011    |    693    |  NO
  1684   |   1972.265625   | 1.171875  | 1973.437500  |   1684    |   11010010100    |    694    |  NO
  1685   |   1973.437500   | 1.171875  | 1974.609375  |   1685    |   11010010101    |    695    |  NO
  1686   |   1974.609375   | 1.171875  | 1975.781250  |   1686    |   11010010110    |    696    |  NO
  1687   |   1975.781250   | 1.171875  | 1976.953125  |   1687    |   11010010111    |    697    |  NO
  1688   |   1976.953125   | 1.171875  | 1978.125000  |   1688    |   11010011000    |    698    |  NO
  1689   |   1978.125000   | 1.171875  | 1979.296875  |   1689    |   11010011001    |    699    |  NO
  1690   |   1979.296875   | 1.171875  | 1980.468750  |   1690    |   11010011010    |    69a    |  NO
  1691   |   1980.468750   | 1.171875  | 1981.640625  |   1691    |   11010011011    |    69b    |  NO
  1692   |   1981.640625   | 1.171875  | 1982.812500  |   1692    |   11010011100    |    69c    |  NO
  1693   |   1982.812500   | 1.171875  | 1983.984375  |   1693    |   11010011101    |    69d    |  NO
  1694   |   1983.984375   | 1.171875  | 1985.156250  |   1694    |   11010011110    |    69e    |  NO
  1695   |   1985.156250   | 1.171875  | 1986.328125  |   1695    |   11010011111    |    69f    |  NO
  1696   |   1986.328125   | 1.171875  | 1987.500000  |   1696    |   11010100000    |    6a0    |  NO
  1697   |   1987.500000   | 1.171875  | 1988.671875  |   1697    |   11010100001    |    6a1    |  NO
  1698   |   1988.671875   | 1.171875  | 1989.843750  |   1698    |   11010100010    |    6a2    |  NO
  1699   |   1989.843750   | 1.171875  | 1991.015625  |   1699    |   11010100011    |    6a3    |  NO
  1700   |   1991.015625   | 1.171875  | 1992.187500  |   1700    |   11010100100    |    6a4    |  NO
  1701   |   1992.187500   | 1.171875  | 1993.359375  |   1701    |   11010100101    |    6a5    |  NO
  1702   |   1993.359375   | 1.171875  | 1994.531250  |   1702    |   11010100110    |    6a6    |  NO
  1703   |   1994.531250   | 1.171875  | 1995.703125  |   1703    |   11010100111    |    6a7    |  NO
  1704   |   1995.703125   | 1.171875  | 1996.875000  |   1704    |   11010101000    |    6a8    |  NO
  1705   |   1996.875000   | 1.171875  | 1998.046875  |   1705    |   11010101001    |    6a9    |  NO
  1706   |   1998.046875   | 1.171875  | 1999.218750  |   1706    |   11010101010    |    6aa    |  NO
  1707   |   1999.218750   | 1.171875  | 2000.390625  |   1707    |   11010101011    |    6ab    |  NO
  1708   |   2000.390625   | 1.171875  | 2001.562500  |   1708    |   11010101100    |    6ac    |  NO
  1709   |   2001.562500   | 1.171875  | 2002.734375  |   1709    |   11010101101    |    6ad    |  NO
  1710   |   2002.734375   | 1.171875  | 2003.906250  |   1710    |   11010101110    |    6ae    |  NO
  1711   |   2003.906250   | 1.171875  | 2005.078125  |   1711    |   11010101111    |    6af    |  NO
  1712   |   2005.078125   | 1.171875  | 2006.250000  |   1712    |   11010110000    |    6b0    |  NO
  1713   |   2006.250000   | 1.171875  | 2007.421875  |   1713    |   11010110001    |    6b1    |  NO
  1714   |   2007.421875   | 1.171875  | 2008.593750  |   1714    |   11010110010    |    6b2    |  NO
  1715   |   2008.593750   | 1.171875  | 2009.765625  |   1715    |   11010110011    |    6b3    |  NO
  1716   |   2009.765625   | 1.171875  | 2010.937500  |   1716    |   11010110100    |    6b4    |  NO
  1717   |   2010.937500   | 1.171875  | 2012.109375  |   1717    |   11010110101    |    6b5    |  NO
  1718   |   2012.109375   | 1.171875  | 2013.281250  |   1718    |   11010110110    |    6b6    |  NO
  1719   |   2013.281250   | 1.171875  | 2014.453125  |   1719    |   11010110111    |    6b7    |  NO
  1720   |   2014.453125   | 1.171875  | 2015.625000  |   1720    |   11010111000    |    6b8    |  NO
  1721   |   2015.625000   | 1.171875  | 2016.796875  |   1721    |   11010111001    |    6b9    |  NO
  1722   |   2016.796875   | 1.171875  | 2017.968750  |   1722    |   11010111010    |    6ba    |  NO
  1723   |   2017.968750   | 1.171875  | 2019.140625  |   1723    |   11010111011    |    6bb    |  NO
  1724   |   2019.140625   | 1.171875  | 2020.312500  |   1724    |   11010111100    |    6bc    |  NO
  1725   |   2020.312500   | 1.171875  | 2021.484375  |   1725    |   11010111101    |    6bd    |  NO
  1726   |   2021.484375   | 1.171875  | 2022.656250  |   1726    |   11010111110    |    6be    |  NO
  1727   |   2022.656250   | 1.171875  | 2023.828125  |   1727    |   11010111111    |    6bf    |  NO
  1728   |   2023.828125   | 1.171875  | 2025.000000  |   1728    |   11011000000    |    6c0    |  NO
  1729   |   2025.000000   | 1.171875  | 2026.171875  |   1729    |   11011000001    |    6c1    |  NO
  1730   |   2026.171875   | 1.171875  | 2027.343750  |   1730    |   11011000010    |    6c2    |  NO
  1731   |   2027.343750   | 1.171875  | 2028.515625  |   1731    |   11011000011    |    6c3    |  NO
  1732   |   2028.515625   | 1.171875  | 2029.687500  |   1732    |   11011000100    |    6c4    |  NO
  1733   |   2029.687500   | 1.171875  | 2030.859375  |   1733    |   11011000101    |    6c5    |  NO
  1734   |   2030.859375   | 1.171875  | 2032.031250  |   1734    |   11011000110    |    6c6    |  NO
  1735   |   2032.031250   | 1.171875  | 2033.203125  |   1735    |   11011000111    |    6c7    |  NO
  1736   |   2033.203125   | 1.171875  | 2034.375000  |   1736    |   11011001000    |    6c8    |  NO
  1737   |   2034.375000   | 1.171875  | 2035.546875  |   1737    |   11011001001    |    6c9    |  NO
  1738   |   2035.546875   | 1.171875  | 2036.718750  |   1738    |   11011001010    |    6ca    |  NO
  1739   |   2036.718750   | 1.171875  | 2037.890625  |   1739    |   11011001011    |    6cb    |  NO
  1740   |   2037.890625   | 1.171875  | 2039.062500  |   1740    |   11011001100    |    6cc    |  NO
  1741   |   2039.062500   | 1.171875  | 2040.234375  |   1741    |   11011001101    |    6cd    |  NO
  1742   |   2040.234375   | 1.171875  | 2041.406250  |   1742    |   11011001110    |    6ce    |  NO
  1743   |   2041.406250   | 1.171875  | 2042.578125  |   1743    |   11011001111    |    6cf    |  NO
  1744   |   2042.578125   | 1.171875  | 2043.750000  |   1744    |   11011010000    |    6d0    |  NO
  1745   |   2043.750000   | 1.171875  | 2044.921875  |   1745    |   11011010001    |    6d1    |  NO
  1746   |   2044.921875   | 1.171875  | 2046.093750  |   1746    |   11011010010    |    6d2    |  NO
  1747   |   2046.093750   | 1.171875  | 2047.265625  |   1747    |   11011010011    |    6d3    |  NO
  1748   |   2047.265625   | 1.171875  | 2048.437500  |   1748    |   11011010100    |    6d4    |  NO
  1749   |   2048.437500   | 1.171875  | 2049.609375  |   1749    |   11011010101    |    6d5    |  NO
  1750   |   2049.609375   | 1.171875  | 2050.781250  |   1750    |   11011010110    |    6d6    |  NO
  1751   |   2050.781250   | 1.171875  | 2051.953125  |   1751    |   11011010111    |    6d7    |  NO
  1752   |   2051.953125   | 1.171875  | 2053.125000  |   1752    |   11011011000    |    6d8    |  NO
  1753   |   2053.125000   | 1.171875  | 2054.296875  |   1753    |   11011011001    |    6d9    |  NO
  1754   |   2054.296875   | 1.171875  | 2055.468750  |   1754    |   11011011010    |    6da    |  NO
  1755   |   2055.468750   | 1.171875  | 2056.640625  |   1755    |   11011011011    |    6db    |  NO
  1756   |   2056.640625   | 1.171875  | 2057.812500  |   1756    |   11011011100    |    6dc    |  NO
  1757   |   2057.812500   | 1.171875  | 2058.984375  |   1757    |   11011011101    |    6dd    |  NO
  1758   |   2058.984375   | 1.171875  | 2060.156250  |   1758    |   11011011110    |    6de    |  NO
  1759   |   2060.156250   | 1.171875  | 2061.328125  |   1759    |   11011011111    |    6df    |  NO
  1760   |   2061.328125   | 1.171875  | 2062.500000  |   1760    |   11011100000    |    6e0    |  NO
  1761   |   2062.500000   | 1.171875  | 2063.671875  |   1761    |   11011100001    |    6e1    |  NO
  1762   |   2063.671875   | 1.171875  | 2064.843750  |   1762    |   11011100010    |    6e2    |  NO
  1763   |   2064.843750   | 1.171875  | 2066.015625  |   1763    |   11011100011    |    6e3    |  NO
  1764   |   2066.015625   | 1.171875  | 2067.187500  |   1764    |   11011100100    |    6e4    |  NO
  1765   |   2067.187500   | 1.171875  | 2068.359375  |   1765    |   11011100101    |    6e5    |  NO
  1766   |   2068.359375   | 1.171875  | 2069.531250  |   1766    |   11011100110    |    6e6    |  NO
  1767   |   2069.531250   | 1.171875  | 2070.703125  |   1767    |   11011100111    |    6e7    |  NO
  1768   |   2070.703125   | 1.171875  | 2071.875000  |   1768    |   11011101000    |    6e8    |  NO
  1769   |   2071.875000   | 1.171875  | 2073.046875  |   1769    |   11011101001    |    6e9    |  NO
  1770   |   2073.046875   | 1.171875  | 2074.218750  |   1770    |   11011101010    |    6ea    |  NO
  1771   |   2074.218750   | 1.171875  | 2075.390625  |   1771    |   11011101011    |    6eb    |  NO
  1772   |   2075.390625   | 1.171875  | 2076.562500  |   1772    |   11011101100    |    6ec    |  NO
  1773   |   2076.562500   | 1.171875  | 2077.734375  |   1773    |   11011101101    |    6ed    |  NO
  1774   |   2077.734375   | 1.171875  | 2078.906250  |   1774    |   11011101110    |    6ee    |  NO
  1775   |   2078.906250   | 1.171875  | 2080.078125  |   1775    |   11011101111    |    6ef    |  NO
  1776   |   2080.078125   | 1.171875  | 2081.250000  |   1776    |   11011110000    |    6f0    |  NO
  1777   |   2081.250000   | 1.171875  | 2082.421875  |   1777    |   11011110001    |    6f1    |  NO
  1778   |   2082.421875   | 1.171875  | 2083.593750  |   1778    |   11011110010    |    6f2    |  NO
  1779   |   2083.593750   | 1.171875  | 2084.765625  |   1779    |   11011110011    |    6f3    |  NO
  1780   |   2084.765625   | 1.171875  | 2085.937500  |   1780    |   11011110100    |    6f4    |  NO
  1781   |   2085.937500   | 1.171875  | 2087.109375  |   1781    |   11011110101    |    6f5    |  NO
  1782   |   2087.109375   | 1.171875  | 2088.281250  |   1782    |   11011110110    |    6f6    |  NO
  1783   |   2088.281250   | 1.171875  | 2089.453125  |   1783    |   11011110111    |    6f7    |  NO
  1784   |   2089.453125   | 1.171875  | 2090.625000  |   1784    |   11011111000    |    6f8    |  NO
  1785   |   2090.625000   | 1.171875  | 2091.796875  |   1785    |   11011111001    |    6f9    |  NO
  1786   |   2091.796875   | 1.171875  | 2092.968750  |   1786    |   11011111010    |    6fa    |  NO
  1787   |   2092.968750   | 1.171875  | 2094.140625  |   1787    |   11011111011    |    6fb    |  NO
  1788   |   2094.140625   | 1.171875  | 2095.312500  |   1788    |   11011111100    |    6fc    |  NO
  1789   |   2095.312500   | 1.171875  | 2096.484375  |   1789    |   11011111101    |    6fd    |  NO
  1790   |   2096.484375   | 1.171875  | 2097.656250  |   1790    |   11011111110    |    6fe    |  NO
  1791   |   2097.656250   | 1.171875  | 2098.828125  |   1791    |   11011111111    |    6ff    |  NO
  1792   |   2098.828125   | 1.171875  | 2100.000000  |   1792    |   11100000000    |    700    |  NO
  1793   |   2100.000000   | 1.171875  | 2101.171875  |   1793    |   11100000001    |    701    |  NO
  1794   |   2101.171875   | 1.171875  | 2102.343750  |   1794    |   11100000010    |    702    |  NO
  1795   |   2102.343750   | 1.171875  | 2103.515625  |   1795    |   11100000011    |    703    |  NO
  1796   |   2103.515625   | 1.171875  | 2104.687500  |   1796    |   11100000100    |    704    |  NO
  1797   |   2104.687500   | 1.171875  | 2105.859375  |   1797    |   11100000101    |    705    |  NO
  1798   |   2105.859375   | 1.171875  | 2107.031250  |   1798    |   11100000110    |    706    |  NO
  1799   |   2107.031250   | 1.171875  | 2108.203125  |   1799    |   11100000111    |    707    |  NO
  1800   |   2108.203125   | 1.171875  | 2109.375000  |   1800    |   11100001000    |    708    |  NO
  1801   |   2109.375000   | 1.171875  | 2110.546875  |   1801    |   11100001001    |    709    |  NO
  1802   |   2110.546875   | 1.171875  | 2111.718750  |   1802    |   11100001010    |    70a    |  NO
  1803   |   2111.718750   | 1.171875  | 2112.890625  |   1803    |   11100001011    |    70b    |  NO
  1804   |   2112.890625   | 1.171875  | 2114.062500  |   1804    |   11100001100    |    70c    |  NO
  1805   |   2114.062500   | 1.171875  | 2115.234375  |   1805    |   11100001101    |    70d    |  NO
  1806   |   2115.234375   | 1.171875  | 2116.406250  |   1806    |   11100001110    |    70e    |  NO
  1807   |   2116.406250   | 1.171875  | 2117.578125  |   1807    |   11100001111    |    70f    |  NO
  1808   |   2117.578125   | 1.171875  | 2118.750000  |   1808    |   11100010000    |    710    |  NO
  1809   |   2118.750000   | 1.171875  | 2119.921875  |   1809    |   11100010001    |    711    |  NO
  1810   |   2119.921875   | 1.171875  | 2121.093750  |   1810    |   11100010010    |    712    |  NO
  1811   |   2121.093750   | 1.171875  | 2122.265625  |   1811    |   11100010011    |    713    |  NO
  1812   |   2122.265625   | 1.171875  | 2123.437500  |   1812    |   11100010100    |    714    |  NO
  1813   |   2123.437500   | 1.171875  | 2124.609375  |   1813    |   11100010101    |    715    |  NO
  1814   |   2124.609375   | 1.171875  | 2125.781250  |   1814    |   11100010110    |    716    |  NO
  1815   |   2125.781250   | 1.171875  | 2126.953125  |   1815    |   11100010111    |    717    |  NO
  1816   |   2126.953125   | 1.171875  | 2128.125000  |   1816    |   11100011000    |    718    |  NO
  1817   |   2128.125000   | 1.171875  | 2129.296875  |   1817    |   11100011001    |    719    |  NO
  1818   |   2129.296875   | 1.171875  | 2130.468750  |   1818    |   11100011010    |    71a    |  NO
  1819   |   2130.468750   | 1.171875  | 2131.640625  |   1819    |   11100011011    |    71b    |  NO
  1820   |   2131.640625   | 1.171875  | 2132.812500  |   1820    |   11100011100    |    71c    |  NO
  1821   |   2132.812500   | 1.171875  | 2133.984375  |   1821    |   11100011101    |    71d    |  NO
  1822   |   2133.984375   | 1.171875  | 2135.156250  |   1822    |   11100011110    |    71e    |  NO
  1823   |   2135.156250   | 1.171875  | 2136.328125  |   1823    |   11100011111    |    71f    |  NO
  1824   |   2136.328125   | 1.171875  | 2137.500000  |   1824    |   11100100000    |    720    |  NO
  1825   |   2137.500000   | 1.171875  | 2138.671875  |   1825    |   11100100001    |    721    |  NO
  1826   |   2138.671875   | 1.171875  | 2139.843750  |   1826    |   11100100010    |    722    |  NO
  1827   |   2139.843750   | 1.171875  | 2141.015625  |   1827    |   11100100011    |    723    |  NO
  1828   |   2141.015625   | 1.171875  | 2142.187500  |   1828    |   11100100100    |    724    |  NO
  1829   |   2142.187500   | 1.171875  | 2143.359375  |   1829    |   11100100101    |    725    |  NO
  1830   |   2143.359375   | 1.171875  | 2144.531250  |   1830    |   11100100110    |    726    |  NO
  1831   |   2144.531250   | 1.171875  | 2145.703125  |   1831    |   11100100111    |    727    |  NO
  1832   |   2145.703125   | 1.171875  | 2146.875000  |   1832    |   11100101000    |    728    |  NO
  1833   |   2146.875000   | 1.171875  | 2148.046875  |   1833    |   11100101001    |    729    |  NO
  1834   |   2148.046875   | 1.171875  | 2149.218750  |   1834    |   11100101010    |    72a    |  NO
  1835   |   2149.218750   | 1.171875  | 2150.390625  |   1835    |   11100101011    |    72b    |  NO
  1836   |   2150.390625   | 1.171875  | 2151.562500  |   1836    |   11100101100    |    72c    |  NO
  1837   |   2151.562500   | 1.171875  | 2152.734375  |   1837    |   11100101101    |    72d    |  NO
  1838   |   2152.734375   | 1.171875  | 2153.906250  |   1838    |   11100101110    |    72e    |  NO
  1839   |   2153.906250   | 1.171875  | 2155.078125  |   1839    |   11100101111    |    72f    |  NO
  1840   |   2155.078125   | 1.171875  | 2156.250000  |   1840    |   11100110000    |    730    |  NO
  1841   |   2156.250000   | 1.171875  | 2157.421875  |   1841    |   11100110001    |    731    |  NO
  1842   |   2157.421875   | 1.171875  | 2158.593750  |   1842    |   11100110010    |    732    |  NO
  1843   |   2158.593750   | 1.171875  | 2159.765625  |   1843    |   11100110011    |    733    |  NO
  1844   |   2159.765625   | 1.171875  | 2160.937500  |   1844    |   11100110100    |    734    |  NO
  1845   |   2160.937500   | 1.171875  | 2162.109375  |   1845    |   11100110101    |    735    |  NO
  1846   |   2162.109375   | 1.171875  | 2163.281250  |   1846    |   11100110110    |    736    |  NO
  1847   |   2163.281250   | 1.171875  | 2164.453125  |   1847    |   11100110111    |    737    |  NO
  1848   |   2164.453125   | 1.171875  | 2165.625000  |   1848    |   11100111000    |    738    |  NO
  1849   |   2165.625000   | 1.171875  | 2166.796875  |   1849    |   11100111001    |    739    |  NO
  1850   |   2166.796875   | 1.171875  | 2167.968750  |   1850    |   11100111010    |    73a    |  NO
  1851   |   2167.968750   | 1.171875  | 2169.140625  |   1851    |   11100111011    |    73b    |  NO
  1852   |   2169.140625   | 1.171875  | 2170.312500  |   1852    |   11100111100    |    73c    |  NO
  1853   |   2170.312500   | 1.171875  | 2171.484375  |   1853    |   11100111101    |    73d    |  NO
  1854   |   2171.484375   | 1.171875  | 2172.656250  |   1854    |   11100111110    |    73e    |  NO
  1855   |   2172.656250   | 1.171875  | 2173.828125  |   1855    |   11100111111    |    73f    |  NO
  1856   |   2173.828125   | 1.171875  | 2175.000000  |   1856    |   11101000000    |    740    |  NO
  1857   |   2175.000000   | 1.171875  | 2176.171875  |   1857    |   11101000001    |    741    |  NO
  1858   |   2176.171875   | 1.171875  | 2177.343750  |   1858    |   11101000010    |    742    |  NO
  1859   |   2177.343750   | 1.171875  | 2178.515625  |   1859    |   11101000011    |    743    |  NO
  1860   |   2178.515625   | 1.171875  | 2179.687500  |   1860    |   11101000100    |    744    |  NO
  1861   |   2179.687500   | 1.171875  | 2180.859375  |   1861    |   11101000101    |    745    |  NO
  1862   |   2180.859375   | 1.171875  | 2182.031250  |   1862    |   11101000110    |    746    |  NO
  1863   |   2182.031250   | 1.171875  | 2183.203125  |   1863    |   11101000111    |    747    |  NO
  1864   |   2183.203125   | 1.171875  | 2184.375000  |   1864    |   11101001000    |    748    |  NO
  1865   |   2184.375000   | 1.171875  | 2185.546875  |   1865    |   11101001001    |    749    |  NO
  1866   |   2185.546875   | 1.171875  | 2186.718750  |   1866    |   11101001010    |    74a    |  NO
  1867   |   2186.718750   | 1.171875  | 2187.890625  |   1867    |   11101001011    |    74b    |  NO
  1868   |   2187.890625   | 1.171875  | 2189.062500  |   1868    |   11101001100    |    74c    |  NO
  1869   |   2189.062500   | 1.171875  | 2190.234375  |   1869    |   11101001101    |    74d    |  NO
  1870   |   2190.234375   | 1.171875  | 2191.406250  |   1870    |   11101001110    |    74e    |  NO
  1871   |   2191.406250   | 1.171875  | 2192.578125  |   1871    |   11101001111    |    74f    |  NO
  1872   |   2192.578125   | 1.171875  | 2193.750000  |   1872    |   11101010000    |    750    |  NO
  1873   |   2193.750000   | 1.171875  | 2194.921875  |   1873    |   11101010001    |    751    |  NO
  1874   |   2194.921875   | 1.171875  | 2196.093750  |   1874    |   11101010010    |    752    |  NO
  1875   |   2196.093750   | 1.171875  | 2197.265625  |   1875    |   11101010011    |    753    |  NO
  1876   |   2197.265625   | 1.171875  | 2198.437500  |   1876    |   11101010100    |    754    |  NO
  1877   |   2198.437500   | 1.171875  | 2199.609375  |   1877    |   11101010101    |    755    |  NO
  1878   |   2199.609375   | 1.171875  | 2200.781250  |   1878    |   11101010110    |    756    |  NO
  1879   |   2200.781250   | 1.171875  | 2201.953125  |   1879    |   11101010111    |    757    |  NO
  1880   |   2201.953125   | 1.171875  | 2203.125000  |   1880    |   11101011000    |    758    |  NO
  1881   |   2203.125000   | 1.171875  | 2204.296875  |   1881    |   11101011001    |    759    |  NO
  1882   |   2204.296875   | 1.171875  | 2205.468750  |   1882    |   11101011010    |    75a    |  NO
  1883   |   2205.468750   | 1.171875  | 2206.640625  |   1883    |   11101011011    |    75b    |  NO
  1884   |   2206.640625   | 1.171875  | 2207.812500  |   1884    |   11101011100    |    75c    |  NO
  1885   |   2207.812500   | 1.171875  | 2208.984375  |   1885    |   11101011101    |    75d    |  NO
  1886   |   2208.984375   | 1.171875  | 2210.156250  |   1886    |   11101011110    |    75e    |  NO
  1887   |   2210.156250   | 1.171875  | 2211.328125  |   1887    |   11101011111    |    75f    |  NO
  1888   |   2211.328125   | 1.171875  | 2212.500000  |   1888    |   11101100000    |    760    |  NO
  1889   |   2212.500000   | 1.171875  | 2213.671875  |   1889    |   11101100001    |    761    |  NO
  1890   |   2213.671875   | 1.171875  | 2214.843750  |   1890    |   11101100010    |    762    |  NO
  1891   |   2214.843750   | 1.171875  | 2216.015625  |   1891    |   11101100011    |    763    |  NO
  1892   |   2216.015625   | 1.171875  | 2217.187500  |   1892    |   11101100100    |    764    |  NO
  1893   |   2217.187500   | 1.171875  | 2218.359375  |   1893    |   11101100101    |    765    |  NO
  1894   |   2218.359375   | 1.171875  | 2219.531250  |   1894    |   11101100110    |    766    |  NO
  1895   |   2219.531250   | 1.171875  | 2220.703125  |   1895    |   11101100111    |    767    |  NO
  1896   |   2220.703125   | 1.171875  | 2221.875000  |   1896    |   11101101000    |    768    |  NO
  1897   |   2221.875000   | 1.171875  | 2223.046875  |   1897    |   11101101001    |    769    |  NO
  1898   |   2223.046875   | 1.171875  | 2224.218750  |   1898    |   11101101010    |    76a    |  NO
  1899   |   2224.218750   | 1.171875  | 2225.390625  |   1899    |   11101101011    |    76b    |  NO
  1900   |   2225.390625   | 1.171875  | 2226.562500  |   1900    |   11101101100    |    76c    |  NO
  1901   |   2226.562500   | 1.171875  | 2227.734375  |   1901    |   11101101101    |    76d    |  NO
  1902   |   2227.734375   | 1.171875  | 2228.906250  |   1902    |   11101101110    |    76e    |  NO
  1903   |   2228.906250   | 1.171875  | 2230.078125  |   1903    |   11101101111    |    76f    |  NO
  1904   |   2230.078125   | 1.171875  | 2231.250000  |   1904    |   11101110000    |    770    |  NO
  1905   |   2231.250000   | 1.171875  | 2232.421875  |   1905    |   11101110001    |    771    |  NO
  1906   |   2232.421875   | 1.171875  | 2233.593750  |   1906    |   11101110010    |    772    |  NO
  1907   |   2233.593750   | 1.171875  | 2234.765625  |   1907    |   11101110011    |    773    |  NO
  1908   |   2234.765625   | 1.171875  | 2235.937500  |   1908    |   11101110100    |    774    |  NO
  1909   |   2235.937500   | 1.171875  | 2237.109375  |   1909    |   11101110101    |    775    |  NO
  1910   |   2237.109375   | 1.171875  | 2238.281250  |   1910    |   11101110110    |    776    |  NO
  1911   |   2238.281250   | 1.171875  | 2239.453125  |   1911    |   11101110111    |    777    |  NO
  1912   |   2239.453125   | 1.171875  | 2240.625000  |   1912    |   11101111000    |    778    |  NO
  1913   |   2240.625000   | 1.171875  | 2241.796875  |   1913    |   11101111001    |    779    |  NO
  1914   |   2241.796875   | 1.171875  | 2242.968750  |   1914    |   11101111010    |    77a    |  NO
  1915   |   2242.968750   | 1.171875  | 2244.140625  |   1915    |   11101111011    |    77b    |  NO
  1916   |   2244.140625   | 1.171875  | 2245.312500  |   1916    |   11101111100    |    77c    |  NO
  1917   |   2245.312500   | 1.171875  | 2246.484375  |   1917    |   11101111101    |    77d    |  NO
  1918   |   2246.484375   | 1.171875  | 2247.656250  |   1918    |   11101111110    |    77e    |  NO
  1919   |   2247.656250   | 1.171875  | 2248.828125  |   1919    |   11101111111    |    77f    |  NO
  1920   |   2248.828125   | 1.171875  | 2250.000000  |   1920    |   11110000000    |    780    |  NO
  1921   |   2250.000000   | 1.171875  | 2251.171875  |   1921    |   11110000001    |    781    |  NO
  1922   |   2251.171875   | 1.171875  | 2252.343750  |   1922    |   11110000010    |    782    |  NO
  1923   |   2252.343750   | 1.171875  | 2253.515625  |   1923    |   11110000011    |    783    |  NO
  1924   |   2253.515625   | 1.171875  | 2254.687500  |   1924    |   11110000100    |    784    |  NO
  1925   |   2254.687500   | 1.171875  | 2255.859375  |   1925    |   11110000101    |    785    |  NO
  1926   |   2255.859375   | 1.171875  | 2257.031250  |   1926    |   11110000110    |    786    |  NO
  1927   |   2257.031250   | 1.171875  | 2258.203125  |   1927    |   11110000111    |    787    |  NO
  1928   |   2258.203125   | 1.171875  | 2259.375000  |   1928    |   11110001000    |    788    |  NO
  1929   |   2259.375000   | 1.171875  | 2260.546875  |   1929    |   11110001001    |    789    |  NO
  1930   |   2260.546875   | 1.171875  | 2261.718750  |   1930    |   11110001010    |    78a    |  NO
  1931   |   2261.718750   | 1.171875  | 2262.890625  |   1931    |   11110001011    |    78b    |  NO
  1932   |   2262.890625   | 1.171875  | 2264.062500  |   1932    |   11110001100    |    78c    |  NO
  1933   |   2264.062500   | 1.171875  | 2265.234375  |   1933    |   11110001101    |    78d    |  NO
  1934   |   2265.234375   | 1.171875  | 2266.406250  |   1934    |   11110001110    |    78e    |  NO
  1935   |   2266.406250   | 1.171875  | 2267.578125  |   1935    |   11110001111    |    78f    |  NO
  1936   |   2267.578125   | 1.171875  | 2268.750000  |   1936    |   11110010000    |    790    |  NO
  1937   |   2268.750000   | 1.171875  | 2269.921875  |   1937    |   11110010001    |    791    |  NO
  1938   |   2269.921875   | 1.171875  | 2271.093750  |   1938    |   11110010010    |    792    |  NO
  1939   |   2271.093750   | 1.171875  | 2272.265625  |   1939    |   11110010011    |    793    |  NO
  1940   |   2272.265625   | 1.171875  | 2273.437500  |   1940    |   11110010100    |    794    |  NO
  1941   |   2273.437500   | 1.171875  | 2274.609375  |   1941    |   11110010101    |    795    |  NO
  1942   |   2274.609375   | 1.171875  | 2275.781250  |   1942    |   11110010110    |    796    |  NO
  1943   |   2275.781250   | 1.171875  | 2276.953125  |   1943    |   11110010111    |    797    |  NO
  1944   |   2276.953125   | 1.171875  | 2278.125000  |   1944    |   11110011000    |    798    |  NO
  1945   |   2278.125000   | 1.171875  | 2279.296875  |   1945    |   11110011001    |    799    |  NO
  1946   |   2279.296875   | 1.171875  | 2280.468750  |   1946    |   11110011010    |    79a    |  NO
  1947   |   2280.468750   | 1.171875  | 2281.640625  |   1947    |   11110011011    |    79b    |  NO
  1948   |   2281.640625   | 1.171875  | 2282.812500  |   1948    |   11110011100    |    79c    |  NO
  1949   |   2282.812500   | 1.171875  | 2283.984375  |   1949    |   11110011101    |    79d    |  NO
  1950   |   2283.984375   | 1.171875  | 2285.156250  |   1950    |   11110011110    |    79e    |  NO
  1951   |   2285.156250   | 1.171875  | 2286.328125  |   1951    |   11110011111    |    79f    |  NO
  1952   |   2286.328125   | 1.171875  | 2287.500000  |   1952    |   11110100000    |    7a0    |  NO
  1953   |   2287.500000   | 1.171875  | 2288.671875  |   1953    |   11110100001    |    7a1    |  NO
  1954   |   2288.671875   | 1.171875  | 2289.843750  |   1954    |   11110100010    |    7a2    |  NO
  1955   |   2289.843750   | 1.171875  | 2291.015625  |   1955    |   11110100011    |    7a3    |  NO
  1956   |   2291.015625   | 1.171875  | 2292.187500  |   1956    |   11110100100    |    7a4    |  NO
  1957   |   2292.187500   | 1.171875  | 2293.359375  |   1957    |   11110100101    |    7a5    |  NO
  1958   |   2293.359375   | 1.171875  | 2294.531250  |   1958    |   11110100110    |    7a6    |  NO
  1959   |   2294.531250   | 1.171875  | 2295.703125  |   1959    |   11110100111    |    7a7    |  NO
  1960   |   2295.703125   | 1.171875  | 2296.875000  |   1960    |   11110101000    |    7a8    |  NO
  1961   |   2296.875000   | 1.171875  | 2298.046875  |   1961    |   11110101001    |    7a9    |  NO
  1962   |   2298.046875   | 1.171875  | 2299.218750  |   1962    |   11110101010    |    7aa    |  NO
  1963   |   2299.218750   | 1.171875  | 2300.390625  |   1963    |   11110101011    |    7ab    |  NO
  1964   |   2300.390625   | 1.171875  | 2301.562500  |   1964    |   11110101100    |    7ac    |  NO
  1965   |   2301.562500   | 1.171875  | 2302.734375  |   1965    |   11110101101    |    7ad    |  NO
  1966   |   2302.734375   | 1.171875  | 2303.906250  |   1966    |   11110101110    |    7ae    |  NO
  1967   |   2303.906250   | 1.171875  | 2305.078125  |   1967    |   11110101111    |    7af    |  NO
  1968   |   2305.078125   | 1.171875  | 2306.250000  |   1968    |   11110110000    |    7b0    |  NO
  1969   |   2306.250000   | 1.171875  | 2307.421875  |   1969    |   11110110001    |    7b1    |  NO
  1970   |   2307.421875   | 1.171875  | 2308.593750  |   1970    |   11110110010    |    7b2    |  NO
  1971   |   2308.593750   | 1.171875  | 2309.765625  |   1971    |   11110110011    |    7b3    |  NO
  1972   |   2309.765625   | 1.171875  | 2310.937500  |   1972    |   11110110100    |    7b4    |  NO
  1973   |   2310.937500   | 1.171875  | 2312.109375  |   1973    |   11110110101    |    7b5    |  NO
  1974   |   2312.109375   | 1.171875  | 2313.281250  |   1974    |   11110110110    |    7b6    |  NO
  1975   |   2313.281250   | 1.171875  | 2314.453125  |   1975    |   11110110111    |    7b7    |  NO
  1976   |   2314.453125   | 1.171875  | 2315.625000  |   1976    |   11110111000    |    7b8    |  NO
  1977   |   2315.625000   | 1.171875  | 2316.796875  |   1977    |   11110111001    |    7b9    |  NO
  1978   |   2316.796875   | 1.171875  | 2317.968750  |   1978    |   11110111010    |    7ba    |  NO
  1979   |   2317.968750   | 1.171875  | 2319.140625  |   1979    |   11110111011    |    7bb    |  NO
  1980   |   2319.140625   | 1.171875  | 2320.312500  |   1980    |   11110111100    |    7bc    |  NO
  1981   |   2320.312500   | 1.171875  | 2321.484375  |   1981    |   11110111101    |    7bd    |  NO
  1982   |   2321.484375   | 1.171875  | 2322.656250  |   1982    |   11110111110    |    7be    |  NO
  1983   |   2322.656250   | 1.171875  | 2323.828125  |   1983    |   11110111111    |    7bf    |  NO
  1984   |   2323.828125   | 1.171875  | 2325.000000  |   1984    |   11111000000    |    7c0    |  NO
  1985   |   2325.000000   | 1.171875  | 2326.171875  |   1985    |   11111000001    |    7c1    |  NO
  1986   |   2326.171875   | 1.171875  | 2327.343750  |   1986    |   11111000010    |    7c2    |  NO
  1987   |   2327.343750   | 1.171875  | 2328.515625  |   1987    |   11111000011    |    7c3    |  NO
  1988   |   2328.515625   | 1.171875  | 2329.687500  |   1988    |   11111000100    |    7c4    |  NO
  1989   |   2329.687500   | 1.171875  | 2330.859375  |   1989    |   11111000101    |    7c5    |  NO
  1990   |   2330.859375   | 1.171875  | 2332.031250  |   1990    |   11111000110    |    7c6    |  NO
  1991   |   2332.031250   | 1.171875  | 2333.203125  |   1991    |   11111000111    |    7c7    |  NO
  1992   |   2333.203125   | 1.171875  | 2334.375000  |   1992    |   11111001000    |    7c8    |  NO
  1993   |   2334.375000   | 1.171875  | 2335.546875  |   1993    |   11111001001    |    7c9    |  NO
  1994   |   2335.546875   | 1.171875  | 2336.718750  |   1994    |   11111001010    |    7ca    |  NO
  1995   |   2336.718750   | 1.171875  | 2337.890625  |   1995    |   11111001011    |    7cb    |  NO
  1996   |   2337.890625   | 1.171875  | 2339.062500  |   1996    |   11111001100    |    7cc    |  NO
  1997   |   2339.062500   | 1.171875  | 2340.234375  |   1997    |   11111001101    |    7cd    |  NO
  1998   |   2340.234375   | 1.171875  | 2341.406250  |   1998    |   11111001110    |    7ce    |  NO
  1999   |   2341.406250   | 1.171875  | 2342.578125  |   1999    |   11111001111    |    7cf    |  NO
  2000   |   2342.578125   | 1.171875  | 2343.750000  |   2000    |   11111010000    |    7d0    |  NO
  2001   |   2343.750000   | 1.171875  | 2344.921875  |   2001    |   11111010001    |    7d1    |  NO
  2002   |   2344.921875   | 1.171875  | 2346.093750  |   2002    |   11111010010    |    7d2    |  NO
  2003   |   2346.093750   | 1.171875  | 2347.265625  |   2003    |   11111010011    |    7d3    |  NO
  2004   |   2347.265625   | 1.171875  | 2348.437500  |   2004    |   11111010100    |    7d4    |  NO
  2005   |   2348.437500   | 1.171875  | 2349.609375  |   2005    |   11111010101    |    7d5    |  NO
  2006   |   2349.609375   | 1.171875  | 2350.781250  |   2006    |   11111010110    |    7d6    |  NO
  2007   |   2350.781250   | 1.171875  | 2351.953125  |   2007    |   11111010111    |    7d7    |  NO
  2008   |   2351.953125   | 1.171875  | 2353.125000  |   2008    |   11111011000    |    7d8    |  NO
  2009   |   2353.125000   | 1.171875  | 2354.296875  |   2009    |   11111011001    |    7d9    |  NO
  2010   |   2354.296875   | 1.171875  | 2355.468750  |   2010    |   11111011010    |    7da    |  NO
  2011   |   2355.468750   | 1.171875  | 2356.640625  |   2011    |   11111011011    |    7db    |  NO
  2012   |   2356.640625   | 1.171875  | 2357.812500  |   2012    |   11111011100    |    7dc    |  NO
  2013   |   2357.812500   | 1.171875  | 2358.984375  |   2013    |   11111011101    |    7dd    |  NO
  2014   |   2358.984375   | 1.171875  | 2360.156250  |   2014    |   11111011110    |    7de    |  NO
  2015   |   2360.156250   | 1.171875  | 2361.328125  |   2015    |   11111011111    |    7df    |  NO
  2016   |   2361.328125   | 1.171875  | 2362.500000  |   2016    |   11111100000    |    7e0    |  NO
  2017   |   2362.500000   | 1.171875  | 2363.671875  |   2017    |   11111100001    |    7e1    |  NO
  2018   |   2363.671875   | 1.171875  | 2364.843750  |   2018    |   11111100010    |    7e2    |  NO
  2019   |   2364.843750   | 1.171875  | 2366.015625  |   2019    |   11111100011    |    7e3    |  NO
  2020   |   2366.015625   | 1.171875  | 2367.187500  |   2020    |   11111100100    |    7e4    |  NO
  2021   |   2367.187500   | 1.171875  | 2368.359375  |   2021    |   11111100101    |    7e5    |  NO
  2022   |   2368.359375   | 1.171875  | 2369.531250  |   2022    |   11111100110    |    7e6    |  NO
  2023   |   2369.531250   | 1.171875  | 2370.703125  |   2023    |   11111100111    |    7e7    |  NO
  2024   |   2370.703125   | 1.171875  | 2371.875000  |   2024    |   11111101000    |    7e8    |  NO
  2025   |   2371.875000   | 1.171875  | 2373.046875  |   2025    |   11111101001    |    7e9    |  NO
  2026   |   2373.046875   | 1.171875  | 2374.218750  |   2026    |   11111101010    |    7ea    |  NO
  2027   |   2374.218750   | 1.171875  | 2375.390625  |   2027    |   11111101011    |    7eb    |  NO
  2028   |   2375.390625   | 1.171875  | 2376.562500  |   2028    |   11111101100    |    7ec    |  NO
  2029   |   2376.562500   | 1.171875  | 2377.734375  |   2029    |   11111101101    |    7ed    |  NO
  2030   |   2377.734375   | 1.171875  | 2378.906250  |   2030    |   11111101110    |    7ee    |  NO
  2031   |   2378.906250   | 1.171875  | 2380.078125  |   2031    |   11111101111    |    7ef    |  NO
  2032   |   2380.078125   | 1.171875  | 2381.250000  |   2032    |   11111110000    |    7f0    |  NO
  2033   |   2381.250000   | 1.171875  | 2382.421875  |   2033    |   11111110001    |    7f1    |  NO
  2034   |   2382.421875   | 1.171875  | 2383.593750  |   2034    |   11111110010    |    7f2    |  NO
  2035   |   2383.593750   | 1.171875  | 2384.765625  |   2035    |   11111110011    |    7f3    |  NO
  2036   |   2384.765625   | 1.171875  | 2385.937500  |   2036    |   11111110100    |    7f4    |  NO
  2037   |   2385.937500   | 1.171875  | 2387.109375  |   2037    |   11111110101    |    7f5    |  NO
  2038   |   2387.109375   | 1.171875  | 2388.281250  |   2038    |   11111110110    |    7f6    |  NO
  2039   |   2388.281250   | 1.171875  | 2389.453125  |   2039    |   11111110111    |    7f7    |  NO
  2040   |   2389.453125   | 1.171875  | 2390.625000  |   2040    |   11111111000    |    7f8    |  NO
  2041   |   2390.625000   | 1.171875  | 2391.796875  |   2041    |   11111111001    |    7f9    |  NO
  2042   |   2391.796875   | 1.171875  | 2392.968750  |   2042    |   11111111010    |    7fa    |  NO
  2043   |   2392.968750   | 1.171875  | 2394.140625  |   2043    |   11111111011    |    7fb    |  NO
  2044   |   2394.140625   | 1.171875  | 2395.312500  |   2044    |   11111111100    |    7fc    |  NO
  2045   |   2395.312500   | 1.171875  | 2396.484375  |   2045    |   11111111101    |    7fd    |  NO
  2046   |   2396.484375   | 1.171875  | 2397.656250  |   2046    |   11111111110    |    7fe    |  NO
  2047   |   2397.656250   | 1.171875  | 2398.828125  |   2047    |   11111111111    |    7ff    |  NO
  2048   |   2398.828125   | 1.171875  | 2400.000000  |   2047    |   11111111111    |    7ff    | YES
  2049   |   2400.000000   | 1.171875  | 2401.171875  |   2047    |   11111111111    |    7ff    | YES
  2050   |   2401.171875   | 1.171875  | 2402.343750  |   2047    |   11111111111    |    7ff    | YES
  2051   |   2402.343750   | 1.171875  | 2403.515625  |   2047    |   11111111111    |    7ff    | YES
  2052   |   2403.515625   | 1.171875  | 2404.687500  |   2047    |   11111111111    |    7ff    | YES
  2053   |   2404.687500   | 1.171875  | 2405.859375  |   2047    |   11111111111    |    7ff    | YES
  2054   |   2405.859375   | 1.171875  | 2407.031250  |   2047    |   11111111111    |    7ff    | YES
  2055   |   2407.031250   | 1.171875  | 2408.203125  |   2047    |   11111111111    |    7ff    | YES
  2056   |   2408.203125   | 1.171875  | 2409.375000  |   2047    |   11111111111    |    7ff    | YES
  2057   |   2409.375000   | 1.171875  | 2410.546875  |   2047    |   11111111111    |    7ff    | YES
  2058   |   2410.546875   | 1.171875  | 2411.718750  |   2047    |   11111111111    |    7ff    | YES
  2059   |   2411.718750   | 1.171875  | 2412.890625  |   2047    |   11111111111    |    7ff    | YES
  2060   |   2412.890625   | 1.171875  | 2414.062500  |   2047    |   11111111111    |    7ff    | YES
  2061   |   2414.062500   | 1.171875  | 2415.234375  |   2047    |   11111111111    |    7ff    | YES
  2062   |   2415.234375   | 1.171875  | 2416.406250  |   2047    |   11111111111    |    7ff    | YES
  2063   |   2416.406250   | 1.171875  | 2417.578125  |   2047    |   11111111111    |    7ff    | YES
  2064   |   2417.578125   | 1.171875  | 2418.750000  |   2047    |   11111111111    |    7ff    | YES
  2065   |   2418.750000   | 1.171875  | 2419.921875  |   2047    |   11111111111    |    7ff    | YES
  2066   |   2419.921875   | 1.171875  | 2421.093750  |   2047    |   11111111111    |    7ff    | YES
  2067   |   2421.093750   | 1.171875  | 2422.265625  |   2047    |   11111111111    |    7ff    | YES
  2068   |   2422.265625   | 1.171875  | 2423.437500  |   2047    |   11111111111    |    7ff    | YES
  2069   |   2423.437500   | 1.171875  | 2424.609375  |   2047    |   11111111111    |    7ff    | YES
  2070   |   2424.609375   | 1.171875  | 2425.781250  |   2047    |   11111111111    |    7ff    | YES
  2071   |   2425.781250   | 1.171875  | 2426.953125  |   2047    |   11111111111    |    7ff    | YES
  2072   |   2426.953125   | 1.171875  | 2428.125000  |   2047    |   11111111111    |    7ff    | YES
  2073   |   2428.125000   | 1.171875  | 2429.296875  |   2047    |   11111111111    |    7ff    | YES
  2074   |   2429.296875   | 1.171875  | 2430.468750  |   2047    |   11111111111    |    7ff    | YES
  2075   |   2430.468750   | 1.171875  | 2431.640625  |   2047    |   11111111111    |    7ff    | YES
  2076   |   2431.640625   | 1.171875  | 2432.812500  |   2047    |   11111111111    |    7ff    | YES
  2077   |   2432.812500   | 1.171875  | 2433.984375  |   2047    |   11111111111    |    7ff    | YES
  2078   |   2433.984375   | 1.171875  | 2435.156250  |   2047    |   11111111111    |    7ff    | YES
  2079   |   2435.156250   | 1.171875  | 2436.328125  |   2047    |   11111111111    |    7ff    | YES
  2080   |   2436.328125   | 1.171875  | 2437.500000  |   2047    |   11111111111    |    7ff    | YES
  2081   |   2437.500000   | 1.171875  | 2438.671875  |   2047    |   11111111111    |    7ff    | YES
  2082   |   2438.671875   | 1.171875  | 2439.843750  |   2047    |   11111111111    |    7ff    | YES
  2083   |   2439.843750   | 1.171875  | 2441.015625  |   2047    |   11111111111    |    7ff    | YES
  2084   |   2441.015625   | 1.171875  | 2442.187500  |   2047    |   11111111111    |    7ff    | YES
  2085   |   2442.187500   | 1.171875  | 2443.359375  |   2047    |   11111111111    |    7ff    | YES
  2086   |   2443.359375   | 1.171875  | 2444.531250  |   2047    |   11111111111    |    7ff    | YES
  2087   |   2444.531250   | 1.171875  | 2445.703125  |   2047    |   11111111111    |    7ff    | YES
  2088   |   2445.703125   | 1.171875  | 2446.875000  |   2047    |   11111111111    |    7ff    | YES
  2089   |   2446.875000   | 1.171875  | 2448.046875  |   2047    |   11111111111    |    7ff    | YES
  2090   |   2448.046875   | 1.171875  | 2449.218750  |   2047    |   11111111111    |    7ff    | YES
  2091   |   2449.218750   | 1.171875  | 2450.390625  |   2047    |   11111111111    |    7ff    | YES
  2092   |   2450.390625   | 1.171875  | 2451.562500  |   2047    |   11111111111    |    7ff    | YES
  2093   |   2451.562500   | 1.171875  | 2452.734375  |   2047    |   11111111111    |    7ff    | YES
  2094   |   2452.734375   | 1.171875  | 2453.906250  |   2047    |   11111111111    |    7ff    | YES
  2095   |   2453.906250   | 1.171875  | 2455.078125  |   2047    |   11111111111    |    7ff    | YES
  2096   |   2455.078125   | 1.171875  | 2456.250000  |   2047    |   11111111111    |    7ff    | YES
  2097   |   2456.250000   | 1.171875  | 2457.421875  |   2047    |   11111111111    |    7ff    | YES
  2098   |   2457.421875   | 1.171875  | 2458.593750  |   2047    |   11111111111    |    7ff    | YES
  2099   |   2458.593750   | 1.171875  | 2459.765625  |   2047    |   11111111111    |    7ff    | YES
  2100   |   2459.765625   | 1.171875  | 2460.937500  |   2047    |   11111111111    |    7ff    | YES
  2101   |   2460.937500   | 1.171875  | 2462.109375  |   2047    |   11111111111    |    7ff    | YES
  2102   |   2462.109375   | 1.171875  | 2463.281250  |   2047    |   11111111111    |    7ff    | YES
  2103   |   2463.281250   | 1.171875  | 2464.453125  |   2047    |   11111111111    |    7ff    | YES
  2104   |   2464.453125   | 1.171875  | 2465.625000  |   2047    |   11111111111    |    7ff    | YES
  2105   |   2465.625000   | 1.171875  | 2466.796875  |   2047    |   11111111111    |    7ff    | YES
  2106   |   2466.796875   | 1.171875  | 2467.968750  |   2047    |   11111111111    |    7ff    | YES
  2107   |   2467.968750   | 1.171875  | 2469.140625  |   2047    |   11111111111    |    7ff    | YES
  2108   |   2469.140625   | 1.171875  | 2470.312500  |   2047    |   11111111111    |    7ff    | YES
  2109   |   2470.312500   | 1.171875  | 2471.484375  |   2047    |   11111111111    |    7ff    | YES
  2110   |   2471.484375   | 1.171875  | 2472.656250  |   2047    |   11111111111    |    7ff    | YES
  2111   |   2472.656250   | 1.171875  | 2473.828125  |   2047    |   11111111111    |    7ff    | YES
  2112   |   2473.828125   | 1.171875  | 2475.000000  |   2047    |   11111111111    |    7ff    | YES
  2113   |   2475.000000   | 1.171875  | 2476.171875  |   2047    |   11111111111    |    7ff    | YES
  2114   |   2476.171875   | 1.171875  | 2477.343750  |   2047    |   11111111111    |    7ff    | YES
  2115   |   2477.343750   | 1.171875  | 2478.515625  |   2047    |   11111111111    |    7ff    | YES
  2116   |   2478.515625   | 1.171875  | 2479.687500  |   2047    |   11111111111    |    7ff    | YES
  2117   |   2479.687500   | 1.171875  | 2480.859375  |   2047    |   11111111111    |    7ff    | YES
  2118   |   2480.859375   | 1.171875  | 2482.031250  |   2047    |   11111111111    |    7ff    | YES
  2119   |   2482.031250   | 1.171875  | 2483.203125  |   2047    |   11111111111    |    7ff    | YES
  2120   |   2483.203125   | 1.171875  | 2484.375000  |   2047    |   11111111111    |    7ff    | YES
  2121   |   2484.375000   | 1.171875  | 2485.546875  |   2047    |   11111111111    |    7ff    | YES
  2122   |   2485.546875   | 1.171875  | 2486.718750  |   2047    |   11111111111    |    7ff    | YES
  2123   |   2486.718750   | 1.171875  | 2487.890625  |   2047    |   11111111111    |    7ff    | YES
  2124   |   2487.890625   | 1.171875  | 2489.062500  |   2047    |   11111111111    |    7ff    | YES
  2125   |   2489.062500   | 1.171875  | 2490.234375  |   2047    |   11111111111    |    7ff    | YES
  2126   |   2490.234375   | 1.171875  | 2491.406250  |   2047    |   11111111111    |    7ff    | YES
  2127   |   2491.406250   | 1.171875  | 2492.578125  |   2047    |   11111111111    |    7ff    | YES
  2128   |   2492.578125   | 1.171875  | 2493.750000  |   2047    |   11111111111    |    7ff    | YES
  2129   |   2493.750000   | 1.171875  | 2494.921875  |   2047    |   11111111111    |    7ff    | YES
  2130   |   2494.921875   | 1.171875  | 2496.093750  |   2047    |   11111111111    |    7ff    | YES
  2131   |   2496.093750   | 1.171875  | 2497.265625  |   2047    |   11111111111    |    7ff    | YES
  2132   |   2497.265625   | 1.171875  | 2498.437500  |   2047    |   11111111111    |    7ff    | YES
  2133   |   2498.437500   | 1.171875  | 2499.609375  |   2047    |   11111111111    |    7ff    | YES
  2134   |   2499.609375   | 1.171875  | 2500.781250  |   2047    |   11111111111    |    7ff    | YES
  2135   |   2500.781250   | 1.171875  | 2501.953125  |   2047    |   11111111111    |    7ff    | YES
  2136   |   2501.953125   | 1.171875  | 2503.125000  |   2047    |   11111111111    |    7ff    | YES
  2137   |   2503.125000   | 1.171875  | 2504.296875  |   2047    |   11111111111    |    7ff    | YES
  2138   |   2504.296875   | 1.171875  | 2505.468750  |   2047    |   11111111111    |    7ff    | YES
  2139   |   2505.468750   | 1.171875  | 2506.640625  |   2047    |   11111111111    |    7ff    | YES
  2140   |   2506.640625   | 1.171875  | 2507.812500  |   2047    |   11111111111    |    7ff    | YES
  2141   |   2507.812500   | 1.171875  | 2508.984375  |   2047    |   11111111111    |    7ff    | YES
  2142   |   2508.984375   | 1.171875  | 2510.156250  |   2047    |   11111111111    |    7ff    | YES
  2143   |   2510.156250   | 1.171875  | 2511.328125  |   2047    |   11111111111    |    7ff    | YES
  2144   |   2511.328125   | 1.171875  | 2512.500000  |   2047    |   11111111111    |    7ff    | YES
  2145   |   2512.500000   | 1.171875  | 2513.671875  |   2047    |   11111111111    |    7ff    | YES
  2146   |   2513.671875   | 1.171875  | 2514.843750  |   2047    |   11111111111    |    7ff    | YES
  2147   |   2514.843750   | 1.171875  | 2516.015625  |   2047    |   11111111111    |    7ff    | YES
  2148   |   2516.015625   | 1.171875  | 2517.187500  |   2047    |   11111111111    |    7ff    | YES
  2149   |   2517.187500   | 1.171875  | 2518.359375  |   2047    |   11111111111    |    7ff    | YES
  2150   |   2518.359375   | 1.171875  | 2519.531250  |   2047    |   11111111111    |    7ff    | YES
  2151   |   2519.531250   | 1.171875  | 2520.703125  |   2047    |   11111111111    |    7ff    | YES
  2152   |   2520.703125   | 1.171875  | 2521.875000  |   2047    |   11111111111    |    7ff    | YES
  2153   |   2521.875000   | 1.171875  | 2523.046875  |   2047    |   11111111111    |    7ff    | YES
  2154   |   2523.046875   | 1.171875  | 2524.218750  |   2047    |   11111111111    |    7ff    | YES
  2155   |   2524.218750   | 1.171875  | 2525.390625  |   2047    |   11111111111    |    7ff    | YES
  2156   |   2525.390625   | 1.171875  | 2526.562500  |   2047    |   11111111111    |    7ff    | YES
  2157   |   2526.562500   | 1.171875  | 2527.734375  |   2047    |   11111111111    |    7ff    | YES
  2158   |   2527.734375   | 1.171875  | 2528.906250  |   2047    |   11111111111    |    7ff    | YES
  2159   |   2528.906250   | 1.171875  | 2530.078125  |   2047    |   11111111111    |    7ff    | YES
  2160   |   2530.078125   | 1.171875  | 2531.250000  |   2047    |   11111111111    |    7ff    | YES
  2161   |   2531.250000   | 1.171875  | 2532.421875  |   2047    |   11111111111    |    7ff    | YES
  2162   |   2532.421875   | 1.171875  | 2533.593750  |   2047    |   11111111111    |    7ff    | YES
  2163   |   2533.593750   | 1.171875  | 2534.765625  |   2047    |   11111111111    |    7ff    | YES
  2164   |   2534.765625   | 1.171875  | 2535.937500  |   2047    |   11111111111    |    7ff    | YES
  2165   |   2535.937500   | 1.171875  | 2537.109375  |   2047    |   11111111111    |    7ff    | YES
  2166   |   2537.109375   | 1.171875  | 2538.281250  |   2047    |   11111111111    |    7ff    | YES
  2167   |   2538.281250   | 1.171875  | 2539.453125  |   2047    |   11111111111    |    7ff    | YES
  2168   |   2539.453125   | 1.171875  | 2540.625000  |   2047    |   11111111111    |    7ff    | YES
  2169   |   2540.625000   | 1.171875  | 2541.796875  |   2047    |   11111111111    |    7ff    | YES
  2170   |   2541.796875   | 1.171875  | 2542.968750  |   2047    |   11111111111    |    7ff    | YES
  2171   |   2542.968750   | 1.171875  | 2544.140625  |   2047    |   11111111111    |    7ff    | YES
  2172   |   2544.140625   | 1.171875  | 2545.312500  |   2047    |   11111111111    |    7ff    | YES
  2173   |   2545.312500   | 1.171875  | 2546.484375  |   2047    |   11111111111    |    7ff    | YES
  2174   |   2546.484375   | 1.171875  | 2547.656250  |   2047    |   11111111111    |    7ff    | YES
  2175   |   2547.656250   | 1.171875  | 2548.828125  |   2047    |   11111111111    |    7ff    | YES
  2176   |   2548.828125   | 1.171875  | 2550.000000  |   2047    |   11111111111    |    7ff    | YES
  2177   |   2550.000000   | 1.171875  | 2551.171875  |   2047    |   11111111111    |    7ff    | YES
  2178   |   2551.171875   | 1.171875  | 2552.343750  |   2047    |   11111111111    |    7ff    | YES
  2179   |   2552.343750   | 1.171875  | 2553.515625  |   2047    |   11111111111    |    7ff    | YES
  2180   |   2553.515625   | 1.171875  | 2554.687500  |   2047    |   11111111111    |    7ff    | YES
  2181   |   2554.687500   | 1.171875  | 2555.859375  |   2047    |   11111111111    |    7ff    | YES
  2182   |   2555.859375   | 1.171875  | 2557.031250  |   2047    |   11111111111    |    7ff    | YES
  2183   |   2557.031250   | 1.171875  | 2558.203125  |   2047    |   11111111111    |    7ff    | YES
  2184   |   2558.203125   | 1.171875  | 2559.375000  |   2047    |   11111111111    |    7ff    | YES
  2185   |   2559.375000   | 1.171875  | 2560.546875  |   2047    |   11111111111    |    7ff    | YES
  2186   |   2560.546875   | 1.171875  | 2561.718750  |   2047    |   11111111111    |    7ff    | YES
  2187   |   2561.718750   | 1.171875  | 2562.890625  |   2047    |   11111111111    |    7ff    | YES
  2188   |   2562.890625   | 1.171875  | 2564.062500  |   2047    |   11111111111    |    7ff    | YES
  2189   |   2564.062500   | 1.171875  | 2565.234375  |   2047    |   11111111111    |    7ff    | YES
  2190   |   2565.234375   | 1.171875  | 2566.406250  |   2047    |   11111111111    |    7ff    | YES
  2191   |   2566.406250   | 1.171875  | 2567.578125  |   2047    |   11111111111    |    7ff    | YES
  2192   |   2567.578125   | 1.171875  | 2568.750000  |   2047    |   11111111111    |    7ff    | YES
  2193   |   2568.750000   | 1.171875  | 2569.921875  |   2047    |   11111111111    |    7ff    | YES
  2194   |   2569.921875   | 1.171875  | 2571.093750  |   2047    |   11111111111    |    7ff    | YES
  2195   |   2571.093750   | 1.171875  | 2572.265625  |   2047    |   11111111111    |    7ff    | YES
  2196   |   2572.265625   | 1.171875  | 2573.437500  |   2047    |   11111111111    |    7ff    | YES
  2197   |   2573.437500   | 1.171875  | 2574.609375  |   2047    |   11111111111    |    7ff    | YES
  2198   |   2574.609375   | 1.171875  | 2575.781250  |   2047    |   11111111111    |    7ff    | YES
  2199   |   2575.781250   | 1.171875  | 2576.953125  |   2047    |   11111111111    |    7ff    | YES
  2200   |   2576.953125   | 1.171875  | 2578.125000  |   2047    |   11111111111    |    7ff    | YES
  2201   |   2578.125000   | 1.171875  | 2579.296875  |   2047    |   11111111111    |    7ff    | YES
  2202   |   2579.296875   | 1.171875  | 2580.468750  |   2047    |   11111111111    |    7ff    | YES
  2203   |   2580.468750   | 1.171875  | 2581.640625  |   2047    |   11111111111    |    7ff    | YES
  2204   |   2581.640625   | 1.171875  | 2582.812500  |   2047    |   11111111111    |    7ff    | YES
  2205   |   2582.812500   | 1.171875  | 2583.984375  |   2047    |   11111111111    |    7ff    | YES
  2206   |   2583.984375   | 1.171875  | 2585.156250  |   2047    |   11111111111    |    7ff    | YES
  2207   |   2585.156250   | 1.171875  | 2586.328125  |   2047    |   11111111111    |    7ff    | YES
  2208   |   2586.328125   | 1.171875  | 2587.500000  |   2047    |   11111111111    |    7ff    | YES
  2209   |   2587.500000   | 1.171875  | 2588.671875  |   2047    |   11111111111    |    7ff    | YES
  2210   |   2588.671875   | 1.171875  | 2589.843750  |   2047    |   11111111111    |    7ff    | YES
  2211   |   2589.843750   | 1.171875  | 2591.015625  |   2047    |   11111111111    |    7ff    | YES
  2212   |   2591.015625   | 1.171875  | 2592.187500  |   2047    |   11111111111    |    7ff    | YES
  2213   |   2592.187500   | 1.171875  | 2593.359375  |   2047    |   11111111111    |    7ff    | YES
  2214   |   2593.359375   | 1.171875  | 2594.531250  |   2047    |   11111111111    |    7ff    | YES
  2215   |   2594.531250   | 1.171875  | 2595.703125  |   2047    |   11111111111    |    7ff    | YES
  2216   |   2595.703125   | 1.171875  | 2596.875000  |   2047    |   11111111111    |    7ff    | YES
  2217   |   2596.875000   | 1.171875  | 2598.046875  |   2047    |   11111111111    |    7ff    | YES
  2218   |   2598.046875   | 1.171875  | 2599.218750  |   2047    |   11111111111    |    7ff    | YES
  2219   |   2599.218750   | 1.171875  | 2600.390625  |   2047    |   11111111111    |    7ff    | YES
  2220   |   2600.390625   | 1.171875  | 2601.562500  |   2047    |   11111111111    |    7ff    | YES
  2221   |   2601.562500   | 1.171875  | 2602.734375  |   2047    |   11111111111    |    7ff    | YES
  2222   |   2602.734375   | 1.171875  | 2603.906250  |   2047    |   11111111111    |    7ff    | YES
  2223   |   2603.906250   | 1.171875  | 2605.078125  |   2047    |   11111111111    |    7ff    | YES
  2224   |   2605.078125   | 1.171875  | 2606.250000  |   2047    |   11111111111    |    7ff    | YES
  2225   |   2606.250000   | 1.171875  | 2607.421875  |   2047    |   11111111111    |    7ff    | YES
  2226   |   2607.421875   | 1.171875  | 2608.593750  |   2047    |   11111111111    |    7ff    | YES
  2227   |   2608.593750   | 1.171875  | 2609.765625  |   2047    |   11111111111    |    7ff    | YES
  2228   |   2609.765625   | 1.171875  | 2610.937500  |   2047    |   11111111111    |    7ff    | YES
  2229   |   2610.937500   | 1.171875  | 2612.109375  |   2047    |   11111111111    |    7ff    | YES
  2230   |   2612.109375   | 1.171875  | 2613.281250  |   2047    |   11111111111    |    7ff    | YES
  2231   |   2613.281250   | 1.171875  | 2614.453125  |   2047    |   11111111111    |    7ff    | YES
  2232   |   2614.453125   | 1.171875  | 2615.625000  |   2047    |   11111111111    |    7ff    | YES
  2233   |   2615.625000   | 1.171875  | 2616.796875  |   2047    |   11111111111    |    7ff    | YES
  2234   |   2616.796875   | 1.171875  | 2617.968750  |   2047    |   11111111111    |    7ff    | YES
  2235   |   2617.968750   | 1.171875  | 2619.140625  |   2047    |   11111111111    |    7ff    | YES
  2236   |   2619.140625   | 1.171875  | 2620.312500  |   2047    |   11111111111    |    7ff    | YES
  2237   |   2620.312500   | 1.171875  | 2621.484375  |   2047    |   11111111111    |    7ff    | YES
  2238   |   2621.484375   | 1.171875  | 2622.656250  |   2047    |   11111111111    |    7ff    | YES
  2239   |   2622.656250   | 1.171875  | 2623.828125  |   2047    |   11111111111    |    7ff    | YES
  2240   |   2623.828125   | 1.171875  | 2625.000000  |   2047    |   11111111111    |    7ff    | YES
  2241   |   2625.000000   | 1.171875  | 2626.171875  |   2047    |   11111111111    |    7ff    | YES
  2242   |   2626.171875   | 1.171875  | 2627.343750  |   2047    |   11111111111    |    7ff    | YES
  2243   |   2627.343750   | 1.171875  | 2628.515625  |   2047    |   11111111111    |    7ff    | YES
  2244   |   2628.515625   | 1.171875  | 2629.687500  |   2047    |   11111111111    |    7ff    | YES
  2245   |   2629.687500   | 1.171875  | 2630.859375  |   2047    |   11111111111    |    7ff    | YES
  2246   |   2630.859375   | 1.171875  | 2632.031250  |   2047    |   11111111111    |    7ff    | YES
  2247   |   2632.031250   | 1.171875  | 2633.203125  |   2047    |   11111111111    |    7ff    | YES
  2248   |   2633.203125   | 1.171875  | 2634.375000  |   2047    |   11111111111    |    7ff    | YES
  2249   |   2634.375000   | 1.171875  | 2635.546875  |   2047    |   11111111111    |    7ff    | YES
  2250   |   2635.546875   | 1.171875  | 2636.718750  |   2047    |   11111111111    |    7ff    | YES
  2251   |   2636.718750   | 1.171875  | 2637.890625  |   2047    |   11111111111    |    7ff    | YES
  2252   |   2637.890625   | 1.171875  | 2639.062500  |   2047    |   11111111111    |    7ff    | YES
  2253   |   2639.062500   | 1.171875  | 2640.234375  |   2047    |   11111111111    |    7ff    | YES
  2254   |   2640.234375   | 1.171875  | 2641.406250  |   2047    |   11111111111    |    7ff    | YES
  2255   |   2641.406250   | 1.171875  | 2642.578125  |   2047    |   11111111111    |    7ff    | YES
  2256   |   2642.578125   | 1.171875  | 2643.750000  |   2047    |   11111111111    |    7ff    | YES
  2257   |   2643.750000   | 1.171875  | 2644.921875  |   2047    |   11111111111    |    7ff    | YES
  2258   |   2644.921875   | 1.171875  | 2646.093750  |   2047    |   11111111111    |    7ff    | YES
  2259   |   2646.093750   | 1.171875  | 2647.265625  |   2047    |   11111111111    |    7ff    | YES
  2260   |   2647.265625   | 1.171875  | 2648.437500  |   2047    |   11111111111    |    7ff    | YES
  2261   |   2648.437500   | 1.171875  | 2649.609375  |   2047    |   11111111111    |    7ff    | YES
  2262   |   2649.609375   | 1.171875  | 2650.781250  |   2047    |   11111111111    |    7ff    | YES
  2263   |   2650.781250   | 1.171875  | 2651.953125  |   2047    |   11111111111    |    7ff    | YES
  2264   |   2651.953125   | 1.171875  | 2653.125000  |   2047    |   11111111111    |    7ff    | YES
  2265   |   2653.125000   | 1.171875  | 2654.296875  |   2047    |   11111111111    |    7ff    | YES
  2266   |   2654.296875   | 1.171875  | 2655.468750  |   2047    |   11111111111    |    7ff    | YES
  2267   |   2655.468750   | 1.171875  | 2656.640625  |   2047    |   11111111111    |    7ff    | YES
  2268   |   2656.640625   | 1.171875  | 2657.812500  |   2047    |   11111111111    |    7ff    | YES
  2269   |   2657.812500   | 1.171875  | 2658.984375  |   2047    |   11111111111    |    7ff    | YES
  2270   |   2658.984375   | 1.171875  | 2660.156250  |   2047    |   11111111111    |    7ff    | YES
  2271   |   2660.156250   | 1.171875  | 2661.328125  |   2047    |   11111111111    |    7ff    | YES
  2272   |   2661.328125   | 1.171875  | 2662.500000  |   2047    |   11111111111    |    7ff    | YES
  2273   |   2662.500000   | 1.171875  | 2663.671875  |   2047    |   11111111111    |    7ff    | YES
  2274   |   2663.671875   | 1.171875  | 2664.843750  |   2047    |   11111111111    |    7ff    | YES
  2275   |   2664.843750   | 1.171875  | 2666.015625  |   2047    |   11111111111    |    7ff    | YES
  2276   |   2666.015625   | 1.171875  | 2667.187500  |   2047    |   11111111111    |    7ff    | YES
  2277   |   2667.187500   | 1.171875  | 2668.359375  |   2047    |   11111111111    |    7ff    | YES
  2278   |   2668.359375   | 1.171875  | 2669.531250  |   2047    |   11111111111    |    7ff    | YES
  2279   |   2669.531250   | 1.171875  | 2670.703125  |   2047    |   11111111111    |    7ff    | YES
  2280   |   2670.703125   | 1.171875  | 2671.875000  |   2047    |   11111111111    |    7ff    | YES
  2281   |   2671.875000   | 1.171875  | 2673.046875  |   2047    |   11111111111    |    7ff    | YES
  2282   |   2673.046875   | 1.171875  | 2674.218750  |   2047    |   11111111111    |    7ff    | YES
  2283   |   2674.218750   | 1.171875  | 2675.390625  |   2047    |   11111111111    |    7ff    | YES
  2284   |   2675.390625   | 1.171875  | 2676.562500  |   2047    |   11111111111    |    7ff    | YES
  2285   |   2676.562500   | 1.171875  | 2677.734375  |   2047    |   11111111111    |    7ff    | YES
  2286   |   2677.734375   | 1.171875  | 2678.906250  |   2047    |   11111111111    |    7ff    | YES
  2287   |   2678.906250   | 1.171875  | 2680.078125  |   2047    |   11111111111    |    7ff    | YES
  2288   |   2680.078125   | 1.171875  | 2681.250000  |   2047    |   11111111111    |    7ff    | YES
  2289   |   2681.250000   | 1.171875  | 2682.421875  |   2047    |   11111111111    |    7ff    | YES
  2290   |   2682.421875   | 1.171875  | 2683.593750  |   2047    |   11111111111    |    7ff    | YES
  2291   |   2683.593750   | 1.171875  | 2684.765625  |   2047    |   11111111111    |    7ff    | YES
  2292   |   2684.765625   | 1.171875  | 2685.937500  |   2047    |   11111111111    |    7ff    | YES
  2293   |   2685.937500   | 1.171875  | 2687.109375  |   2047    |   11111111111    |    7ff    | YES
  2294   |   2687.109375   | 1.171875  | 2688.281250  |   2047    |   11111111111    |    7ff    | YES
  2295   |   2688.281250   | 1.171875  | 2689.453125  |   2047    |   11111111111    |    7ff    | YES
  2296   |   2689.453125   | 1.171875  | 2690.625000  |   2047    |   11111111111    |    7ff    | YES
  2297   |   2690.625000   | 1.171875  | 2691.796875  |   2047    |   11111111111    |    7ff    | YES
  2298   |   2691.796875   | 1.171875  | 2692.968750  |   2047    |   11111111111    |    7ff    | YES
  2299   |   2692.968750   | 1.171875  | 2694.140625  |   2047    |   11111111111    |    7ff    | YES
  2300   |   2694.140625   | 1.171875  | 2695.312500  |   2047    |   11111111111    |    7ff    | YES
  2301   |   2695.312500   | 1.171875  | 2696.484375  |   2047    |   11111111111    |    7ff    | YES
  2302   |   2696.484375   | 1.171875  | 2697.656250  |   2047    |   11111111111    |    7ff    | YES
  2303   |   2697.656250   | 1.171875  | 2698.828125  |   2047    |   11111111111    |    7ff    | YES
  2304   |   2698.828125   | 1.171875  | 2700.000000  |   2047    |   11111111111    |    7ff    | YES
  2305   |   2700.000000   | 1.171875  | 2701.171875  |   2047    |   11111111111    |    7ff    | YES
  2306   |   2701.171875   | 1.171875  | 2702.343750  |   2047    |   11111111111    |    7ff    | YES
  2307   |   2702.343750   | 1.171875  | 2703.515625  |   2047    |   11111111111    |    7ff    | YES
  2308   |   2703.515625   | 1.171875  | 2704.687500  |   2047    |   11111111111    |    7ff    | YES
  2309   |   2704.687500   | 1.171875  | 2705.859375  |   2047    |   11111111111    |    7ff    | YES
  2310   |   2705.859375   | 1.171875  | 2707.031250  |   2047    |   11111111111    |    7ff    | YES
  2311   |   2707.031250   | 1.171875  | 2708.203125  |   2047    |   11111111111    |    7ff    | YES
  2312   |   2708.203125   | 1.171875  | 2709.375000  |   2047    |   11111111111    |    7ff    | YES
  2313   |   2709.375000   | 1.171875  | 2710.546875  |   2047    |   11111111111    |    7ff    | YES
  2314   |   2710.546875   | 1.171875  | 2711.718750  |   2047    |   11111111111    |    7ff    | YES
  2315   |   2711.718750   | 1.171875  | 2712.890625  |   2047    |   11111111111    |    7ff    | YES
  2316   |   2712.890625   | 1.171875  | 2714.062500  |   2047    |   11111111111    |    7ff    | YES
  2317   |   2714.062500   | 1.171875  | 2715.234375  |   2047    |   11111111111    |    7ff    | YES
  2318   |   2715.234375   | 1.171875  | 2716.406250  |   2047    |   11111111111    |    7ff    | YES
  2319   |   2716.406250   | 1.171875  | 2717.578125  |   2047    |   11111111111    |    7ff    | YES
  2320   |   2717.578125   | 1.171875  | 2718.750000  |   2047    |   11111111111    |    7ff    | YES
  2321   |   2718.750000   | 1.171875  | 2719.921875  |   2047    |   11111111111    |    7ff    | YES
  2322   |   2719.921875   | 1.171875  | 2721.093750  |   2047    |   11111111111    |    7ff    | YES
  2323   |   2721.093750   | 1.171875  | 2722.265625  |   2047    |   11111111111    |    7ff    | YES
  2324   |   2722.265625   | 1.171875  | 2723.437500  |   2047    |   11111111111    |    7ff    | YES
  2325   |   2723.437500   | 1.171875  | 2724.609375  |   2047    |   11111111111    |    7ff    | YES
  2326   |   2724.609375   | 1.171875  | 2725.781250  |   2047    |   11111111111    |    7ff    | YES
  2327   |   2725.781250   | 1.171875  | 2726.953125  |   2047    |   11111111111    |    7ff    | YES
  2328   |   2726.953125   | 1.171875  | 2728.125000  |   2047    |   11111111111    |    7ff    | YES
  2329   |   2728.125000   | 1.171875  | 2729.296875  |   2047    |   11111111111    |    7ff    | YES
  2330   |   2729.296875   | 1.171875  | 2730.468750  |   2047    |   11111111111    |    7ff    | YES
  2331   |   2730.468750   | 1.171875  | 2731.640625  |   2047    |   11111111111    |    7ff    | YES
  2332   |   2731.640625   | 1.171875  | 2732.812500  |   2047    |   11111111111    |    7ff    | YES
  2333   |   2732.812500   | 1.171875  | 2733.984375  |   2047    |   11111111111    |    7ff    | YES
  2334   |   2733.984375   | 1.171875  | 2735.156250  |   2047    |   11111111111    |    7ff    | YES
  2335   |   2735.156250   | 1.171875  | 2736.328125  |   2047    |   11111111111    |    7ff    | YES
  2336   |   2736.328125   | 1.171875  | 2737.500000  |   2047    |   11111111111    |    7ff    | YES
  2337   |   2737.500000   | 1.171875  | 2738.671875  |   2047    |   11111111111    |    7ff    | YES
  2338   |   2738.671875   | 1.171875  | 2739.843750  |   2047    |   11111111111    |    7ff    | YES
  2339   |   2739.843750   | 1.171875  | 2741.015625  |   2047    |   11111111111    |    7ff    | YES
  2340   |   2741.015625   | 1.171875  | 2742.187500  |   2047    |   11111111111    |    7ff    | YES
  2341   |   2742.187500   | 1.171875  | 2743.359375  |   2047    |   11111111111    |    7ff    | YES
  2342   |   2743.359375   | 1.171875  | 2744.531250  |   2047    |   11111111111    |    7ff    | YES
  2343   |   2744.531250   | 1.171875  | 2745.703125  |   2047    |   11111111111    |    7ff    | YES
  2344   |   2745.703125   | 1.171875  | 2746.875000  |   2047    |   11111111111    |    7ff    | YES
  2345   |   2746.875000   | 1.171875  | 2748.046875  |   2047    |   11111111111    |    7ff    | YES
  2346   |   2748.046875   | 1.171875  | 2749.218750  |   2047    |   11111111111    |    7ff    | YES
  2347   |   2749.218750   | 1.171875  | 2750.390625  |   2047    |   11111111111    |    7ff    | YES
  2348   |   2750.390625   | 1.171875  | 2751.562500  |   2047    |   11111111111    |    7ff    | YES
  2349   |   2751.562500   | 1.171875  | 2752.734375  |   2047    |   11111111111    |    7ff    | YES
  2350   |   2752.734375   | 1.171875  | 2753.906250  |   2047    |   11111111111    |    7ff    | YES
  2351   |   2753.906250   | 1.171875  | 2755.078125  |   2047    |   11111111111    |    7ff    | YES
  2352   |   2755.078125   | 1.171875  | 2756.250000  |   2047    |   11111111111    |    7ff    | YES
  2353   |   2756.250000   | 1.171875  | 2757.421875  |   2047    |   11111111111    |    7ff    | YES
  2354   |   2757.421875   | 1.171875  | 2758.593750  |   2047    |   11111111111    |    7ff    | YES
  2355   |   2758.593750   | 1.171875  | 2759.765625  |   2047    |   11111111111    |    7ff    | YES
  2356   |   2759.765625   | 1.171875  | 2760.937500  |   2047    |   11111111111    |    7ff    | YES
  2357   |   2760.937500   | 1.171875  | 2762.109375  |   2047    |   11111111111    |    7ff    | YES
  2358   |   2762.109375   | 1.171875  | 2763.281250  |   2047    |   11111111111    |    7ff    | YES
  2359   |   2763.281250   | 1.171875  | 2764.453125  |   2047    |   11111111111    |    7ff    | YES
  2360   |   2764.453125   | 1.171875  | 2765.625000  |   2047    |   11111111111    |    7ff    | YES
  2361   |   2765.625000   | 1.171875  | 2766.796875  |   2047    |   11111111111    |    7ff    | YES
  2362   |   2766.796875   | 1.171875  | 2767.968750  |   2047    |   11111111111    |    7ff    | YES
  2363   |   2767.968750   | 1.171875  | 2769.140625  |   2047    |   11111111111    |    7ff    | YES
  2364   |   2769.140625   | 1.171875  | 2770.312500  |   2047    |   11111111111    |    7ff    | YES
  2365   |   2770.312500   | 1.171875  | 2771.484375  |   2047    |   11111111111    |    7ff    | YES
  2366   |   2771.484375   | 1.171875  | 2772.656250  |   2047    |   11111111111    |    7ff    | YES
  2367   |   2772.656250   | 1.171875  | 2773.828125  |   2047    |   11111111111    |    7ff    | YES
  2368   |   2773.828125   | 1.171875  | 2775.000000  |   2047    |   11111111111    |    7ff    | YES
  2369   |   2775.000000   | 1.171875  | 2776.171875  |   2047    |   11111111111    |    7ff    | YES
  2370   |   2776.171875   | 1.171875  | 2777.343750  |   2047    |   11111111111    |    7ff    | YES
  2371   |   2777.343750   | 1.171875  | 2778.515625  |   2047    |   11111111111    |    7ff    | YES
  2372   |   2778.515625   | 1.171875  | 2779.687500  |   2047    |   11111111111    |    7ff    | YES
  2373   |   2779.687500   | 1.171875  | 2780.859375  |   2047    |   11111111111    |    7ff    | YES
  2374   |   2780.859375   | 1.171875  | 2782.031250  |   2047    |   11111111111    |    7ff    | YES
  2375   |   2782.031250   | 1.171875  | 2783.203125  |   2047    |   11111111111    |    7ff    | YES
  2376   |   2783.203125   | 1.171875  | 2784.375000  |   2047    |   11111111111    |    7ff    | YES
  2377   |   2784.375000   | 1.171875  | 2785.546875  |   2047    |   11111111111    |    7ff    | YES
  2378   |   2785.546875   | 1.171875  | 2786.718750  |   2047    |   11111111111    |    7ff    | YES
  2379   |   2786.718750   | 1.171875  | 2787.890625  |   2047    |   11111111111    |    7ff    | YES
  2380   |   2787.890625   | 1.171875  | 2789.062500  |   2047    |   11111111111    |    7ff    | YES
  2381   |   2789.062500   | 1.171875  | 2790.234375  |   2047    |   11111111111    |    7ff    | YES
  2382   |   2790.234375   | 1.171875  | 2791.406250  |   2047    |   11111111111    |    7ff    | YES
  2383   |   2791.406250   | 1.171875  | 2792.578125  |   2047    |   11111111111    |    7ff    | YES
  2384   |   2792.578125   | 1.171875  | 2793.750000  |   2047    |   11111111111    |    7ff    | YES
  2385   |   2793.750000   | 1.171875  | 2794.921875  |   2047    |   11111111111    |    7ff    | YES
  2386   |   2794.921875   | 1.171875  | 2796.093750  |   2047    |   11111111111    |    7ff    | YES
  2387   |   2796.093750   | 1.171875  | 2797.265625  |   2047    |   11111111111    |    7ff    | YES
  2388   |   2797.265625   | 1.171875  | 2798.437500  |   2047    |   11111111111    |    7ff    | YES
  2389   |   2798.437500   | 1.171875  | 2799.609375  |   2047    |   11111111111    |    7ff    | YES
  2390   |   2799.609375   | 1.171875  | 2800.781250  |   2047    |   11111111111    |    7ff    | YES
  2391   |   2800.781250   | 1.171875  | 2801.953125  |   2047    |   11111111111    |    7ff    | YES
  2392   |   2801.953125   | 1.171875  | 2803.125000  |   2047    |   11111111111    |    7ff    | YES
  2393   |   2803.125000   | 1.171875  | 2804.296875  |   2047    |   11111111111    |    7ff    | YES
  2394   |   2804.296875   | 1.171875  | 2805.468750  |   2047    |   11111111111    |    7ff    | YES
  2395   |   2805.468750   | 1.171875  | 2806.640625  |   2047    |   11111111111    |    7ff    | YES
  2396   |   2806.640625   | 1.171875  | 2807.812500  |   2047    |   11111111111    |    7ff    | YES
  2397   |   2807.812500   | 1.171875  | 2808.984375  |   2047    |   11111111111    |    7ff    | YES
  2398   |   2808.984375   | 1.171875  | 2810.156250  |   2047    |   11111111111    |    7ff    | YES
  2399   |   2810.156250   | 1.171875  | 2811.328125  |   2047    |   11111111111    |    7ff    | YES
  2400   |   2811.328125   | 1.171875  | 2812.500000  |   2047    |   11111111111    |    7ff    | YES
=======================================================================================================
Done at time 2403000 ns. Errors = 0
aux_rx_adc.v:107: $finish called at 2403000000 (1ps)
